<?xml version="1.0" encoding="UTF-8"?>
<kml xmlns="http://www.opengis.net/kml/2.2" xmlns:gx="http://www.google.com/kml/ext/2.2" xmlns:globalmapper="http://www.bluemarblegeo.com/globalmapper">
<Document>
  <!-- Begin Style Definitions -->
  <Style id="area1">
    <LineStyle>
      <color>FFFF00FF</color>
      <width>1</width>
    </LineStyle>
    <PolyStyle>
      <color>BF000000</color>
      <fill>0</fill>
      <outline>1</outline>
    </PolyStyle>
  </Style>
  <Style id="point1">
    <IconStyle><Icon><href>kml_symbol_no symbol_0.png</href></Icon></IconStyle>
  </Style>
  <Folder>
    <name>Point Features</name>
    <description>Point Features</description>
    <Placemark>
      <description><![CDATA[CROPLINE_COAL_2025_BDY_PIT<BR><BR><B>ELEVATION</B> = 0]]></description>
      <name>PIT J</name>
      <styleUrl>#point1</styleUrl>
      <Point>
        <altitudeMode>clampToGround</altitudeMode>
        <extrude>0</extrude>
        <coordinates>117.2430518933,1.8977208682,0</coordinates>
      </Point>
    </Placemark>
    <Placemark>
      <description><![CDATA[CROPLINE_COAL_2025_BDY_PIT<BR><BR><B>ELEVATION</B> = 0]]></description>
      <name>PIT JH</name>
      <styleUrl>#point1</styleUrl>
      <Point>
        <altitudeMode>clampToGround</altitudeMode>
        <extrude>0</extrude>
        <coordinates>117.2610908562,1.8878558733,0</coordinates>
      </Point>
    </Placemark>
    <Placemark>
      <description><![CDATA[CROPLINE_COAL_2025_BDY_PIT<BR><BR><B>ELEVATION</B> = 0]]></description>
      <name>PIT JH</name>
      <styleUrl>#point1</styleUrl>
      <Point>
        <altitudeMode>clampToGround</altitudeMode>
        <extrude>0</extrude>
        <coordinates>117.2439750970,1.8888418255,0</coordinates>
      </Point>
    </Placemark>
    <Placemark>
      <description><![CDATA[CROPLINE_COAL_2025_BDY_PIT<BR><BR><B>ELEVATION</B> = 0]]></description>
      <name>PIT JA</name>
      <styleUrl>#point1</styleUrl>
      <Point>
        <altitudeMode>clampToGround</altitudeMode>
        <extrude>0</extrude>
        <coordinates>117.2450099754,1.8828917760,0</coordinates>
      </Point>
    </Placemark>
    <Placemark>
      <description><![CDATA[CROPLINE_COAL_2025_BDY_PIT<BR><BR><B>ELEVATION</B> = 0]]></description>
      <name>PIT JA</name>
      <styleUrl>#point1</styleUrl>
      <Point>
        <altitudeMode>clampToGround</altitudeMode>
        <extrude>0</extrude>
        <coordinates>117.2576515446,1.8797853656,0</coordinates>
      </Point>
    </Placemark>
    <Placemark>
      <description><![CDATA[CROPLINE_COAL_2025_BDY_PIT<BR><BR><B>ELEVATION</B> = 0]]></description>
      <name>PIT CD</name>
      <styleUrl>#point1</styleUrl>
      <Point>
        <altitudeMode>clampToGround</altitudeMode>
        <extrude>0</extrude>
        <coordinates>117.2745428087,1.8885665317,0</coordinates>
      </Point>
    </Placemark>
    <Placemark>
      <description><![CDATA[CROPLINE_COAL_2025_BDY_PIT<BR><BR><B>ELEVATION</B> = 0]]></description>
      <name>PIT Z EAST</name>
      <styleUrl>#point1</styleUrl>
      <Point>
        <altitudeMode>clampToGround</altitudeMode>
        <extrude>0</extrude>
        <coordinates>117.3009495145,1.9328391450,0</coordinates>
      </Point>
    </Placemark>
    <Placemark>
      <description><![CDATA[CROPLINE_COAL_2025_BDY_PIT<BR><BR><B>ELEVATION</B> = 0]]></description>
      <name>PIT Z WEST</name>
      <styleUrl>#point1</styleUrl>
      <Point>
        <altitudeMode>clampToGround</altitudeMode>
        <extrude>0</extrude>
        <coordinates>117.2883166641,1.9291477315,0</coordinates>
      </Point>
    </Placemark>
    <Placemark>
      <description><![CDATA[CROPLINE_COAL_2025_BDY_PIT<BR><BR><B>ELEVATION</B> = 0]]></description>
      <name>PIT ZX</name>
      <styleUrl>#point1</styleUrl>
      <Point>
        <altitudeMode>clampToGround</altitudeMode>
        <extrude>0</extrude>
        <coordinates>117.2724197099,1.9279675983,0</coordinates>
      </Point>
    </Placemark>
    <Placemark>
      <description><![CDATA[CROPLINE_COAL_2025_BDY_PIT<BR><BR><B>ELEVATION</B> = 0]]></description>
      <name>PIT C2</name>
      <styleUrl>#point1</styleUrl>
      <Point>
        <altitudeMode>clampToGround</altitudeMode>
        <extrude>0</extrude>
        <coordinates>117.3192903652,1.9420400377,0</coordinates>
      </Point>
    </Placemark>
    <Placemark>
      <description><![CDATA[CROPLINE_COAL_2025_BDY_PIT<BR><BR><B>ELEVATION</B> = 22.863]]></description>
      <name>PIT C2</name>
      <styleUrl>#point1</styleUrl>
      <Point>
        <altitudeMode>clampToGround</altitudeMode>
        <extrude>0</extrude>
        <coordinates>117.3259092328,1.9469971224,22.863</coordinates>
      </Point>
    </Placemark>
  </Folder>
  <Folder>
    <name>Area Features</name>
    <description>Area Features</description>
    <Placemark>
      <description>CROPLINE_COAL_2025_BDY_PIT</description>
      <styleUrl>#area1</styleUrl>
      <Polygon>
        <altitudeMode>relativeToGround</altitudeMode>
        <extrude>1</extrude>
        <outerBoundaryIs>
          <LinearRing>
            <coordinates>
              117.2559800752,1.8785407849,40
              117.2560300892,1.8785339922,40
              117.2560300892,1.8785339922,39.749
              117.2561076471,1.8785793578,41.318
              117.2561852050,1.8786247233,39.349
              117.2562138677,1.8786413997,38.533
              117.2562138677,1.8786413997,38.534
              117.2562711924,1.8786700876,37.494
              117.2563307667,1.8787099427,36.184
              117.2563909012,1.8787386302,35.397
              117.2564296799,1.8787591219,34.687
              117.2564707069,1.8787828645,33.881
              117.2565533214,1.8788205958,33.131
              117.2566421184,1.8788644047,32.261
              117.2567033797,1.8789120344,31.756
              117.2567303615,1.8789630619,29.821
              117.2567601501,1.8789927433,28.82
              117.2568067961,1.8790122443,28.747
              117.2568427657,1.8790378254,28.506
              117.2568652468,1.8790547854,28.256
              117.2569163903,1.8790857360,27.731
              117.2569894513,1.8791230446,27.877
              117.2570540827,1.8791592235,27.794
              117.2570681327,1.8791647345,27.802
              117.2570934223,1.8791723643,27.855
              117.2571338854,1.8791829604,27.857
              117.2571777197,1.8791894565,28.006
              117.2572181812,1.8791891678,27.921
              117.2572305447,1.8791905796,27.88
              117.2572901109,1.8791751624,27.997
              117.2572979789,1.8791784125,27.963
              117.2573305713,1.8791675229,27.87
              117.2573946337,1.8791556390,27.517
              117.2574255400,1.8791429119,28.02
              117.2574575684,1.8791177448,28.805
              117.2574907178,1.8790723629,30.21
              117.2575120657,1.8790262760,31.961
              117.2575513910,1.8789421602,34.573
              117.2575946543,1.8788868815,36.182
              117.2576401667,1.8788399428,37.288
              117.2576109439,1.8788362717,36.258
              117.2575215903,1.8788293583,34.153
              117.2574378550,1.8788133969,31.526
              117.2573541217,1.8788105820,31.997
              117.2572692645,1.8788088983,32.751
              117.2572141891,1.8787901054,31.085
              117.2571596760,1.8787737155,29.999
              117.2571596760,1.8787737155,30
              117.2571596760,1.8787737155,30
              117.2571596760,1.8787737155,30
              117.2571551791,1.8787658000,30
              117.2571585476,1.8787431817,30
              117.2571641651,1.8787284792,30
              117.2571641651,1.8787284792,30
              117.2571102147,1.8787170370,30
              117.2571641651,1.8787284792,30
              117.2569826444,1.8786899145,27.714
              117.2569472295,1.8786142914,27.376
              117.2569236197,1.8785646771,27.376
              117.2568927027,1.8785043204,27.691
              117.2568527929,1.8784343524,28.978
              117.2568291780,1.8783498218,30.109
              117.2568162419,1.8782754677,29.284
              117.2568072396,1.8782006889,27.621
              117.2567943024,1.8781188426,26.464
              117.2568251974,1.8780287908,26.458
              117.2569139624,1.8778534897,27.545
              117.2569268874,1.8778523569,27.761
              117.2569516131,1.8778465574,28.114
              117.2569971287,1.8778220952,28.361
              117.2570578153,1.8777829291,29.111
              117.2570960226,1.8777391014,30.837
              117.2571370387,1.8776887707,32.514
              117.2571842360,1.8776346224,34.075
              117.2572218796,1.8775797686,36.039
              117.2572449142,1.8775387704,37.199
              117.2572954832,1.8774844802,38.775
              117.2573409959,1.8774399446,40.152
              117.2574168523,1.8773785826,41.936
              117.2574803493,1.8773435156,42.782
              117.2575185594,1.8773189130,43.55
              117.2575567680,1.8772848393,44.719
              117.2575960988,1.8772384670,46.505
              117.2576416100,1.8771833293,48.422
              117.2577011725,1.8771434566,49.612
              117.2577584900,1.8771228093,50.037
              117.2578056900,1.8770881688,50.981
              117.2578394009,1.8770401010,52.909
              117.2578821009,1.8769761993,55.118
              117.2579304200,1.8769080560,57.238
              117.2579854835,1.8768459902,58.878
              117.2580186325,1.8767989120,60.352
              117.2580602115,1.8767549424,61.381
              117.2580843679,1.8766995252,63.393
              117.2580781751,1.8766230497,65.761
              117.2581034507,1.8765358260,68.394
              117.2581377211,1.8764710774,70.047
              117.2581910976,1.8764010956,71.557
              117.2582523439,1.8763475106,72.305
              117.2583147167,1.8763108888,73.14
              117.2583675365,1.8762768128,74.088
              117.2584203621,1.8762828835,73.027
              117.2585108400,1.8762934722,72.418
              117.2585793999,1.8762941688,72.432
              117.2585956966,1.8762924700,72.435
              117.2586884200,1.8762859536,72.91
              117.2587839550,1.8762924420,72.717
              117.2588693766,1.8763117958,72.607
              117.2589452447,1.8763312924,72.374
              117.2589744678,1.8763369425,72.357
              117.2590295415,1.8763448505,72.35
              117.2590896728,1.8763513442,72.437
              117.2591436217,1.8763528911,72.749
              117.2591857683,1.8763480785,73.109
              117.2592436472,1.8763237558,74.176
              117.2593127664,1.8763067821,74.699
              117.2593779499,1.8762762384,75.96
              117.2594459447,1.8762560135,76.656
              117.2595088810,1.8762302764,77.849
              117.2595740650,1.8762036907,79.048
              117.2596544187,1.8761540609,81.252
              117.2597285980,1.8761530603,81.273
              117.2598218846,1.8761558736,81.883
              117.2598825784,1.8761664667,82.442
              117.2599073049,1.8761666043,82.511
              117.2599561956,1.8761644766,82.893
              117.2600455474,1.8761602224,82.657
              117.2600534221,1.8762088495,83.902
              117.2600680464,1.8762981877,81.693
              117.2600568180,1.8763722627,79.356
              117.2600292923,1.8764437956,77.228
              117.2600804405,1.8765069764,75.24
              117.2600956199,1.8765499480,74.336
              117.2601237224,1.8765790642,73.655
              117.2601473290,1.8766064848,72.832
              117.2601613801,1.8766194879,72.45
              117.2601804940,1.8766676893,71.453
              117.2601928629,1.8767055722,70.757
              117.2602215358,1.8767913742,69.26
              117.2602732407,1.8768189320,68.091
              117.2603120276,1.8768956853,66.305
              117.2603451909,1.8769450154,64.968
              117.2603777891,1.8769738483,63.971
              117.2604042040,1.8769903836,63.515
              117.2604671492,1.8770250077,63.524
              117.2605098677,1.8770863521,62.396
              117.2605345984,1.8771154688,61.496
              117.2605553955,1.8771450102,60.811
              117.2605632637,1.8771496739,60.602
              117.2605806854,1.8771547603,60.302
              117.2606245293,1.8772261412,58.129
              117.2606329632,1.8772559672,57.521
              117.2606290335,1.8772832505,56.269
              117.2606206140,1.8773506811,53.837
              117.2606178083,1.8773783883,52.64
              117.2606150024,1.8774049646,51.415
              117.2606144417,1.8774140118,50.953
              117.2606138810,1.8774222109,50.534
              117.2606138814,1.8774250381,50.387
              117.2606133206,1.8774326717,50
              117.2606133206,1.8774326717,50
              117.2606476034,1.8774525985,50
              117.2606543476,1.8774564142,50
              117.2606695249,1.8774849670,48.977
              117.2606740212,1.8774887830,48.73
              117.2606830144,1.8775009388,48.201
              117.2606908844,1.8775174768,47.662
              117.2606987546,1.8775358526,47.083
              117.2607049381,1.8775484329,46.66
              117.2607111217,1.8775617199,46.22
              117.2607251788,1.8776154351,44.112
              117.2607493478,1.8776458241,43.37
              117.2608257893,1.8777410902,41.075
              117.2608263513,1.8777416555,41.064
              117.2608263513,1.8777416555,41.061
              117.2608269133,1.8777419381,41.055
              117.2609050376,1.8778164238,39.079
              117.2609185266,1.8778290029,38.746
              117.2609190887,1.8778294269,38.735
              117.2609190887,1.8778295683,38.732
              117.2609190887,1.8778295683,38.732
              117.2609224612,1.8778342327,38.592
              117.2609421339,1.8778605230,37.806
              117.2609455062,1.8778641979,37.685
              117.2609505647,1.8778694275,37.523
              117.2609505647,1.8778698515,37.51
              117.2610073307,1.8779200263,36.092
              117.2610078928,1.8779205916,36.079
              117.2610078928,1.8779205916,36.078
              117.2610078928,1.8779205916,36.078
              117.2610078928,1.8779205916,36.078
              117.2610078928,1.8779205916,36.078
              117.2610084548,1.8779208743,36.069
              117.2610095788,1.8779214395,36.054
              117.2610787042,1.8779458847,35.523
              117.2610775805,1.8779477225,35.537
              117.2610764569,1.8779495604,35.466
              117.2610674669,1.8779598811,35.079
              117.2610669051,1.8779605880,35.047
              117.2610657813,1.8779618604,35
              117.2610264507,1.8780086569,33.287
              117.2610090329,1.8780295810,32.517
              117.2610084711,1.8780308533,32.474
              117.2610073473,1.8780317017,32.44
              117.2609517225,1.8780980085,30
              117.2609410470,1.8781103085,29.558
              117.2609314953,1.8781220429,29.127
              117.2609314953,1.8781220429,29.128
              117.2609354265,1.8781046549,29.717
              117.2609298068,1.8781046557,29.687
              117.2607966218,1.8781107543,28.819
              117.2607797627,1.8781094846,28.775
              117.2607612175,1.8781072256,28.758
              117.2607612175,1.8781072256,28.758
              117.2607314475,1.8782029316,25.515
              117.2606842407,1.8781914884,25.596
              117.2606797470,1.8782056252,25.116
              117.2606791853,1.8782073217,25.058
              117.2606786236,1.8782090181,25
              117.2606555936,1.8782805503,22.647
              117.2606516617,1.8782932734,22.241
              117.2606533535,1.8783325716,21.066
              117.2606466110,1.8783399234,22.633
              117.2606128981,1.8783742793,29.956
              117.2606128981,1.8783745620,29.984
              117.2606128982,1.8783747034,30
              117.2605656969,1.8784011450,30
              117.2605640145,1.8784244699,30
              117.2605617712,1.8784551456,30
              117.2605404240,1.8785058975,37.998
              117.2604505116,1.8785200471,39.309
              117.2603870108,1.8785291038,40
              117.2602914846,1.8785835422,40
              117.2602077538,1.8785975495,41.423
              117.2601240225,1.8786088709,42.197
              117.2600397296,1.8786220301,43.407
              117.2599559986,1.8786354720,44.714
              117.2598722681,1.8786514584,46.605
              117.2597879747,1.8786619317,47.389
              117.2597334646,1.8786658980,47.213
              117.2597334646,1.8786658980,47.213
              117.2597374041,1.8787047717,45.909
              117.2597126917,1.8788003357,43.247
              117.2597115710,1.8788223882,42.519
              117.2597222551,1.8788677636,40.809
              117.2597290065,1.8789209144,38.804
              117.2597655401,1.8789597833,38.008
              117.2597874662,1.8790235340,35.982
              117.2598105175,1.8790959075,33.861
              117.2598571584,1.8790806335,34.61
              117.2599200973,1.8790714356,35.14
              117.2599560635,1.8790739747,34.985
              117.2599948405,1.8790834401,34.895
              117.2600397994,1.8790944596,34.511
              117.2601229733,1.8791139550,32.855
              117.2601724240,1.8790983978,32.999
              117.2602449109,1.8790528686,34.886
              117.2603072852,1.8790264247,35.928
              117.2603477428,1.8789992773,37.079
              117.2604044909,1.8789287295,40.213
              117.2604685557,1.8789335262,40.18
              117.2605478046,1.8790125352,34.255
              117.2605584863,1.8790413713,32.711
              117.2605629839,1.8790540932,32.408
              117.2605697289,1.8790637047,32.196
              117.2605938986,1.8790986173,31.431
              117.2606399895,1.8791637780,30
              117.2606680884,1.8791677319,30
              117.2606731461,1.8791681552,30
              117.2606956251,1.8791701309,30
              117.2607259772,1.8792105556,28.954
              117.2607366568,1.8792255383,28.563
              117.2607445259,1.8792364220,28.279
              117.2607529571,1.8792477296,27.982
              117.2607613884,1.8792598854,27.66
              117.2607821855,1.8792891441,26.933
              117.2608136622,1.8793338095,25.818
              117.2608142243,1.8793346576,25.796
              117.2608198451,1.8793424316,25.589
              117.2608254660,1.8793503470,25.379
              117.2608294017,1.8793639171,25
              117.2608485189,1.8794336053,23.071
              117.2608552661,1.8794576357,22.403
              117.2608580776,1.8794692269,22.081
              117.2608946169,1.8795464047,20
              117.2609120382,1.8795486639,20
              117.2609412610,1.8795523349,20
              117.2609446328,1.8795526171,20
              117.2609412610,1.8795523349,20
              117.2609446328,1.8795526171,20
              117.2610075931,1.8796877490,16.388
              117.2610098416,1.8796921309,16.272
              117.2610098417,1.8796926963,16.257
              117.2610098449,1.8797141832,15.662
              117.2610092845,1.8797246440,15.381
              117.2610087225,1.8797246441,15.378
              117.2610064746,1.8797246445,15.367
              117.2610053508,1.8797253514,15.347
              117.2609986078,1.8797291692,15.226
              117.2610019803,1.8797342577,15.094
              117.2610047907,1.8797380740,15
              117.2610194049,1.8797587106,14.508
              117.2610233385,1.8797575791,14.55
              117.2610261484,1.8797578614,14.555
              117.2610267104,1.8797578613,14.556
              117.2610390737,1.8797585663,14.58
              117.2610531230,1.8797594123,14.607
              117.2610840368,1.8797972925,14
              117.2612700523,1.8798286467,14
              117.2618404646,1.8799396707,14
              117.2623799694,1.8800549400,14
              117.2626693896,1.8801056450,14
              117.2624215695,1.8801526144,11.333
              117.2623080624,1.8802202022,10
              117.2620748624,1.8803279547,20
              117.2621675901,1.8803494276,20
              117.2620765617,1.8804180016,30
              117.2622653887,1.8804600987,30
              117.2619877952,1.8805800150,40
              117.2620805229,1.8806014879,40
              117.2620895163,1.8806144918,43.57
              117.2620209582,1.8806269419,42.116
              117.2619383527,1.8806507031,42.325
              117.2618557473,1.8806754538,42.835
              117.2617742662,1.8807024661,43.871
              117.2616922231,1.8807294785,44.903
              117.2616152376,1.8807559246,46.089
              117.2615697242,1.8807956540,47.319
              117.2615022968,1.8808527741,50
              117.2615034218,1.8808601248,50
              117.2614775787,1.8809094637,50
              117.2614399298,1.8809291186,51.428
              117.2613635064,1.8809558474,53.489
              117.2612870827,1.8809814453,55.264
              117.2612112212,1.8810083154,57.368
              117.2611336727,1.8810278349,57.692
              117.2610555618,1.8810441032,57.229
              117.2609763264,1.8810574031,56.034
              117.2608948419,1.8810616562,52.635
              117.2608144818,1.8810690191,50
              117.2608127951,1.8810639303,50
              117.2607858156,1.8810293009,50
              117.2607284955,1.8810331262,47.766
              117.2606397065,1.8810444485,45.595
              117.2605531667,1.8810656657,45.858
              117.2604655029,1.8810858935,45.791
              117.2603812097,1.8810976391,45.476
              117.2602969161,1.8811075471,44.709
              117.2602126222,1.8811146278,43.305
              117.2601277659,1.8811195882,41.378
              117.2600457219,1.8811403806,43.251
              117.2599631157,1.8811603249,44.916
              117.2598805092,1.8811778661,46.01
              117.2597967781,1.8811907425,46.01
              117.2597130468,1.8812026294,45.724
              117.2596287529,1.8812106996,44.547
              117.2595444591,1.8812184871,43.296
              117.2594601652,1.8812259918,42.009
              117.2593753089,1.8812306694,40
              117.2593404610,1.8811902453,40
              117.2593264120,1.8811916610,39.809
              117.2592438016,1.8811833331,39.003
              117.2591656861,1.8811686432,36.585
              117.2590875706,1.8811543773,34.303
              117.2590088949,1.8811518446,34.816
              117.2589302184,1.8811439401,34.032
              117.2588521036,1.8811344806,32.858
              117.2587728651,1.8811268589,32.154
              117.2586891303,1.8811144316,31.829
              117.2586059570,1.8810997424,30.973
              117.2585216606,1.8810905665,31.399
              117.2584379263,1.8810815318,31.891
              117.2583558772,1.8810686802,31.431
              117.2582693339,1.8810657245,31.647
              117.2581844761,1.8810602240,31.22
              117.2580979329,1.8810578337,31.569
              117.2580125113,1.8810400349,32.538
              117.2579259666,1.8810274666,34.752
              117.2578382986,1.8810195634,38.132
              117.2578006466,1.8810181554,40
              117.2578085155,1.8810274841,40
              117.2578191990,1.8810694668,40
              117.2578191991,1.8810696082,40.036
              117.2577360278,1.8810687724,44.747
              117.2576500448,1.8810542249,46.475
              117.2575651852,1.8810367087,47.485
              117.2574797638,1.8810198994,48.672
              117.2573960274,1.8809968699,48.316
              117.2573122908,1.8809727096,47.725
              117.2572549671,1.8809519380,46.347
              117.2571875282,1.8809318747,45.708
              117.2571554873,1.8808718008,44.562
              117.2571245718,1.8808221876,44.508
              117.2570779186,1.8807540584,45.188
              117.2570301415,1.8806863534,46.215
              117.2569846126,1.8806204857,47.417
              117.2569396458,1.8805558903,48.599
              117.2568980505,1.8804891739,48.81
              117.2568536456,1.8804241543,49.744
              117.2568452144,1.8804119984,50
              117.2568137421,1.8803973015,50
              117.2567648456,1.8803604134,50
              117.2567547286,1.8803496715,50
              117.2567547286,1.8803496715,49.994
              117.2567266240,1.8803068432,50.368
              117.2566996431,1.8802621770,51.706
              117.2566698522,1.8802163803,53.462
              117.2566462367,1.8801278916,55.625
              117.2566349900,1.8800775686,56.247
              117.2566226184,1.8800207432,56.971
              117.2566231803,1.8800201777,56.888
              117.2565754028,1.8799495041,58.088
              117.2565298728,1.8798757202,58.36
              117.2564978329,1.8798224317,58.36
              117.2564624203,1.8797624997,58.325
              117.2564567871,1.8796696262,57.018
              117.2564466697,1.8796564811,57.303
              117.2564101342,1.8796036173,57.815
              117.2563775327,1.8795521666,57.619
              117.2563365007,1.8794943559,57.68
              117.2563072723,1.8794520932,57.68
              117.2562746714,1.8794054488,57.662
              117.2562611765,1.8793522989,57.137
              117.2562499301,1.8793040963,56.5
              117.2562414953,1.8792677677,55.972
              117.2562145149,1.8792262115,55.534
              117.2561706714,1.8791569509,54.705
              117.2561273901,1.8790888211,53.852
              117.2560874803,1.8790188531,51.963
              117.2560475705,1.8789486024,50
              117.2560610541,1.8789242863,50
              117.2560801589,1.8789098646,50
              117.2561054459,1.8788999656,50
              117.2561065699,1.8789001068,50
              117.2561217381,1.8788670260,49.597
              117.2561374682,1.8788329556,49.143
              117.2560992439,1.8787603015,46.717
              117.2560604575,1.8786865166,44.217
              117.2560188616,1.8786145698,42.491
              117.2559800752,1.8785407849,40
            </coordinates>
          </LinearRing>
        </outerBoundaryIs>
      </Polygon>
    </Placemark>
    <Placemark>
      <description>CROPLINE_COAL_2025_BDY_PIT</description>
      <styleUrl>#area1</styleUrl>
      <Polygon>
        <altitudeMode>relativeToGround</altitudeMode>
        <extrude>1</extrude>
        <outerBoundaryIs>
          <LinearRing>
            <coordinates>
              117.2751954171,1.8967297481,-20.054
              117.2751836111,1.8967010537,-22.712
              117.2751695584,1.8966791450,-22.621
              117.2751229039,1.8966103096,-22.062
              117.2750779352,1.8965404844,-21.993
              117.2750329665,1.8964703765,-21.993
              117.2749840644,1.8964030965,-20.749
              117.2749374099,1.8963344024,-20.176
              117.2748913174,1.8962651429,-19.808
              117.2748424153,1.8961975801,-18.684
              117.2747946370,1.8961295930,-17.78
              117.2747485445,1.8960603334,-17.435
              117.2747013282,1.8959919222,-16.682
              117.2746580457,1.8959242172,-16.621
              117.2746102692,1.8958668322,-16.113
              117.2745596820,1.8958046414,-15.623
              117.2745113418,1.8957365130,-14.475
              117.2744686212,1.8956682424,-14.475
              117.2744247769,1.8956008202,-14.14
              117.2743843078,1.8955550256,-20
              117.2743629489,1.8955293013,-19.75
              117.2743269759,1.8954857678,-19.399
              117.2743162965,1.8954733298,-19.298
              117.2742960578,1.8954241393,-18.587
              117.2742623278,1.8953490820,-17.098
              117.2741943046,1.8951923233,-14.366
              117.2741639467,1.8951188204,-13.409
              117.2741420220,1.8950693475,-12.479
              117.2740841184,1.8949376082,-10
              117.2740650092,1.8949240406,-10
              117.2740222954,1.8948980369,-10
              117.2739644070,1.8948638367,-10
              117.2739537285,1.8948570531,-10
              117.2738098477,1.8947524688,-10
              117.2737255494,1.8947355188,-10
              117.2736974500,1.8947298689,-4.061
              117.2736968878,1.8947281726,-4.045
              117.2736845068,1.8946156511,-3.079
              117.2736519002,1.8945374836,-2.328
              117.2735951171,1.8943841158,-0.879
              117.2735816152,1.8942905369,0
              117.2735366587,1.8942981776,0
              117.2735046133,1.8942142142,5.561
              117.2734973009,1.8941712416,6.18
              117.2734911121,1.8941254415,6.375
              117.2735090878,1.8940790722,3.108
              117.2735163864,1.8940344010,2.285
              117.2735175033,1.8939891652,3.054
              117.2735180582,1.8939439296,3.857
              117.2735180511,1.8938985527,4.847
              117.2735174816,1.8938506314,5.955
              117.2735214079,1.8938031334,8.398
              117.2735242126,1.8937701958,10
              117.2735219642,1.8937666621,10
              117.2735067854,1.8937310416,10
              117.2735017270,1.8937266602,10
              117.2734949836,1.8937286403,10
              117.2734888024,1.8937314685,10
              117.2734899198,1.8936894841,12.664
              117.2734938471,1.8936484887,14.62
              117.2734899062,1.8936029711,18.695
              117.2734960834,1.8935744151,20
              117.2734988911,1.8935609854,20
              117.2734825914,1.8935441660,20
              117.2734634867,1.8935585879,20
              117.2734533714,1.8935601445,20
              117.2735269598,1.8933704262,21.573
              117.2735539232,1.8932991759,22.36
              117.2735808866,1.8932284911,23.113
              117.2735898728,1.8931945630,23.465
              117.2736039092,1.8931124299,24.264
              117.2736179455,1.8930295901,25.018
              117.2736280478,1.8929460441,26.755
              117.2736359022,1.8928617916,29.195
              117.2736381457,1.8928335190,30
              117.2735751994,1.8927977647,30
              117.2735735120,1.8927878697,30
              117.2735684524,1.8927758548,30
              117.2735667662,1.8927744414,30
              117.2735454112,1.8927731726,30
              117.2735347320,1.8927620067,30
              117.2735285479,1.8927467407,30
              117.2735246137,1.8927441968,30
              117.2735094408,1.8927458956,30
              117.2735038209,1.8927444828,30
              117.2734892076,1.8927310559,30
              117.2734852720,1.8927197476,30
              117.2734802138,1.8927167798,30
              117.2734729055,1.8926993936,30
              117.2734627894,1.8926955784,30
              117.2734509879,1.8926947321,30
              117.2734448045,1.8926834242,30
              117.2734335628,1.8926685831,30
              117.2734262552,1.8926561445,30
              117.2734037737,1.8926387606,30
              117.2733975903,1.8926275941,30
              117.2733981505,1.8926162851,30
              117.2734037695,1.8926120434,30
              117.2734043311,1.8926094988,30
              117.2734026449,1.8926073786,30
              117.2733953394,1.8926086520,30
              117.2733925295,1.8926078043,30
              117.2733649936,1.8926119081,30
              117.2733470083,1.8925974922,30
              117.2733335203,1.8925931121,30
              117.2733121612,1.8925659742,30
              117.2733138460,1.8925586231,30
              117.2733104738,1.8925559378,30
              117.2732997959,1.8925531123,30
              117.2732896785,1.8925409568,30
              117.2732801248,1.8925391206,30
              117.2732649506,1.8925326204,30
              117.2732317913,1.8925131178,30
              117.2731857069,1.8924948896,30
              117.2731795251,1.8924941837,30
              117.2731716554,1.8924806143,30
              117.2731531087,1.8924693084,30
              117.2731328770,1.8924646466,30
              117.2731317511,1.8924517830,30
              117.2731132042,1.8924396288,30
              117.2731064587,1.8924277556,30
              117.2730969037,1.8924185686,30
              117.2730862260,1.8924164499,30
              117.2730834163,1.8924177226,30
              117.2730727384,1.8924143316,30
              117.2730373312,1.8923944053,30
              117.2730249671,1.8923900251,30
              117.2730165376,1.8923901678,30
              117.2730047357,1.8923867770,30
              117.2729811326,1.8923843776,30
              117.2729642721,1.8923754745,30
              117.2729502233,1.8923780212,30
              117.2728957126,1.8923807157,30
              117.2728608667,1.8923562657,30
              117.2728479406,1.8923508961,30
              117.2728417577,1.8923431222,30
              117.2728400703,1.8923336512,30
              117.2728327662,1.8923434063,30
              117.2728277091,1.8923475066,30
              117.2728260243,1.8923547163,30
              117.2728192805,1.8923537278,30
              117.2727962416,1.8923653231,30
              117.2727889361,1.8923658897,30
              117.2727760101,1.8923615095,30
              117.2727715123,1.8923485050,30
              117.2727642075,1.8923538779,30
              117.2727563392,1.8923490729,30
              117.2727484706,1.8923422888,30
              117.2727467836,1.8923356451,30
              117.2727462203,1.8923273048,30
              117.2727580191,1.8923109051,30
              117.2727793741,1.8923116085,30
              117.2727883652,1.8923087799,30
              117.2727872398,1.8922995916,30
              117.2727900482,1.8922901199,30
              117.2727962315,1.8923007210,30
              117.2728158997,1.8922957703,30
              117.2728142119,1.8922841789,30
              117.2728153347,1.8922764039,30
              117.2728928815,1.8922445854,32.019
              117.2729704281,1.8922113533,34.333
              117.2730457260,1.8921726084,38.055
              117.2731266464,1.8921515328,37.374
              117.2731968864,1.8921117992,40.481
              117.2731732742,1.8920514417,41.773
              117.2731395431,1.8919691749,44.031
              117.2731018784,1.8918877568,47.112
              117.2730732049,1.8918039342,48.085
              117.2730467791,1.8917195458,48.497
              117.2730242869,1.8916338846,47.907
              117.2729933656,1.8915506278,49.34
              117.2729776237,1.8915070910,50
              117.2729169235,1.8914593206,50
              117.2728865647,1.8913797391,51.675
              117.2728528342,1.8913008649,54.029
              117.2728213516,1.8912217076,55.988
              117.2727904308,1.8911419849,57.656
              117.2727645676,1.8910611304,58.22
              117.2727342089,1.8909821143,59.784
              117.2727297114,1.8909710889,60
              117.2726853120,1.8909464990,60
              117.2726735097,1.8909404224,60
              117.2726448383,1.8908703118,61.426
              117.2726172909,1.8908002010,62.823
              117.2725897434,1.8907296662,64
              117.2725616340,1.8906595555,65.459
              117.2725413918,1.8905870404,64.935
              117.2725228354,1.8905138183,63.916
              117.2725211399,1.8904520438,60
              117.2725290063,1.8904448331,60
              117.2725245072,1.8904236296,60
              117.2725267539,1.8904158544,60
              117.2725447337,1.8903953542,60
              117.2725497911,1.8903929503,60
              117.2725593365,1.8903412106,54.04
              117.2721962886,1.8902394879,60
              117.2722024739,1.8902632356,60
              117.2722030378,1.8902751098,60
              117.2722002309,1.8902944767,60
              117.2721974217,1.8902985767,60
              117.2719894829,1.8902324524,65.146
              117.2718219978,1.8901152904,66.091
              117.2716640645,1.8899865353,66.091
              117.2715645654,1.8897899176,60.378
              117.2714853314,1.8898126892,60.884
              117.2714459972,1.8898365854,61.973
              117.2714038507,1.8898438015,61.982
              117.2713611422,1.8898510176,61.991
              117.2713189956,1.8898582336,62
              117.2712745990,1.8898513139,61.097
              117.2712622348,1.8898460855,60.952
              117.2712273890,1.8898220596,61.17
              117.2711936670,1.8897967612,61.291
              117.2711576974,1.8897741491,61.619
              117.2711228516,1.8897499818,61.83
              117.2710868815,1.8897235529,61.977
              117.2707490818,1.8893594596,60.465
              117.2705214804,1.8893340502,61.846
              117.2700375731,1.8889968383,62.353
              117.2692170272,1.8885328776,68.721
              117.2690793329,1.8884548677,69.174
              117.2690405739,1.8885641459,69.005
              117.2690299012,1.8885951057,68.957
              117.2686882166,1.8885453997,70
              117.2685224340,1.8885332684,70.754
              117.2683527219,1.8885498340,73.364
              117.2681914307,1.8885092884,72.297
              117.2680273326,1.8884881097,72.468
              117.2677963626,1.8884827738,74.259
              117.2676305602,1.8883414383,72.293
              117.2675322027,1.8882564955,71.069
              117.2674360926,1.8881684423,69.611
              117.2673326786,1.8880916992,69.018
              117.2670364970,1.8879337032,68.986
              117.2670842875,1.8880852350,70
              117.2668297294,1.8881751800,70
              117.2668128640,1.8881337638,70
              117.2667959987,1.8880924889,70
              117.2667796953,1.8880512140,70
              117.2667628300,1.8880099391,70
              117.2667459646,1.8879685229,70
              117.2667290992,1.8879272480,69.987
              117.2667133578,1.8878855489,69.76
              117.2666976163,1.8878439911,69.534
              117.2666807509,1.8878025749,69.483
              117.2666621998,1.8877620071,69.986
              117.2666470202,1.8877200252,69.56
              117.2666318407,1.8876780432,69.083
              117.2666116037,1.8876380411,70
              117.2665947384,1.8875967663,70
              117.2665778730,1.8875553500,70
              117.2665615696,1.8875139337,69.883
              117.2665480759,1.8874715274,69.108
              117.2665340203,1.8874291212,68.333
              117.2665222124,1.8873860079,67.142
              117.2665149000,1.8873413389,64.749
              117.2665008443,1.8872989327,64
              117.2664817312,1.8872585063,64.634
              117.2664592465,1.8872192114,66.085
              117.2664418192,1.8871780780,66.191
              117.2664260778,1.8871365202,66
              117.2664114602,1.8870942554,65.394
              117.2663985284,1.8870517077,64.485
              117.2663912160,1.8870070387,62.109
              117.2663855894,1.8869615213,59.234
              117.2663749054,1.8869178423,57.636
              117.2663625356,1.8868751531,56.629
              117.2663467941,1.8868333126,56.277
              117.2663288049,1.8867924620,56.588
              117.2663085680,1.8867523185,57.433
              117.2662888929,1.8867120336,58.149
              117.2662725896,1.8866706173,58.078
              117.2662607817,1.8866275039,56.84
              117.2662495357,1.8865842491,55.404
              117.2662388517,1.8865405702,53.83
              117.2662236722,1.8864987296,53.463
              117.2662068069,1.8864574547,53.481
              117.2661865700,1.8864175940,54.436
              117.2661674569,1.8863770263,55.019
              117.2660780774,1.8862023176,60
              117.2660657149,1.8862074085,60
              117.2660336834,1.8862122197,59.817
              117.2660151323,1.8861716519,62.068
              117.2659965812,1.8861310840,64.391
              117.2659780301,1.8860906576,66.726
              117.2659622888,1.8860495239,68.409
              117.2659465474,1.8860083902,70
              117.2659375495,1.8859658419,70.05
              117.2659274276,1.8859235764,70.281
              117.2659167438,1.8858814524,70.724
              117.2659038122,1.8858396115,71.624
              117.2658931284,1.8857974875,72
              117.2658841305,1.8857549391,72
              117.2658751326,1.8857123908,72
              117.2658700683,1.8856689937,71.085
              117.2658756810,1.8856233332,67.469
              117.2658824177,1.8855775311,63.641
              117.2658824113,1.8855358295,61.391
              117.2658857815,1.8855248028,60
              117.2659189365,1.8855174470,60
              117.2659290500,1.8855048643,60
              117.2659458936,1.8854030816,50
              117.2659672456,1.8853849841,50
              117.2659874760,1.8853818710,50
              117.2659880139,1.8852238291,41.18
              117.2659683401,1.8851913191,39.806
              117.2659497888,1.8851491963,38.556
              117.2659295516,1.8851072151,37.196
              117.2659194295,1.8850632533,36.718
              117.2659171747,1.8850177354,36.88
              117.2659233492,1.8849705198,37.76
              117.2659328993,1.8849483246,38.742
              117.2659278378,1.8849235871,38.522
              117.2659081626,1.8848816059,40.812
              117.2658929830,1.8848386344,42
              117.2658901662,1.8847932579,40.182
              117.2658749866,1.8847502864,41.251
              117.2658699221,1.8847053343,40
              117.2658592380,1.8846613726,40
              117.2658575452,1.8846158546,37.967
              117.2658519187,1.8845710439,36.796
              117.2658451683,1.8845258094,35.83
              117.2658485336,1.8844829764,35.475
              117.2658485271,1.8844404267,35.722
              117.2658490826,1.8843978769,36
              117.2658502001,1.8843553270,36
              117.2658518796,1.8843127770,36
              117.2658535590,1.8842703684,35.896
              117.2658591723,1.8842281005,34.931
              117.2658653476,1.8841859739,33.807
              117.2658681510,1.8841435651,33.45
              117.2658675825,1.8841008741,34
              117.2658692620,1.8840583242,33.932
              117.2658743133,1.8840160564,33.086
              117.2658877929,1.8839661538,30.288
              117.2658602514,1.8839320900,27.512
              117.2658523776,1.8838912378,26.761
              117.2658456275,1.8838479823,26.077
              117.2658450589,1.8838043018,25.939
              117.2658456142,1.8837604797,25.912
              117.2658467315,1.8837166576,25.906
              117.2658478488,1.8836728354,25.905
              117.2658427845,1.8836294383,25.397
              117.2658371583,1.8835861826,24.83
              117.2658337799,1.8835426439,24.452
              117.2658304015,1.8834992465,24.074
              117.2658303948,1.8834554245,23.982
              117.2658371317,1.8834111775,24.46
              117.2658461172,1.8833713122,25.125
              117.2658461169,1.8833697572,25.112
              117.2658455545,1.8833667887,25.195
              117.2658371185,1.8833236749,26
              117.2658303682,1.8832797126,26.366
              117.2658281180,1.8832641632,27.395
              117.2658016972,1.8832088950,29.419
              117.2657882078,1.8831949023,30
              117.2657758464,1.8832069199,30
              117.2657606737,1.8832096081,30
              117.2657505598,1.8832197876,30
              117.2656847997,1.8831543475,33.337
              117.2656853618,1.8831549128,33.305
              117.2656847997,1.8831543475,33.337
              117.2656252226,1.8830972467,36.73
              117.2655695799,1.8830448102,40
              117.2655442991,1.8830958455,40
              117.2655347508,1.8831297736,40
              117.2655308265,1.8831925386,40
              117.2655431965,1.8832370655,40
              117.2654836194,1.8831801061,43.362
              117.2654178629,1.8831379905,50
              117.2654173099,1.8831976450,50
              117.2654189986,1.8832157390,50
              117.2653549263,1.8831627383,54.864
              117.2652942254,1.8831070513,58.638
              117.2652633124,1.8830751084,60
              117.2652436436,1.8830753942,60
              117.2652116123,1.8830809121,60
              117.2651514727,1.8830207015,63.048
              117.2650913331,1.8829603494,66.017
              117.2650334412,1.8828987248,68.457
              117.2649789206,1.8828342724,69.805
              117.2649249598,1.8827546943,68.912
              117.2649193285,1.8826777946,69.747
              117.2649024613,1.8826236559,67.862
              117.2648782836,1.8825362983,64.023
              117.2648659104,1.8824705672,60.001
              117.2648771475,1.8824557226,60
              117.2648962505,1.8824304160,60
              117.2648940003,1.8824145839,58.989
              117.2648872515,1.8823802342,56.875
              117.2648838772,1.8823635540,55.843
              117.2648816272,1.8823498423,55
              117.2648765656,1.8823239740,53.378
              117.2648754410,1.8823191679,53.179
              117.2648686916,1.8822808600,51.85
              117.2648608175,1.8822377461,50.506
              117.2648596927,1.8822319504,50.31
              117.2648580052,1.8822214900,50
              117.2648641842,1.8822039602,50
              117.2648692410,1.8821975982,50
              117.2648832882,1.8821850149,50
              117.2648872216,1.8821824698,50
              117.2648866589,1.8821772395,50.005
              117.2648697950,1.8821447290,48.675
              117.2648208958,1.8820915847,47.064
              117.2648546099,1.8820655690,47.064
              117.2648894478,1.8820389878,47.064
              117.2649315929,1.8820225835,46.24
              117.2649681171,1.8819985465,46.032
              117.2650029550,1.8819719652,46.032
              117.2650377929,1.8819452426,46.032
              117.2650720689,1.8819186615,46.032
              117.2651069068,1.8818920803,46.032
              117.2651417447,1.8818653577,46.032
              117.2651664653,1.8818257727,47.071
              117.2652063619,1.8818059761,46.521
              117.2652451344,1.8817849073,46.084
              117.2652760378,1.8817529550,46.505
              117.2653114378,1.8817273632,46.418
              117.2653547070,1.8817123722,45.486
              117.2653884208,1.8816846603,45.578
              117.2654221346,1.8816566656,45.679
              117.2654530380,1.8816252787,46.069
              117.2654985554,1.8816128319,44.921
              117.2655283346,1.8815794661,45.471
              117.2655800349,1.8815750760,43.676
              117.2656373560,1.8815784599,41.275
              117.2657823285,1.8814806157,40.571
              117.2658227872,1.8814611017,40
              117.2658222253,1.8814613845,40
              117.2658626801,1.8814169909,40
              117.2658727951,1.8814141621,40
              117.2659295446,1.8813537921,40
              117.2659317915,1.8813477133,39.8
              117.2659385316,1.8813241049,39
              117.2659407785,1.8813177433,38.751
              117.2659469568,1.8812959727,38
              117.2659536974,1.8812758984,37.2
              117.2659553824,1.8812703851,37
              117.2659559441,1.8812685473,36.908
              117.2659581907,1.8812599239,36.665
              117.2659604371,1.8812504524,36.475
              117.2659626830,1.8812374468,36.414
              117.2659643662,1.8812199177,36.621
              117.2659750322,1.8811447119,36.84
              117.2659755934,1.8811393401,36.831
              117.2659851399,1.8810938203,36.303
              117.2659896319,1.8810692228,36.067
              117.2659907549,1.8810628614,36
              117.2659991775,1.8810174831,35.606
              117.2660087239,1.8809711152,35.033
              117.2660092857,1.8809699842,35
              117.2660143405,1.8809508997,34.443
              117.2660171488,1.8809404385,34.137
              117.2660188339,1.8809357733,34
              117.2660188339,1.8809356320,33.998
              117.2660188339,1.8809354906,33.995
              117.2660266973,1.8809084894,33
              117.2660306292,1.8808959077,32.572
              117.2660351230,1.8808833258,32
              117.2660379313,1.8808730060,31.633
              117.2660429870,1.8808595759,31
              117.2660497273,1.8808382294,30.091
              117.2660508509,1.8808358260,30
              117.2660525366,1.8808346949,30
              117.2660637739,1.8808214052,30
              117.2660811903,1.8807911512,30
              117.2661025395,1.8807548181,30
              117.2661092821,1.8807477490,30
              117.2661171455,1.8807208892,29.134
              117.2661188304,1.8807142450,29
              117.2661233230,1.8806933228,28.625
              117.2661278155,1.8806722593,28.393
              117.2661295001,1.8806636360,28.233
              117.2661323086,1.8806548712,28
              117.2661356777,1.8806373419,27.773
              117.2661435409,1.8806085030,27
              117.2661474723,1.8805930940,26.609
              117.2661536504,1.8805694857,26
              117.2661542118,1.8805660930,25.878
              117.2661553354,1.8805638310,25.808
              117.2661564585,1.8805584591,25.691
              117.2661609513,1.8805389506,25.364
              117.2661637586,1.8805219868,25.217
              117.2661660048,1.8805109603,25.192
              117.2661676891,1.8805003580,25.168
              117.2661783551,1.8804254349,25.333
              117.2661811618,1.8804049371,25.379
              117.2661811617,1.8804042303,25.369
              117.2661867773,1.8803776535,25
              117.2661901460,1.8803570142,25
              117.2661912686,1.8803483910,25
              117.2661935142,1.8803332650,25
              117.2661974440,1.8803068299,25
              117.2662013755,1.8802918450,24.639
              117.2662041835,1.8802803943,24.338
              117.2662069915,1.8802679541,24.205
              117.2662086764,1.8802611685,24
              117.2662159785,1.8802386909,23.082
              117.2662165402,1.8802368532,23
              117.2662232804,1.8802146584,22.232
              117.2662243997,1.8801839829,23
              117.2662255226,1.8801770560,23
              117.2662260821,1.8801605166,23.471
              117.2662283277,1.8801460975,23.513
              117.2662294493,1.8801301235,23.743
              117.2662389962,1.8800872896,23
              117.2662412427,1.8800785248,22.797
              117.2662418044,1.8800762629,22.783
              117.2662423649,1.8800672157,23
              117.2662440480,1.8800484144,23.244
              117.2662446065,1.8800253725,24
              117.2662446061,1.8800231107,24.04
              117.2662451637,1.8799938488,25
              117.2662457208,1.8799621838,25.874
              117.2662462819,1.8799561052,26
              117.2662468430,1.8799504507,26.119
              117.2662490856,1.8799158169,26.847
              117.2662513304,1.8798954605,27
              117.2662535744,1.8798698738,27.325
              117.2662552585,1.8798581405,27.384
              117.2662575042,1.8798438627,27.356
              117.2662597503,1.8798325535,27.275
              117.2662631197,1.8798164378,27.099
              117.2662642428,1.8798110659,27
              117.2662670503,1.8797956571,26.815
              117.2662737890,1.8797631429,26.428
              117.2662777197,1.8797427863,26.186
              117.2662794043,1.8797344458,26.076
              117.2662799659,1.8797323253,26.051
              117.2662805276,1.8797306288,26.038
              117.2662827731,1.8797146547,26
              117.2662827730,1.8797143720,26
              117.2662844569,1.8797008010,26.123
              117.2662861405,1.8796858165,26.241
              117.2662900688,1.8796493447,26.616
              117.2662911911,1.8796391665,26.722
              117.2662917515,1.8796282816,27
              117.2662934338,1.8796046740,27.507
              117.2662951169,1.8795861554,27.706
              117.2662968005,1.8795708882,27.815
              117.2662979238,1.8795667885,27.781
              117.2662984850,1.8795622649,27.776
              117.2662990456,1.8795532177,28
              117.2663007287,1.8795346991,28.291
              117.2663001643,1.8795185840,29
              117.2662990379,1.8795019035,29.791
              117.2662990373,1.8794980868,30
              117.2662698127,1.8794828243,30
              117.2662568865,1.8794758995,30
              117.2662568864,1.8794751927,30.036
              117.2662557595,1.8794556851,31
              117.2662551969,1.8794513030,31.211
              117.2662551947,1.8794370255,31.697
              117.2662551940,1.8794322192,31.919
              117.2662557552,1.8794274128,32
              117.2662563139,1.8794057845,32.57
              117.2662568735,1.8793902347,33
              117.2662568732,1.8793879729,33.068
              117.2662591147,1.8793459883,34
              117.2662596763,1.8793437264,34.073
              117.2662596761,1.8793424541,34.106
              117.2662636018,1.8792893017,35
              117.2662647233,1.8792731864,35.329
              117.2662664074,1.8792610290,35.425
              117.2662669680,1.8792522646,35.599
              117.2662675280,1.8792389765,35.891
              117.2662675275,1.8792360079,36
              117.2662675264,1.8792289399,36.207
              117.2662703305,1.8791906306,37
              117.2662703292,1.8791825730,37.241
              117.2662708903,1.8791766357,37.376
              117.2662720101,1.8791494942,38
              117.2662720079,1.8791347926,38.538
              117.2662720062,1.8791237664,39
              117.2662703185,1.8791117510,39.791
              117.2662697560,1.8791079343,40
              117.2662658222,1.8791082177,40
              117.2662484002,1.8791008695,40
              117.2662281681,1.8790923910,40
              117.2661933211,1.8790584696,40
              117.2661877001,1.8790494234,40
              117.2661888196,1.8790201614,40.859
              117.2661905036,1.8790072973,40.919
              117.2661949946,1.8789761971,40.993
              117.2661949945,1.8789757731,41
              117.2661989241,1.8789484897,41
              117.2661994854,1.8789435420,41
              117.2662011697,1.8789332224,41
              117.2662034161,1.8789237508,40.796
              117.2662056623,1.8789127243,40.685
              117.2662135225,1.8788643776,40.581
              117.2662241914,1.8788086796,40
              117.2662326313,1.8788775212,40
              117.2662433126,1.8789035301,40
              117.2662764726,1.8789302423,40
              117.2662944577,1.8789446583,40
              117.2662995133,1.8789305214,39.376
              117.2663023220,1.8789234529,39
              117.2663028837,1.8789213324,38.898
              117.2663096239,1.8788992791,38.093
              117.2663101856,1.8788970172,38.009
              117.2663107475,1.8788967344,38
              117.2663118706,1.8788913625,37.847
              117.2663197339,1.8788635131,37.055
              117.2663202955,1.8788612513,37
              117.2663236657,1.8788503659,36.599
              117.2663292822,1.8788300091,36
              117.2663320907,1.8788209615,35.671
              117.2663326521,1.8788172860,35.615
              117.2663348983,1.8788062595,35.461
              117.2663354592,1.8787994741,35.526
              117.2663371427,1.8787836414,35.786
              117.2663371418,1.8787774215,36
              117.2663376999,1.8787516936,36.725
              117.2663376986,1.8787434947,37
              117.2663382598,1.8787385470,37.157
              117.2663376946,1.8787170601,38
              117.2663376941,1.8787138088,38.141
              117.2663371304,1.8787023587,38.636
              117.2663376904,1.8786890706,39
              117.2663376881,1.8786742277,39.474
              117.2663371245,1.8786633430,40
              117.2663180207,1.8786834192,40
              117.2662826223,1.8787191890,40
              117.2662382314,1.8787483162,40
              117.2662326128,1.8787552438,40
              117.2662331737,1.8787480343,40.09
              117.2662331698,1.8787223065,41
              117.2662337294,1.8787064740,41.476
              117.2662337271,1.8786914897,42
              117.2662370953,1.8786675991,42
              117.2662399010,1.8786405987,42.406
              117.2662421458,1.8786203837,42.523
              117.2662471971,1.8785781159,42.898
              117.2662477583,1.8785731682,42.924
              117.2662477580,1.8785711892,42.93
              117.2662483197,1.8785693514,42.936
              117.2662488810,1.8785646864,43
              117.2662494416,1.8785559219,43.141
              117.2662572974,1.8784781720,44
              117.2662572954,1.8784650254,44.535
              117.2662567317,1.8784537166,45
              117.2662561668,1.8784344916,45.829
              117.2662561662,1.8784305335,46
              117.2662561633,1.8784111670,46.725
              117.2662556007,1.8784067849,47
              117.2662550366,1.8783932143,47.676
              117.2662544734,1.8783850154,48
              117.2662539091,1.8783694658,48.677
              117.2662539081,1.8783625391,48.974
              117.2662539080,1.8783618323,49
              117.2662539078,1.8783605600,49.053
              117.2662539039,1.8783348323,50
              117.2662432258,1.8783303103,50
              117.2662319849,1.8783192859,50
              117.2662190570,1.8783017591,50
              117.2662139984,1.8782955400,50
              117.2662145597,1.8782915818,50.094
              117.2662145560,1.8782669849,51
              117.2662184830,1.8782225969,51.651
              117.2662190430,1.8782095916,51.872
              117.2662196043,1.8782046438,52
              117.2662201643,1.8781919212,52.285
              117.2662224087,1.8781690204,52.626
              117.2662229686,1.8781553083,53
              117.2662224037,1.8781359419,53.723
              117.2662229644,1.8781273187,54
              117.2662229639,1.8781246329,54.087
              117.2662223991,1.8781055492,54.846
              117.2662223985,1.8781014497,55
              117.2662223983,1.8781000361,55.05
              117.2662223977,1.8780960780,55.162
              117.2662235169,1.8780654024,56
              117.2662246369,1.8780388264,56.775
              117.2662240741,1.8780334547,57
              117.2662240737,1.8780310516,57.139
              117.2662274452,1.8780292134,57.183
              117.2663847870,1.8779726448,61.81
              117.2663965892,1.8779788628,61.427
              117.2664438058,1.8780549079,58.762
              117.2664752801,1.8780828926,58.082
              117.2664972029,1.8781234599,56.588
              117.2665219350,1.8781600687,55.349
              117.2665697236,1.8783021294,52
              117.2665983935,1.8783663030,50
              117.2666045821,1.8784123858,48.478
              117.2666191997,1.8784553574,47.007
              117.2666355032,1.8784977632,45.616
              117.2666523685,1.8785397449,44.267
              117.2666658624,1.8785837062,42.698
              117.2666681177,1.8786331823,40.503
              117.2666580109,1.8786894456,37.556
              117.2666568947,1.8787409012,35.146
              117.2666658932,1.8787869836,33.334
              117.2666838823,1.8788278342,32.053
              117.2667350203,1.8788224546,31.805
              117.2667799784,1.8788279608,32.303
              117.2668002172,1.8788805441,30.049
              117.2668182087,1.8789373685,27.541
              117.2668446272,1.8789776524,26
              117.2668687986,1.8790226016,24.196
              117.2668924080,1.8790682576,22.342
              117.2669300629,1.8790887492,21.967
              117.2669716503,1.8791016067,22.039
              117.2670126759,1.8791155951,22.039
              117.2670531396,1.8791297250,22.036
              117.2670941653,1.8791442789,22.014
              117.2671323817,1.8791623673,21.778
              117.2671672274,1.8791876656,21.119
              117.2671897105,1.8792164998,19.985
              117.2672183711,1.8792191812,20.215
              117.2672560241,1.8792275158,20.154
              117.2672936765,1.8792320335,20.296
              117.2673313283,1.8792327345,20.63
              117.2673695426,1.8792365454,20.802
              117.2674071948,1.8792402150,20.983
              117.2674510278,1.8792375224,21.552
              117.2674937370,1.8792366676,22.023
              117.2675364459,1.8792332684,22.618
              117.2675791557,1.8792359477,22.903
              117.2676218655,1.8792386270,23.189
              117.2676645742,1.8792339555,23.858
              117.2677129032,1.8792338066,24.31
              117.2677522432,1.8792493503,24.149
              117.2677876482,1.8792571197,24.315
              117.2678241769,1.8792629099,24.596
              117.2678612674,1.8792679932,24.916
              117.2678989193,1.8792691183,25.443
              117.2679450014,1.8792750483,25.943
              117.2679809712,1.8793010532,25.299
              117.2680175029,1.8793267753,24.677
              117.2680545962,1.8793499528,24.192
              117.2680737051,1.8793639446,23.874
              117.2681119224,1.8793876874,23.699
              117.2681507007,1.8794052102,23.799
              117.2681894789,1.8794220262,23.94
              117.2682282572,1.8794391249,24.066
              117.2682659118,1.8794580615,24.084
              117.2683030045,1.8794774223,24.063
              117.2683429064,1.8794926831,24.307
              117.2683867410,1.8795012994,24.937
              117.2684159682,1.8795336666,24.142
              117.2684435100,1.8795691440,23.153
              117.2684924041,1.8795894924,23.403
              117.2685126419,1.8796358557,22.139
              117.2685424300,1.8796608721,21.962
              117.2685671609,1.8796899886,21.462
              117.2685840231,1.8797113316,20.917
              117.2686070678,1.8797377626,20.13
              117.2686452845,1.8797576886,20.012
              117.2686846249,1.8797756353,20.013
              117.2687239652,1.8797935821,20.018
              117.2687638674,1.8798105393,20.075
              117.2688088258,1.8798180245,20.681
              117.2688509750,1.8798296096,21.048
              117.2688942480,1.8798399222,21.49
              117.2689375210,1.8798506590,21.909
              117.2689779850,1.8798667679,22.012
              117.2690173254,1.8798847147,22.012
              117.2690566657,1.8799026614,22.014
              117.2690960060,1.8799201841,22.035
              117.2691375937,1.8799343138,22.26
              117.2691803049,1.8799457574,22.63
              117.2692235773,1.8799529601,23.216
              117.2692258271,1.8799653996,23.447
              117.2692713468,1.8799680784,23.955
              117.2693078737,1.8799625596,24.545
              117.2693449637,1.8799643916,24.761
              117.2693820541,1.8799684853,24.86
              117.2694185819,1.8799686210,25.169
              117.2694601667,1.8799640910,25.709
              117.2695028754,1.8799592780,26.258
              117.2695461464,1.8799567268,26.686
              117.2695894175,1.8799551651,27.062
              117.2696326886,1.8799536034,27.433
              117.2696765218,1.8799521830,27.803
              117.2697197929,1.8799506213,28.178
              117.2697591305,1.8799506152,28.55
              117.2698007160,1.8799506087,28.897
              117.2698417394,1.8799497542,29.288
              117.2698833246,1.8799480514,29.725
              117.2699237855,1.8799438043,30.295
              117.2699653708,1.8799430910,30.685
              117.2700069563,1.8799428018,31.048
              117.2700519136,1.8799433603,31.391
              117.2700743924,1.8799444876,31.508
              117.2700979959,1.8799505625,31.879
              117.2701418288,1.8799475871,32.604
              117.2701845372,1.8799409365,33.329
              117.2702261202,1.8799246735,34.053
              117.2702418543,1.8799188752,34.319
              117.2702677032,1.8799086932,35.094
              117.2703064728,1.8798695301,37.516
              117.2703216434,1.8798531298,38.637
              117.2703424341,1.8798402627,39.519
              117.2703733414,1.8798343208,39.862
              117.2704081810,1.8798197551,40.538
              117.2704531399,1.8798303502,40.129
              117.2704879800,1.8798190359,40.896
              117.2705267590,1.8798405167,39.971
              117.2705615990,1.8798282129,40.793
              117.2706043074,1.8798215623,41.276
              117.2706610658,1.8798208466,42.576
              117.2706863521,1.8798071306,45.649
              117.2707256864,1.8797854962,45.675
              117.2707672740,1.8797990604,45.98
              117.2708043672,1.8798213897,45.782
              117.2708403368,1.8798462637,45.442
              117.2708813626,1.8798611002,45.669
              117.2709212648,1.8798781987,45.771
              117.2709561109,1.8799057586,45.279
              117.2709937659,1.8799268156,45.149
              117.2710280492,1.8799490039,44.907
              117.2710606466,1.8799706271,44.664
              117.2710876262,1.8800045496,43.717
              117.2711168528,1.8800329586,43.082
              117.2711516997,1.8800651835,42.387
              117.2711786806,1.8801080117,41.372
              117.2712101551,1.8801367031,41.055
              117.2712416297,1.8801655359,40.72
              117.2712725424,1.8801952169,40.341
              117.2713028932,1.8802251807,39.927
              117.2713332439,1.8802548618,39.547
              117.2713641570,1.8802868046,39.062
              117.2713928218,1.8803164859,38.685
              117.2714175532,1.8803480056,38.073
              117.2714417227,1.8803800908,37.423
              117.2714636434,1.8804062392,36.881
              117.2714939932,1.8804294177,36.39
              117.2715209715,1.8804548585,36.8
              117.2715636821,1.8804629094,37.2
              117.2715693006,1.8804551336,37.108
              117.2715900922,1.8804476382,37.34
              117.2716311144,1.8804395742,38.513
              117.2716783177,1.8804272684,40.014
              117.2717277668,1.8804019570,42.201
              117.2717777776,1.8803755146,44.444
              117.2718216118,1.8803805968,45.034
              117.2718643232,1.8803933126,45.228
              117.2719081573,1.8803983947,45.817
              117.2719531146,1.8803988118,46.652
              117.2719980715,1.8803959775,47.659
              117.2720362881,1.8804149139,48.921
              117.2720632606,1.8804031767,49.646
              117.2720964138,1.8803847946,50.459
              117.2721228230,1.8803644344,51.459
              117.2721537276,1.8803412463,52.459
              117.2721846321,1.8803180583,53.459
              117.2722205955,1.8803025029,53.964
              117.2722515014,1.8802879378,54.606
              117.2722795970,1.8802709701,55.238
              117.2723116259,1.8802503263,55.881
              117.2723385963,1.8802247357,56.881
              117.2723633184,1.8801966010,58.052
              117.2723886026,1.8801688903,59.197
              117.2724138865,1.8801392004,60.408
              117.2724374841,1.8801076732,61.772
              117.2724638921,1.8800793968,62.897
              117.2724897382,1.8800509792,64.036
              117.2725217646,1.8800150684,65.256
              117.2725594105,1.8799773191,66.845
              117.2725953727,1.8799541302,67.845
              117.2726352697,1.8799374433,68.448
              117.2726712319,1.8799143958,69.448
              117.2727206828,1.8799008174,69.66
              117.2727532768,1.8799009536,69.437
              117.2727976719,1.8798991089,69.054
              117.2728150929,1.8799000957,69.226
              117.2728600506,1.8799024918,69.674
              117.2729055701,1.8799043223,70.247
              117.2729510888,1.8799012052,71.08
              117.2729971694,1.8798969572,71.966
              117.2730410047,1.8799096728,71.973
              117.2730972034,1.8799238000,72
              117.2731045111,1.8799370868,71.325
              117.2731264339,1.8799766645,70.278
              117.2731567835,1.8799987121,69.99
              117.2731888184,1.8800175081,69.895
              117.2732214151,1.8800346076,69.895
              117.2732607560,1.8800556642,69.862
              117.2732939183,1.8800962297,69.395
              117.2733096604,1.8801416041,68.048
              117.2733445068,1.8801708604,68.011
              117.2733737328,1.8801950285,67.911
              117.2733928441,1.8802240046,67.032
              117.2734170142,1.8802593410,66
              117.2734170192,1.8802918541,66
              117.2734344444,1.8803194168,66
              117.2734260219,1.8803638055,65.379
              117.2734220909,1.8803814762,65
              117.2734361465,1.8804231756,64.25
              117.2734608777,1.8804534229,63.5
              117.2734951608,1.8804739149,62.75
              117.2735507961,1.8804784297,62
              117.2735940696,1.8804921349,62.429
              117.2736390273,1.8804945310,62.857
              117.2736834240,1.8805035711,63.286
              117.2737278204,1.8805104908,63.714
              117.2737744611,1.8804949337,64.143
              117.2738182963,1.8805063770,64.571
              117.2738638153,1.8805053803,65
              117.2739031532,1.8805067877,65.5
              117.2739424902,1.8805032475,66
              117.2739750830,1.8804950434,66
              117.2740082377,1.8804868392,66
              117.2740290310,1.8804907940,66.309
              117.2740711802,1.8805018135,66.814
              117.2741054617,1.8805119861,67.159
              117.2741453635,1.8805262573,67.505
              117.2741863888,1.8805372770,68.026
              117.2742313492,1.8805574845,68.244
              117.2742763103,1.8805822156,68.875
              117.2743218316,1.8805956377,69.901
              117.2743443153,1.8806280059,69.402
              117.2743623042,1.8806661705,68.605
              117.2743752360,1.8807082941,67.492
              117.2743831108,1.8807550834,66.006
              117.2743864906,1.8808062556,64.193
              117.2743898653,1.8808244906,63.684
              117.2743994246,1.8808625152,63.07
              117.2744028028,1.8809033681,62.456
              117.2744179814,1.8809387059,61.842
              117.2744196738,1.8809804072,61.228
              117.2744432813,1.8810120684,60.614
              117.2744601453,1.8810441547,60
              117.2744444162,1.8810819006,60
              117.2744359934,1.8811245930,59.172
              117.2744472387,1.8811629000,58.344
              117.2744646653,1.8811995098,57.516
              117.2744888354,1.8812347049,56.688
              117.2745219966,1.8812679195,55.86
              117.2745484144,1.8813025488,55.032
              117.2745529172,1.8813476423,54.952
              117.2745551690,1.8813732283,55.028
              117.2745607957,1.8814181803,55.014
              117.2745636093,1.8814419285,55.024
              117.2745939597,1.8814687823,55.02
              117.2746434114,1.8814608582,55.016
              117.2746855564,1.8814445950,55.045
              117.2747001666,1.8814389383,55.012
              117.2747445621,1.8814399208,55.008
              117.2747782833,1.8814608369,55.004
              117.2748271733,1.8814539024,55
              117.2748592040,1.8814452743,55.5
              117.2748991011,1.8814290115,56.497
              117.2749412480,1.8814256121,56.994
              117.2749839608,1.8814470922,57.492
              117.2750165597,1.8814783279,58.132
              117.2750278007,1.8814889282,57.989
              117.2750699480,1.8814877906,58.486
              117.2751115294,1.8814616322,58.983
              117.2751531094,1.8814265681,59.481
              117.2751952556,1.8814186451,59.978
              117.2752379648,1.8814175075,60.475
              117.2752801114,1.8814118463,60.972
              117.2753222583,1.8814084470,61.47
              117.2753649676,1.8814073093,61.967
              117.2754071134,1.8813969833,62.464
              117.2754335253,1.8813933037,62.99
              117.2754773569,1.8813826946,64.083
              117.2755211887,1.8813722270,65.173
              117.2755650207,1.8813638797,66.144
              117.2755835647,1.8813583637,66.632
              117.2756268341,1.8813456343,67.724
              117.2756453794,1.8813484586,68.218
              117.2756897759,1.8813555196,69.042
              117.2757324869,1.8813656908,69.781
              117.2757858726,1.8813587556,71.562
              117.2758342018,1.8813597374,72.863
              117.2758780364,1.8813675053,73.752
              117.2759089443,1.8813662282,74.28
              117.2759539013,1.8813643833,75.923
              117.2759988583,1.8813625385,77.32
              117.2760078512,1.8813717255,77.655
              117.2760398883,1.8814033853,78
              117.2760719253,1.8814351864,78.206
              117.2760944096,1.8814712299,77.873
              117.2761034081,1.8815156159,76.726
              117.2761084732,1.8815626883,75.313
              117.2761090430,1.8816127301,73.626
              117.2761084819,1.8816182432,73.46
              117.2761073651,1.8816634790,71.847
              117.2761056863,1.8817087148,70.506
              117.2761000709,1.8817355743,69.683
              117.2760905244,1.8817798218,68.287
              117.2761135696,1.8818089385,68.289
              117.2760972791,1.8818502186,66.355
              117.2760725592,1.8818926308,63.974
              117.2760500872,1.8819346187,61.721
              117.2760388542,1.8819751911,60.073
              117.2760315550,1.8820153388,58.619
              117.2760399905,1.8820536463,57.967
              117.2760383108,1.8820930863,56.81
              117.2760433746,1.8821318185,55.977
              117.2760439427,1.8821709754,54.92
              117.2760231565,1.8822128216,52.766
              117.2760147334,1.8822531108,51.244
              117.2760158635,1.8822922677,50.228
              117.2760175555,1.8823314244,49.23
              117.2760169946,1.8823377858,49.032
              117.2759911499,1.8823748265,48.562
              117.2759748566,1.8823980123,48.474
              117.2759450777,1.8824318024,47.019
              117.2759164225,1.8824646027,47.916
              117.2759181152,1.8825078589,47.358
              117.2759479046,1.8825403672,46.8
              117.2759630836,1.8825785323,46.242
              117.2759883775,1.8826124550,45.684
              117.2760176049,1.8826452461,45.126
              117.2760502039,1.8826766230,44.569
              117.2760771835,1.8827099800,44.011
              117.2760957349,1.8827512545,43.624
              117.2761114754,1.8827858854,43.453
              117.2761367695,1.8828212217,43.341
              117.2764610542,1.8830118661,42.546
              117.2764649872,1.8830072005,42.446
              117.2764936444,1.8829874054,42.386
              117.2765206132,1.8829520608,42.325
              117.2765565803,1.8829596886,43.096
              117.2765970448,1.8829780591,43.546
              117.2766279566,1.8830009546,43.528
              117.2766611164,1.8830254048,43.413
              117.2766993341,1.8830501369,43.374
              117.2767403603,1.8830669523,43.774
              117.2767802630,1.8830867365,44.012
              117.2768184806,1.8831109031,44
              117.2768555733,1.8831295569,44.412
              117.2768926660,1.8831477865,44.592
              117.2769269497,1.8831716711,44.469
              117.2769522402,1.8831842482,44.469
              117.2769764075,1.8832014904,44.237
              117.2770061964,1.8832311714,43.83
              117.2770438514,1.8832518041,44.027
              117.2770781353,1.8832762541,43.959
              117.2771141047,1.8832987248,44.034
              117.2771489503,1.8833221851,44.031
              117.2771753656,1.8833401338,43.942
              117.2772051526,1.8833576578,43.921
              117.2772439320,1.8833814002,43.686
              117.2772624795,1.8833979365,43.338
              117.2772860854,1.8834185714,43.679
              117.2773158682,1.8834096609,44.02
              117.2773254215,1.8834086699,44.296
              117.2773434022,1.8833945309,45.532
              117.2773788017,1.8833666771,47.533
              117.2774203887,1.8833758589,48.066
              117.2774305071,1.8833952237,47.4
              117.2774513062,1.8834352256,45.952
              117.2774704144,1.8834437042,45.983
              117.2775024495,1.8834620760,46.43
              117.2775378528,1.8834586777,46.844
              117.2775794376,1.8834538647,48.033
              117.2776221476,1.8834571092,48.885
              117.2776671044,1.8834537093,50.083
              117.2777120608,1.8834477650,51.42
              117.2777542097,1.8834569467,51.953
              117.2777862445,1.8834737635,52
              117.2778120973,1.8834888850,51.986
              117.2778430050,1.8834859115,52.851
              117.2778711010,1.8834710640,53.958
              117.2779014459,1.8834628602,54.715
              117.2779323534,1.8834584731,55.263
              117.2779716902,1.8834529537,56.014
              117.2780099018,1.8834399423,57.152
              117.2780453039,1.8834284864,58.042
              117.2780790185,1.8834068528,59.448
              117.2781222882,1.8833958196,60.149
              117.2781621846,1.8833758813,61.333
              117.2781942145,1.8833614574,62.113
              117.2782256823,1.8833471748,62.887
              117.2782593976,1.8833297820,63.78
              117.2783015432,1.8833180423,64.48
              117.2783391916,1.8832971148,65.689
              117.2783779646,1.8832801452,66.692
              117.2784111135,1.8832351871,69.17
              117.2784437006,1.8831912186,71.594
              117.2784807863,1.8831650608,73.077
              117.2784925860,1.8831551636,73.577
              117.2785274233,1.8831261790,74.858
              117.2785616987,1.8830973358,76.112
              117.2785965360,1.8830684926,77.244
              117.2786347523,1.8830844602,78.037
              117.2786763406,1.8831018410,78.468
              117.2787179288,1.8831190803,78.584
              117.2787420982,1.8831494691,77.977
              117.2787724477,1.8831701029,77.977
              117.2788005498,1.8831942711,77.751
              117.2788050490,1.8832160400,76.877
              117.2788146095,1.8832602845,75.254
              117.2788236080,1.8833045290,73.701
              117.2788236086,1.8833082044,73.626
              117.2788219299,1.8833532989,72.583
              117.2788208131,1.8833985346,71.227
              117.2788191274,1.8833998071,71.213
              117.2787854141,1.8834293570,68.926
              117.2787511388,1.8834589070,66.19
              117.2787174256,1.8834885982,64.062
              117.2787337286,1.8835263390,63.662
              117.2787534032,1.8835623829,63.477
              117.2787736394,1.8835968718,63.337
              117.2787809512,1.8836358862,62.667
              117.2787882632,1.8836764557,62
              117.2788085001,1.8837146199,62
              117.2788298606,1.8837509463,62.067
              117.2788495353,1.8837876970,62.048
              117.2788664002,1.8838250136,61.848
              117.2788652824,1.8838636053,60.6
              117.2788652869,1.8838918775,59.486
              117.2788754085,1.8839306088,58.402
              117.2788866551,1.8839764080,57.172
              117.2788894675,1.8839923814,56.701
              117.2788883508,1.8840381825,56.161
              117.2788782429,1.8840855401,55.621
              117.2788630784,1.8841391184,55.082
              117.2789035431,1.8841584783,52.097
              117.2789248994,1.8841686529,54.235
              117.2788900620,1.8841969307,51.758
              117.2788546625,1.8842250673,52.195
              117.2788344343,1.8842413270,53.388
              117.2790598286,1.8845278296,49.533
              117.2790710748,1.8845706602,49.416
              117.2791250271,1.8845925625,49.3
              117.2791784111,1.8845743183,48.855
              117.2792211211,1.8845777041,48.41
              117.2792509082,1.8845955107,48.878
              117.2792688925,1.8846044136,49.13
              117.2792885633,1.8846167088,49.277
              117.2793228470,1.8846396038,49.51
              117.2793633110,1.8846548643,50.237
              117.2794020896,1.8846728109,50.799
              117.2794358114,1.8846962713,50.983
              117.2794672856,1.8847221353,50.983
              117.2795021310,1.8847436166,51.278
              117.2795364145,1.8847658047,51.526
              117.2795701362,1.8847884171,51.745
              117.2796055434,1.8848090501,52.099
              117.2796409506,1.8848299658,52.426
              117.2796746723,1.8848531435,52.673
              117.2797083937,1.8848740595,52.986
              117.2797449242,1.8848908756,53.582
              117.2797814548,1.8849078330,54.162
              117.2797904477,1.8849165959,54.428
              117.2798224849,1.8849482556,55.098
              117.2798545220,1.8849799153,53.821
              117.2798539618,1.8849905175,53.898
              117.2798494732,1.8850356124,53.835
              117.2798455466,1.8850805659,53.484
              117.2798449907,1.8851181680,53.03
              117.2798444347,1.8851557701,52.556
              117.2798410688,1.8851928073,51.96
              117.2798517532,1.8852364861,51.869
              117.2798534458,1.8852787528,51.321
              117.2798562625,1.8853213020,50.835
              117.2798534592,1.8853627212,50.06
              117.2798529040,1.8854047055,49.398
              117.2798551608,1.8854606842,49.147
              117.2798619114,1.8855045050,49.033
              117.2798664141,1.8855479021,48.791
              117.2798669828,1.8855903103,48.335
              117.2798596837,1.8856307408,47.455
              117.2798400167,1.8856426183,46.719
              117.2798012447,1.8856656664,44.056
              117.2797928209,1.8857014321,43.185
              117.2797956370,1.8857405887,42.914
              117.2798254288,1.8857880811,44.1
              117.2798406034,1.8857971258,43.982
              117.2798507202,1.8858058885,43.536
              117.2798417351,1.8858457538,42.189
              117.2798310641,1.8858856194,40.767
              117.2798209550,1.8859256262,39.383
              117.2798170253,1.8859510718,38.258
              117.2798209636,1.8859792020,37.527
              117.2797996159,1.8860235928,35.465
              117.2797872597,1.8860675581,33.877
              117.2797771513,1.8861113817,32.402
              117.2797631091,1.8861553472,30.695
              117.2797664824,1.8861649592,30.309
              117.2797827862,1.8862070822,30
              117.2797996520,1.8862492050,28.842
              117.2798007782,1.8862633410,28.314
              117.2798131501,1.8863176216,26.524
              117.2798367591,1.8863571989,25.7
              117.2798687960,1.8863871622,25.519
              117.2798946524,1.8864241947,24.867
              117.2799205089,1.8864613684,24.203
              117.2799446786,1.8864933121,23.702
              117.2799688484,1.8865259626,23.155
              117.2799930181,1.8865579063,22.659
              117.2800166261,1.8865912637,22.068
              117.2800525947,1.8866079384,22.568
              117.2800756437,1.8866598142,23.217
              117.2800846313,1.8866357814,23.136
              117.2800997976,1.8865933706,23.153
              117.2801430678,1.8865850233,23.822
              117.2801874619,1.8865763931,24.847
              117.2802307311,1.8865623913,26.332
              117.2802739982,1.8865349603,28.509
              117.2803172653,1.8865075292,30.693
              117.2803324357,1.8864901394,31.25
              117.2803616525,1.8864557839,34.123
              117.2804043607,1.8864472953,35.326
              117.2804476293,1.8864294768,37.005
              117.2804695457,1.8864276356,37.839
              117.2805077565,1.8864088283,39.536
              117.2805470953,1.8864154659,39.922
              117.2805869970,1.8864280406,40
              117.2806274633,1.8864570130,39.232
              117.2806437646,1.8864835863,38.65
              117.2806538823,1.8864977207,38
              117.2806797387,1.8865347531,36.55
              117.2807280703,1.8865493055,36.011
              117.2807657196,1.8865336083,37.115
              117.2808028066,1.8865160735,38.329
              117.2808415802,1.8865023552,39.329
              117.2808786679,1.8864892026,40.329
              117.2809157557,1.8864759086,41.329
              117.2809528434,1.8864627560,42.329
              117.2809916175,1.8864527131,43.153
              117.2810219636,1.8864515773,43.678
              117.2810517469,1.8864452112,44.311
              117.2810899589,1.8864344615,44.84
              117.2811304191,1.8864255492,45.248
              117.2811686316,1.8864172027,45.695
              117.2811984127,1.8863975487,46.384
              117.2812281934,1.8863754915,47.164
              117.2812568501,1.8863527277,47.995
              117.2812843827,1.8863288333,48.915
              117.2813096670,1.8863025360,49.915
              117.2813360750,1.8862749663,50.915
              117.2813624831,1.8862473966,51.915
              117.2813546110,1.8862189843,53.127
              117.2813428027,1.8861754470,56.216
              117.2813742677,1.8861432116,57.194
              117.2814141638,1.8861211528,58.049
              117.2814535000,1.8861116752,58.346
              117.2814883390,1.8860931513,59.179
              117.2815254267,1.8860798573,59.704
              117.2815597037,1.8860613334,60.537
              117.2815945427,1.8860426681,61.37
              117.2816147683,1.8860100104,63.006
              117.2816389288,1.8859848442,64.192
              117.2816692698,1.8859523262,65.704
              117.2816996107,1.8859192428,66.296
              117.2817024208,1.8859209387,66.548
              117.2817383911,1.8859479328,67.417
              117.2817743613,1.8859749269,66.097
              117.2818030269,1.8860077180,65.527
              117.2818373107,1.8860313197,65.527
              117.2818721565,1.8860550626,65.527
              117.2819075640,1.8860769678,65.632
              117.2819373533,1.8861080624,65.176
              117.2819677043,1.8861380260,64.783
              117.2820008645,1.8861636069,64.659
              117.2820300920,1.8861958325,64.13
              117.2820621285,1.8862229686,63.915
              117.2820862934,1.8862248023,65.183
              117.2821312514,1.8862284704,65.693
              117.2821301319,1.8862558946,65.676
              117.2821290152,1.8863011303,63.381
              117.2821312711,1.8863506063,61.844
              117.2821346508,1.8863997994,60.343
              117.2821576977,1.8864388113,60
              117.2821717536,1.8864805105,59.189
              117.2821807522,1.8865246136,58.104
              117.2822082944,1.8865600908,58.056
              117.2822358365,1.8865954265,58.038
              117.2822611309,1.8866320349,57.848
              117.2822791203,1.8866717544,57.292
              117.2823061005,1.8867075143,57.223
              117.2823061083,1.8867560012,55.599
              117.2823100492,1.8868005292,54.26
              117.2823280386,1.8868403901,53.958
              117.2823426566,1.8868826547,53.462
              117.2823404161,1.8869283146,52.083
              117.2823645872,1.8869685986,52.082
              117.2823881963,1.8870090240,52.073
              117.2824112448,1.8870570830,51.941
              117.2823955165,1.8870994938,50.489
              117.2823870929,1.8871359663,49.338
              117.2823927190,1.8871756879,48.917
              117.2824163287,1.8872196473,49.472
              117.2824326326,1.8872619116,49.638
              117.2824124091,1.8873075745,48.033
              117.2824062346,1.8873521042,47.12
              117.2823798284,1.8873909828,45.116
              117.2823584801,1.8874311328,43.363
              117.2823455563,1.8874397579,42.385
              117.2823079085,1.8874647850,40.41
              117.2822859977,1.8875019665,38.898
              117.2822702691,1.8875418329,37.771
              117.2822472348,1.8875814177,36.264
              117.2822281345,1.8876224155,35.339
              117.2822129678,1.8876627059,34.569
              117.2821966771,1.8877021483,33.707
              117.2821742047,1.8877411676,32.576
              117.2821545412,1.8877741079,31.624
              117.2821348771,1.8878039383,30.589
              117.2821483714,1.8878476167,30.055
              117.2821927728,1.8878847874,29.992
              117.2822208777,1.8879253534,30.071
              117.2822416773,1.8879671928,29.76
              117.2822456136,1.8879827419,29.632
              117.2822568600,1.8880264206,29.355
              117.2822686684,1.8880702406,29.211
              117.2822377664,1.8881088372,28.747
              117.2821664177,1.8882407387,22.861
              117.2821827262,1.8883116993,24.112
              117.2822119623,1.8883965111,28.072
              117.2821535301,1.8884741278,29.734
              117.2821501593,1.8884802069,30
              117.2822282669,1.8884435817,30
              117.2822546764,1.8884249177,30
              117.2822676031,1.8884339627,31.013
              117.2822833451,1.8884763684,33.404
              117.2822782955,1.8885266938,35.262
              117.2822648146,1.8885662770,36.293
              117.2822496472,1.8886016198,37.05
              117.2822474033,1.8886260756,37.991
              117.2822282991,1.8886430420,37.391
              117.2821895273,1.8886679279,35.918
              117.2821496315,1.8886921072,34.339
              117.2821131077,1.8887181235,33.017
              117.2821058030,1.8887233551,37.593
              117.2821339027,1.8887312667,37.827
              117.2821811089,1.8887366307,38.418
              117.2821985291,1.8887319630,38.587
              117.2822423608,1.8887203642,39.718
              117.2822676477,1.8887104648,40.668
              117.2823097928,1.8886943428,41.341
              117.2823643027,1.8886885381,42.297
              117.2824182509,1.8886837230,43.219
              117.2824738845,1.8886763631,44.23
              117.2825283945,1.8886705584,45.187
              117.2825873998,1.8886619257,46.277
              117.2826036963,1.8886588131,46.589
              117.2826480905,1.8886504655,47.46
              117.2827070957,1.8886418329,48.549
              117.2827217065,1.8886394273,48.806
              117.2827661009,1.8886326348,49.658
              117.2828222971,1.8886289502,50.585
              117.2828723131,1.8886338896,51.225
              117.2829133399,1.8886535321,51.389
              117.2829330171,1.8887051256,50.496
              117.2829290873,1.8887292990,50.013
              117.2829212269,1.8887739704,48.783
              117.2829133666,1.8888185004,47.581
              117.2829156191,1.8888473376,47.022
              117.2829189982,1.8888924312,45.956
              117.2829133835,1.8889228248,45.619
              117.2829043992,1.8889672136,44.277
              117.2828959768,1.8890116023,42.847
              117.2828937313,1.8890264456,42.539
              117.2828875569,1.8890712581,41.343
              117.2828819445,1.8891160704,40.222
              117.2829055546,1.8891620089,39.516
              117.2829353449,1.8891990406,39.109
              117.2829342276,1.8892400355,38.065
              117.2829331110,1.8892851298,37.084
              117.2829370473,1.8893008202,36.773
              117.2829477318,1.8893446404,35.935
              117.2829646001,1.8894020302,34.855
              117.2829859630,1.8894517858,34.026
              117.2829870920,1.8894833091,33.386
              117.2829899091,1.8895284028,32.317
              117.2829893480,1.8895333505,32.278
              117.2829854215,1.8895784453,31.071
              117.2829820570,1.8896235400,30
              117.2829798101,1.8896296189,30
              117.2829736310,1.8896453110,30
              117.2829432876,1.8896635515,30
              117.2829309273,1.8896816478,30
              117.2828988972,1.8896949409,30
              117.2828679920,1.8897140297,30
              117.2828230360,1.8897230842,30
              117.2827966243,1.8897277535,30
              117.2827893199,1.8897355295,30
              117.2827747130,1.8897619664,30
              117.2827623513,1.8897718637,30
              117.2827331318,1.8897895386,30
              117.2827145927,1.8898258714,30
              117.2826881837,1.8898470799,30
              117.2826426729,1.8899010873,30
              117.2826258220,1.8899514145,30
              117.2825982884,1.8899689478,30
              117.2825870510,1.8899811067,30
              117.2825797477,1.8899955267,30
              117.2825730049,1.8900001927,30
              117.2825583948,1.8900069804,30
              117.2825499684,1.8900262069,29.053
              117.2825645825,1.8900444401,29.069
              117.2825814466,1.8900756781,29.069
              117.2825971858,1.8901011205,29.069
              117.2826134870,1.8901265628,29.069
              117.2826286647,1.8901546912,29.069
              117.2826444040,1.8901802750,29.069
              117.2826578935,1.8901945502,29.049
              117.2826702583,1.8902037366,29.052
              117.2826859967,1.8902239487,29.052
              117.2827011732,1.8902443022,29.052
              117.2827169116,1.8902646556,29.052
              117.2827219710,1.8902749741,29
              117.2827332143,1.8902994277,29.052
              117.2827467048,1.8903194988,29.052
              117.2827601953,1.8903397112,29.058
              117.2827607575,1.8903411247,29
              117.2827697531,1.8903667096,29
              117.2827787488,1.8903922945,29.016
              117.2827787494,1.8903962526,29
              117.2827776299,1.8904232527,29
              117.2827765103,1.8904503942,28.612
              117.2827781988,1.8904662263,28.16
              117.2827922478,1.8904648104,27.955
              117.2828192218,1.8904618374,27.518
              117.2828461958,1.8904590058,27.148
              117.2828450737,1.8904703149,26.682
              117.2828422682,1.8904973153,25.42
              117.2828433925,1.8904992941,25.15
              117.2828456439,1.8905210634,23.554
              117.2828484581,1.8905480629,22.731
              117.2828484586,1.8905513142,22.702
              117.2828484630,1.8905784555,21.877
              117.2828484674,1.8906055968,20.052
              117.2828709479,1.8906161952,20.052
              117.2828934283,1.8906266522,20.052
              117.2829170321,1.8906331509,20.277
              117.2829220911,1.8906414904,20.333
              117.2829327692,1.8906455881,20.412
              117.2829580578,1.8906455840,20.632
              117.2829839084,1.8906457211,20.85
              117.2830097592,1.8906475546,20.977
              117.2830209985,1.8906471286,21.28
              117.2830311144,1.8906496715,21.417
              117.2830535925,1.8906457097,21.681
              117.2830755086,1.8906417480,21.956
              117.2830996735,1.8906432990,21.926
              117.2831255252,1.8906503628,21.607
              117.2831401372,1.8906550253,21.367
              117.2831659891,1.8906630786,20.958
              117.2831929641,1.8906661842,20.957
              117.2832199391,1.8906695724,20.937
              117.2832480387,1.8906766358,20.725
              117.2832761386,1.8906856783,20.411
              117.2833070485,1.8906955685,20.098
              117.2833334621,1.8907024909,19.966
              117.2833598754,1.8907068687,19.967
              117.2833862886,1.8907111052,19.98
              117.2834121394,1.8907127973,20.118
              117.2834391142,1.8907143479,20.264
              117.2834615955,1.8907301766,19.94
              117.2834812676,1.8907498225,19.383
              117.2835048720,1.8907604207,19.329
              117.2835307233,1.8907653641,19.584
              117.2835582599,1.8907659250,20.089
              117.2835869198,1.8907629518,20.787
              117.2836150183,1.8907630885,21.311
              117.2836403078,1.8907685974,21.543
              117.2836644740,1.8907780646,21.543
              117.2836903252,1.8907823012,21.846
              117.2837116825,1.8907977061,21.519
              117.2837352871,1.8908091524,21.42
              117.2837600163,1.8908252635,21.121
              117.2837740652,1.8908232821,21.257
              117.2838010391,1.8908196023,22.468
              117.2838285765,1.8908249695,22.95
              117.2838465623,1.8908427780,22.602
              117.2838662338,1.8908587486,22.379
              117.2838842197,1.8908765571,22.032
              117.2839055767,1.8908898415,21.984
              117.2839173793,1.8908976144,21.937
              117.2839269338,1.8909036914,21.9
              117.2839477290,1.8909181068,21.777
              117.2839685241,1.8909319568,21.687
              117.2839910056,1.8909493405,21.556
              117.2840095533,1.8909660180,21.306
              117.2840292247,1.8909809990,21.17
              117.2840477723,1.8909975352,20.92
              117.2840646344,1.8910160507,20.545
              117.2840814964,1.8910341421,20.191
              117.2841022915,1.8910482748,20.121
              117.2841275828,1.8910646685,20.123
              117.2841500648,1.8910844554,20.032
              117.2841714219,1.8910990120,20.034
              117.2841922172,1.8911137102,20.035
              117.2842130124,1.8911284083,20.035
              117.2842321213,1.8911402794,20.042
              117.2842579721,1.8911416888,20.116
              117.2842838237,1.8911481871,20.272
              117.2843096753,1.8911545441,20.429
              117.2843349650,1.8911611839,20.579
              117.2843608167,1.8911679650,20.718
              117.2843866684,1.8911751701,20.835
              117.2844125200,1.8911815271,21.003
              117.2844406184,1.8911815225,21.514
              117.2844692786,1.8911802455,22.099
              117.2844782718,1.8911905634,22.211
              117.2844956962,1.8912111992,22.418
              117.2845086206,1.8912054013,22.564
              117.2845327834,1.8911940884,22.729
              117.2845355931,1.8911935225,22.745
              117.2845625669,1.8911892772,22.96
              117.2845889788,1.8911850321,23.179
              117.2846159533,1.8911851690,23.378
              117.2846429278,1.8911853059,23.575
              117.2846699022,1.8911847360,23.803
              117.2846974388,1.8911855796,23.966
              117.2847272238,1.8911891087,23.966
              117.2847519511,1.8911933455,23.968
              117.2847761164,1.8911971582,23.988
              117.2848008438,1.8912019604,23.963
              117.2848244461,1.8911996947,24.296
              117.2848339996,1.8911998345,24.579
              117.2848435532,1.8912006811,24.84
              117.2848620961,1.8911878142,25.554
              117.2848800766,1.8911725443,26.393
              117.2848873811,1.8911661818,26.695
              117.2849070471,1.8911479430,27.489
              117.2849165997,1.8911427111,27.803
              117.2849402002,1.8911294192,28.511
              117.2849621152,1.8911186722,29.246
              117.2849840305,1.8911093387,29.906
              117.2850065078,1.8911004293,30.545
              117.2850188713,1.8911016995,30.767
              117.2850312347,1.8911022629,31.01
              117.2850537127,1.8910977356,31.312
              117.2850756285,1.8910913708,31.711
              117.2850981063,1.8910857126,32.066
              117.2851284510,1.8910760950,32.566
              117.2851509281,1.8910656306,33.232
              117.2851739673,1.8910562970,33.846
              117.2851964444,1.8910459739,34.506
              117.2852262262,1.8910304193,35.334
              117.2852470177,1.8910226410,35.899
              117.2852678093,1.8910151454,36.445
              117.2852891634,1.8910103356,36.845
              117.2853020882,1.8910076476,37.234
              117.2853178229,1.8910049592,37.497
              117.2853391761,1.8909952017,37.996
              117.2853633401,1.8909910983,38.194
              117.2853875043,1.8909885498,38.295
              117.2854105442,1.8909831743,38.562
              117.2854200975,1.8909821831,38.745
              117.2854431373,1.8909768076,38.874
              117.2854650527,1.8909683223,39.183
              117.2854880926,1.8909635123,39.286
              117.2855049514,1.8909618131,39.386
              117.2855223722,1.8909599726,39.467
              117.2855448497,1.8909527594,39.629
              117.2855667652,1.8909448396,39.838
              117.2855875565,1.8909353650,40.143
              117.2856162143,1.8909195278,40.643
              117.2856381292,1.8909079326,41.143
              117.2856600441,1.8908961960,41.643
              117.2856735302,1.8908894084,42.119
              117.2856842068,1.8908844590,42.439
              117.2857016259,1.8908724405,42.819
              117.2857167968,1.8908587259,43.319
              117.2857252247,1.8908488293,43.494
              117.2857420803,1.8908279050,43.874
              117.2857594979,1.8908069807,44.35
              117.2857701745,1.8908018900,44.759
              117.2857948992,1.8907904356,45.807
              117.2858196240,1.8907791227,46.845
              117.2858437868,1.8907676684,47.494
              117.2858701992,1.8907666745,47.923
              117.2858960501,1.8907692147,48.155
              117.2859202159,1.8907761374,48.155
              117.2859443817,1.8907830601,48.155
              117.2859685478,1.8907921032,48.045
              117.2859915901,1.8908018533,47.897
              117.2860146328,1.8908138652,47.624
              117.2860365522,1.8908299767,47.129
              117.2860562248,1.8908524498,46.3
              117.2860764592,1.8908737920,45.527
              117.2860966936,1.8908952755,44.748
              117.2861174896,1.8909146385,44.081
              117.2861388472,1.8909320223,43.526
              117.2861484018,1.8909389474,43.268
              117.2861703212,1.8909550590,42.823
              117.2861972992,1.8909759759,42.585
              117.2862164083,1.8909891193,42.403
              117.2862360793,1.8910022626,42.229
              117.2862529410,1.8910180922,41.868
              117.2862692409,1.8910351942,41.417
              117.2862872263,1.8910500341,41.132
              117.2863091462,1.8910692556,40.79
              117.2863293803,1.8910890428,40.584
              117.2863451180,1.8911045899,40.343
              117.2863569224,1.8911233889,39.825
              117.2863642317,1.8911455814,39.016
              117.2863715410,1.8911681979,38.186
              117.2863788501,1.8911896836,37.347
              117.2863884073,1.8912122997,36.544
              117.2863990881,1.8912335021,35.862
              117.2864137023,1.8912515939,35.407
              117.2864271911,1.8912613455,35.215
              117.2864401172,1.8912662910,35.134
              117.2864609103,1.8912678425,35.323
              117.2864861963,1.8912518646,36.446
              117.2864878825,1.8912538433,36.805
              117.2865019288,1.8912356054,37.675
              117.2865159752,1.8912184984,38.48
              117.2865300214,1.8912004019,39.345
              117.2865468782,1.8911864044,40.011
              117.2865687923,1.8911704269,40.605
              117.2865907066,1.8911547322,41.191
              117.2866092494,1.8911417239,41.707
              117.2866294776,1.8911256054,42.288
              117.2866474576,1.8911069428,43.046
              117.2866626279,1.8910896942,43.804
              117.2866783598,1.8910703252,44.594
              117.2866991485,1.8910450181,45.457
              117.2867205000,1.8910250827,46.226
              117.2867384809,1.8910122158,46.795
              117.2867575862,1.8910020347,47.199
              117.2867761292,1.8909902986,47.699
              117.2868031014,1.8909762994,48.199
              117.2868250168,1.8909675314,48.592
              117.2868458078,1.8909567845,49.092
              117.2868671609,1.8909460375,49.592
              117.2868890756,1.8909335941,50.169
              117.2869109907,1.8909232711,50.669
              117.2869312195,1.8909104039,51.305
              117.2869559438,1.8908965464,51.9
              117.2869817926,1.8908859401,52.383
              117.2870037081,1.8908783029,52.783
              117.2870273101,1.8908740582,53.008
              117.2870509123,1.8908709443,53.161
              117.2870818198,1.8908662742,53.273
              117.2871132892,1.8908610387,53.63
              117.2871380154,1.8908587728,53.88
              117.2871633036,1.8908563654,54.13
              117.2871880296,1.8908524032,54.456
              117.2872133185,1.8908546608,54.466
              117.2872386078,1.8908586147,54.387
              117.2872638970,1.8908622858,54.323
              117.2872796317,1.8908600214,54.609
              117.2872942416,1.8908521028,55.143
              117.2873150318,1.8908361256,55.913
              117.2873358221,1.8908207138,56.644
              117.2873532411,1.8908084124,57.325
              117.2873667267,1.8907986563,57.833
              117.2873830215,1.8907843761,58.457
              117.2873987541,1.8907692479,59.13
              117.2874144867,1.8907538369,59.824
              117.2874302196,1.8907402637,60.422
              117.2874470763,1.8907262661,61.018
              117.2874656195,1.8907153782,61.423
              117.2874948398,1.8907025095,61.591
              117.2875257462,1.8906911955,62.021
              117.2875476617,1.8906835584,62.421
              117.2875701392,1.8906760625,62.821
              117.2875920547,1.8906684253,63.221
              117.2876049793,1.8906646064,63.59
              117.2876156561,1.8906605052,63.94
              117.2876330751,1.8906482039,64.44
              117.2876471216,1.8906322278,65.175
              117.2876645389,1.8906094657,66.11
              117.2876903867,1.8905923568,66.806
              117.2877167989,1.8905909387,66.754
              117.2877398383,1.8905825946,67.113
              117.2877600667,1.8905680311,67.817
              117.2877786091,1.8905520542,68.62
              117.2877977134,1.8905363599,69.392
              117.2878190664,1.8905253302,69.892
              117.2878370483,1.8905186833,70.275
              117.2878527824,1.8905123194,70.606
              117.2878702014,1.8905003008,71.106
              117.2878893067,1.8904906851,71.456
              117.2879056014,1.8904761222,72.111
              117.2879196489,1.8904656591,72.611
              117.2879365060,1.8904534993,73.111
              117.2879505527,1.8904383713,73.798
              117.2879640372,1.8904216885,74.581
              117.2879775220,1.8904068433,75.285
              117.2879926929,1.8903931288,75.886
              117.2880101122,1.8903826652,76.264
              117.2880280936,1.8903730496,76.598
              117.2880539418,1.8903587679,77.004
              117.2880736090,1.8903488693,77.416
              117.2880932764,1.8903395362,77.796
              117.2881174390,1.8903272338,78.175
              117.2881455353,1.8903146480,78.683
              117.2881691363,1.8903044660,79.183
              117.2881921753,1.8902941428,79.683
              117.2882213962,1.8902852322,80.004
              117.2882523037,1.8902808449,80.167
              117.2882792782,1.8902809817,80.156
              117.2883073771,1.8902836629,80.005
              117.2883332268,1.8902787109,80.275
              117.2883573898,1.8902683876,80.826
              117.2883798663,1.8902553786,81.53
              117.2883967194,1.8902191874,82
              117.2884461649,1.8901721059,82
              117.2884916800,1.8901460879,82
              117.2885484373,1.8901367486,82
              117.2886518427,1.8901565219,82
              117.2886799412,1.8901573653,82
              117.2887192764,1.8901413850,82
              117.2887866882,1.8899937929,82
              117.2888344458,1.8899354028,82
              117.2889310925,1.8898637167,82
              117.2890007704,1.8898263857,82
              117.2890142353,1.8896913838,82
              117.2890277002,1.8895563818,82
              117.2892165078,1.8894733714,86.629
              117.2892580841,1.8894171028,88.818
              117.2894131701,1.8893130351,93.727
              117.2896986250,1.8891635688,101.468
              117.2897576233,1.8891129517,103.675
              117.2898334831,1.8890775987,105.598
              117.2898930423,1.8890213271,107.984
              117.2899632919,1.8890426608,108.098
              117.2900813189,1.8891259026,106.84
              117.2901127964,1.8891698605,105.835
              117.2903696379,1.8893035448,104.557
              117.2904854213,1.8894115250,102.511
              117.2905478151,1.8895043887,100.346
              117.2906163813,1.8895407069,99.983
              117.2908304949,1.8895635713,101.639
              117.2909176048,1.8895928183,101.701
              117.2910024708,1.8896459557,101.003
              117.2911609523,1.8896853687,101.533
              117.2914987033,1.8897343640,103.747
              117.2915301814,1.8897821386,102.626
              117.2915369300,1.8898115406,102
              117.2915493162,1.8899492240,102
              117.2915358515,1.8900842259,102
              117.2915229284,1.8900970919,102.934
              117.2915100052,1.8901093925,103.748
              117.2914976439,1.8901218344,104.585
              117.2914847208,1.8901344177,105.451
              117.2914717976,1.8901470010,106.328
              117.2914594364,1.8901595842,107.177
              117.2914465133,1.8901725916,108.167
              117.2914341521,1.8901853161,109.078
              117.2914217910,1.8901981821,110.044
              117.2914083058,1.8902103414,110.769
              117.2913953825,1.8902226419,111.574
              117.2913818971,1.8902335290,111.99
              117.2913661632,1.8902408824,111.388
              117.2913504295,1.8902490840,111.051
              117.2913363819,1.8902588403,111.153
              117.2913212103,1.8902678899,111.053
              117.2913155910,1.8902704354,110.831
              117.2913060405,1.8902879658,111.083
              117.2912869398,1.8903255710,111.099
              117.2912650288,1.8903599254,111.05
              117.2912419936,1.8903927250,110.567
              117.2912189583,1.8904252419,110
              117.2911981711,1.8904590306,110
              117.2911796310,1.8904881541,109.985
              117.2911683979,1.8905254753,110
              117.2911577268,1.8905635032,110.263
              117.2911577332,1.8906022361,110.754
              117.2911554927,1.8906460583,110.819
              117.2911526901,1.8906898807,110.767
              117.2911476397,1.8907335620,110.167
              117.2911431512,1.8907772433,109.648
              117.2911386628,1.8908209246,109.19
              117.2911279926,1.8908641828,107.234
              117.2911178844,1.8909075823,105.388
              117.2911094620,1.8909505574,104.011
              117.2911044114,1.8909932493,102.706
              117.2910987989,1.8910365067,101.338
              117.2910931864,1.8910796227,100
              117.2910858808,1.8910791998,100
              117.2910645270,1.8910854233,100
              117.2910510414,1.8910951795,100
              117.2910448592,1.8910917879,100
              117.2910313782,1.8911293922,98.744
              117.2909768917,1.8912762753,92.964
              117.2909454368,1.8913681652,90
              117.2909409407,1.8913660456,90
              117.2909280152,1.8913650582,90
              117.2909235191,1.8913629385,90
              117.2909016022,1.8913622354,90
              117.2908791347,1.8914293857,88.158
              117.2908645275,1.8914532781,87.417
              117.2908313797,1.8915034668,85.459
              117.2907791256,1.8915576169,83.272
              117.2907145074,1.8916069627,81.237
              117.2906386468,1.8916377922,80.009
              117.2906369609,1.8916380752,80
              117.2905908802,1.8916421824,80
              117.2905790788,1.8916416189,80
              117.2905751445,1.8916387924,80
              117.2905425498,1.8916354052,80
              117.2905358056,1.8916321550,80
              117.2904902896,1.8916530841,80
              117.2904824232,1.8916597294,80
              117.2903099000,1.8916668265,84.086
              117.2901767152,1.8916780164,88.612
              117.2900547759,1.8917256756,88.573
              117.2898884408,1.8917712217,84.21
              117.2898243787,1.8917852272,80.817
              117.2898075224,1.8918021934,80
              117.2898075221,1.8918003557,80
              117.2898103283,1.8917783029,80
              117.2898187554,1.8917638827,80
              117.2898333607,1.8917279745,80
              117.2897878432,1.8917398565,78.147
              117.2897097437,1.8918253930,76.257
              117.2895984950,1.8919526365,72.057
              117.2895411846,1.8920154104,70
              117.2895361246,1.8920021233,70
              117.2895187013,1.8919881315,70
              117.2895119562,1.8919790855,70
              117.2894546447,1.8920356395,67.91
              117.2893411485,1.8921652865,63.639
              117.2892113500,1.8922636955,60.28
              117.2891978647,1.8922757134,60
              117.2892051665,1.8922529531,60
              117.2892074123,1.8922402302,60
              117.2892034774,1.8922331628,60
              117.2892034762,1.8922259534,60
              117.2891961687,1.8922147871,60
              117.2891770641,1.8922290678,59.502
              117.2891214376,1.8922799671,58.027
              117.2891079532,1.8922967913,57.407
              117.2890984053,1.8923307195,57.002
              117.2890529020,1.8924282661,55.706
              117.2889658131,1.8925266679,52.415
              117.2889118685,1.8925535356,50
              117.2889118682,1.8925514151,50
              117.2889163617,1.8925379851,50
              117.2889180451,1.8925230006,50
              117.2889180425,1.8925074509,50
              117.2889208498,1.8924916180,50
              117.2888303822,1.8925488843,48.282
              117.2887455302,1.8925807047,47.603
              117.2886280823,1.8926027767,45.428
              117.2884359014,1.8926790024,50
              117.2884359020,1.8926821123,50
              117.2884246646,1.8926942713,50
              117.2884212956,1.8927115178,50
              117.2883920774,1.8927365436,50
              117.2883909539,1.8927393710,50
              117.2882605875,1.8928024398,55.736
              117.2880622204,1.8928511011,53.611
              117.2878571109,1.8929071143,52.718
              117.2876469389,1.8929345734,53.427
              117.2874581255,1.8929845053,60
              117.2874575669,1.8930050028,60
              117.2874463298,1.8930192821,60
              117.2874407123,1.8930320055,60
              117.2874019393,1.8930495407,63.045
              117.2873620411,1.8930597254,64.334
              117.2873221429,1.8930692032,65.498
              117.2872833689,1.8930810840,67.208
              117.2872434699,1.8930856142,67.208
              117.2872063804,1.8930890130,66.961
              117.2871715402,1.8931000450,66.966
              117.2871333280,1.8931107948,66.711
              117.2870962400,1.8931226753,66.711
              117.2870557803,1.8931352631,66.711
              117.2870158824,1.8931468614,66.452
              117.2869754224,1.8931581770,66.128
              117.2869332759,1.8931652521,64.777
              117.2869079874,1.8931662458,63.169
              117.2868804501,1.8931608787,60
              117.2868821352,1.8931563548,60
              117.2868810103,1.8931505592,60
              117.2868810065,1.8931269519,60
              117.2868860618,1.8931126736,60.219
              117.2868776325,1.8931140887,59.949
              117.2868416682,1.8931245553,59.721
              117.2868051419,1.8931350221,59.491
              117.2867686156,1.8931453476,59.247
              117.2867320893,1.8931559557,59.036
              117.2866910675,1.8931678369,58.771
              117.2866489199,1.8931679852,58.491
              117.2866123919,1.8931684154,58.316
              117.2865753020,1.8931685629,58.056
              117.2865387740,1.8931687103,57.813
              117.2864938165,1.8931691419,57.581
              117.2864488590,1.8931695735,57.317
              117.2864033395,1.8931694397,56.957
              117.2863589441,1.8931705779,56.886
              117.2863145486,1.8931711507,56.68
              117.2862701531,1.8931717236,56.477
              117.2862257576,1.8931722964,56.27
              117.2861808001,1.8931725866,56
              117.2861364048,1.8931740075,56
              117.2860920094,1.8931754285,56
              117.2860476141,1.8931769909,56
              117.2860032188,1.8931784118,56
              117.2859588234,1.8931798328,56
              117.2859144283,1.8931823847,56.273
              117.2858700331,1.8931850779,56.582
              117.2858256381,1.8931884779,57.028
              117.2857812430,1.8931915952,57.438
              117.2857362857,1.8931930163,57.438
              117.2856947000,1.8931933059,57.166
              117.2856536763,1.8931934541,56.891
              117.2856115283,1.8931916234,56.138
              117.2855699404,1.8931784837,52.704
              117.2855283537,1.8931728361,51.05
              117.2854907020,1.8931745387,50.545
              117.2854524887,1.8931780790,50.48
              117.2854148370,1.8931797816,50
              117.2854142696,1.8931462792,50
              117.2854103339,1.8931348296,50
              117.2854103338,1.8931341228,49.835
              117.2853968466,1.8931344077,49.591
              117.2853316583,1.8931352667,48.256
              117.2852428670,1.8931347159,45.997
              117.2851529492,1.8931183329,40
              117.2851506985,1.8931010873,40
              117.2851551896,1.8930725316,40
              117.2851169753,1.8930698521,38.453
              117.2850332405,1.8930615256,34.513
              117.2849517545,1.8930589946,31.97
              117.2849051130,1.8930708766,30
              117.2849011786,1.8930672019,30
              117.2848466641,1.8930462895,30
              117.2848298029,1.8930332871,30
              117.2848219335,1.8930219795,30
              117.2848179960,1.8929993624,30
              117.2848281045,1.8929566697,30
              117.2847696618,1.8929694018,27.056
              117.2846825608,1.8929954266,24.286
              117.2846038928,1.8930426542,26.865
              117.2845179168,1.8930757469,28.282
              117.2844808299,1.8930946953,30
              117.2844842027,1.8931004906,30
              117.2844903872,1.8931178770,30
              117.2844887016,1.8931198563,30
              117.2845044405,1.8931426128,30
              117.2845218643,1.8931594319,30
              117.2845432266,1.8932055121,30
              117.2845499718,1.8932152648,30
              117.2844791704,1.8932564126,34.311
              117.2843128365,1.8933119949,35.205
              117.2841442533,1.8933592373,34
              117.2839683651,1.8934100148,33.097
              117.2838666505,1.8934217646,30
              117.2838554102,1.8934161120,30
              117.2838188782,1.8933916625,30
              117.2838037036,1.8933829007,30
              117.2837772878,1.8933629731,30
              117.2837660467,1.8933522315,30
              117.2837441278,1.8933393713,30
              117.2837250197,1.8933323064,30
              117.2837149027,1.8933228369,30
              117.2837087207,1.8933210002,30
              117.2836598303,1.8933268040,28.545
              117.2835929578,1.8933381239,27.347
              117.2835260853,1.8933501506,26.28
              117.2834597754,1.8933652871,26
              117.2833940276,1.8933815545,26
              117.2833265932,1.8933934399,24.918
              117.2832608452,1.8934088590,24.71
              117.2831945353,1.8934238542,24.385
              117.2831287877,1.8934419592,24.813
              117.2830675349,1.8934535609,24
              117.2830045955,1.8934604979,22.03
              117.2829439044,1.8934708272,20.926
              117.2829062559,1.8934923203,20
              117.2828472479,1.8934845551,20
              117.2828410660,1.8934830011,20
              117.2827826266,1.8935167960,18.611
              117.2827067679,1.8935611958,16.896
              117.2826314713,1.8936067264,15.519
              117.2825561746,1.8936515502,13.895
              117.2824803160,1.8936965154,12.371
              117.2824067057,1.8937443075,11.556
              117.2823375885,1.8937754182,10.499
              117.2823151112,1.8937848931,10
              117.2822982518,1.8937827755,10
              117.2822780215,1.8937864542,10
              117.2822701551,1.8937939476,10
              117.2822594771,1.8937906980,10
              117.2822212624,1.8937854739,10
              117.2822190143,1.8937843434,9.987
              117.2822004709,1.8937942417,9.985
              117.2821184298,1.8938345430,9.399
              117.2820504359,1.8938619782,7.702
              117.2819835662,1.8938908268,6.361
              117.2819178210,1.8939237747,6.033
              117.2818481404,1.8939461211,3.042
              117.2817795842,1.8939717187,0.832
              117.2814907534,1.8941062002,-10
              117.2814053800,1.8943917634,-20
              117.2813908256,1.8947438960,-30
              117.2813914420,1.8950807592,-40
              117.2814341771,1.8952382284,-44.519
              117.2816241363,1.8953201867,-45
              117.2817753167,1.8953841985,-45
              117.2819838214,1.8954691224,-45
              117.2821541092,1.8955359582,-45
              117.2825233482,1.8956868712,-45
              117.2826284415,1.8957168225,-45
              117.2828234550,1.8957770102,-45
              117.2829600209,1.8958206683,-45
              117.2832280957,1.8959127916,-45
              117.2833635379,1.8959574394,-45
              117.2835006656,1.8960001078,-45
              117.2837625828,1.8962393888,-50
              117.2839457912,1.8962762538,-50
              117.2840980897,1.8963037941,-50
              117.2843217593,1.8963369769,-50
              117.2844077436,1.8963542088,-50
              117.2845015965,1.8963776592,-50
              117.2846662615,1.8964245638,-50
              117.2848219336,1.8964624228,-50
              117.2848219336,1.8964624228,-50
              117.2852209489,1.8965617334,-50
              117.2854007859,1.8966014260,-50
              117.2855671333,1.8966262780,-50
              117.2855671333,1.8966262780,-50
              117.2859402893,1.8966727237,-50
              117.2861201242,1.8966991283,-50
              117.2862999600,1.8967307633,-50
              117.2863572833,1.8967447485,-50
              117.2864797960,1.8967636704,-50
              117.2866843560,1.8967805997,-50
              117.2868029339,1.8967933024,-50
              117.2870029995,1.8968184313,-50
              117.2871597931,1.8968414470,-50
              117.2873789663,1.8968701066,-50
              117.2877386364,1.8969243291,-50
              117.2879184700,1.8969425346,-50
              117.2880600867,1.8969435004,-50
              117.2880983004,1.8969417977,-50
              117.2884101934,1.8969382114,-50
              117.2882522800,1.8969400755,-50
              117.2887754729,1.8969303752,-50
              117.2888103197,1.8969580761,-40
              117.2888451671,1.8969893111,-40
              117.2888580993,1.8970310103,-30
              117.2888811466,1.8970700221,-30
              117.2888985720,1.8970960296,-22.592
              117.2888811466,1.8970700221,-30
              117.2888985720,1.8970960296,-22.592
              117.2888227136,1.8971419846,-22.92
              117.2887496656,1.8971913318,-22.304
              117.2886766177,1.8972416686,-21.414
              117.2886052562,1.8972939841,-19.997
              117.2885310841,1.8973424833,-19.619
              117.2884529770,1.8973840566,-21.179
              117.2883782428,1.8974312836,-21.179
              117.2882962009,1.8974667790,-24.439
              117.2882180939,1.8975083522,-26
              117.2881456089,1.8975642019,-23.922
              117.2880556973,1.8975865520,-26.916
              117.2879742175,1.8976226127,-26.152
              117.2879006088,1.8976794521,-20.113
              117.2878151938,1.8977071731,-21.512
              117.2877320276,1.8977404069,-21.512
              117.2876471747,1.8977685519,-22.785
              117.2875600729,1.8977910428,-25.514
              117.2874740956,1.8978166435,-27.42
              117.2873914909,1.8978470500,-28
              117.2873296843,1.8979086936,-26.598
              117.2872583228,1.8979619986,-28.103
              117.2871897716,1.8980179890,-28.74
              117.2871229066,1.8980760995,-28.74
              117.2870526692,1.8981301111,-30
              117.2869874904,1.8981899177,-29.45
              117.2869189393,1.8982463322,-30
              117.2868565709,1.8983092482,-28.449
              117.2867902681,1.8983686308,-28.064
              117.2867234031,1.8984267413,-28.064
              117.2866728383,1.8985035088,-22.198
              117.2865936082,1.8985505952,-26.097
              117.2865115668,1.8985894831,-26.091
              117.2864323351,1.8986273811,-26.091
              117.2863525414,1.8986649964,-26.157
              117.2862727478,1.8987030357,-26.093
              117.2861929541,1.8987409338,-26.093
              117.2861131604,1.8987788318,-26.093
              117.2860378640,1.8988259175,-23.663
              117.2859631297,1.8988739927,-21.006
              117.2858810875,1.8989077916,-22.069
              117.2857973589,1.8989386222,-24.001
              117.2857158783,1.8989705833,-24
              117.2856338352,1.8989991519,-24.741
              117.2855529163,1.8990299820,-24.923
              117.2854731221,1.8990646287,-24.153
              117.2853905167,1.8990912183,-25.409
              117.2853107223,1.8991251582,-24.826
              117.2852286791,1.8991534440,-25.646
              117.2851870952,1.8991650425,-26.735
              117.2851016801,1.8991929048,-27.898
              117.2850185136,1.8992252902,-27.898
              117.2849370338,1.8992620576,-26.764
              117.2848544298,1.8992976943,-25.924
              117.2847712634,1.8993300797,-25.924
              117.2846880969,1.8993624651,-25.924
              117.2846043684,1.8993947093,-25.924
              117.2845212020,1.8994270948,-25.924
              117.2844402844,1.8994659824,-24.279
              117.2843571181,1.8994993574,-24
              117.2842739516,1.8995317428,-24
              117.2842599032,1.8995372582,-24.009
              117.2842509118,1.8995382492,-24
              117.2841699890,1.8995444825,-24.638
              117.2840885027,1.8995423756,-27.245
              117.2840143239,1.8995510108,-27.178
              117.2839401455,1.8995623320,-26.426
              117.2838659673,1.8995745013,-25.49
              117.2837917888,1.8995855397,-24.83
              117.2837176104,1.8995968608,-24.09
              117.2836434317,1.8996064856,-23.789
              117.2835686908,1.8996144142,-23.835
              117.2834945123,1.8996253112,-23.22
              117.2834203339,1.8996364910,-22.522
              117.2833461553,1.8996466812,-22.044
              117.2832725392,1.8996598399,-20.891
              117.2831983609,1.8996718678,-20
              117.2831236199,1.8996792309,-20.199
              117.2830488785,1.8996848977,-20.824
              117.2829746996,1.8996931088,-20.824
              117.2828853477,1.8997028775,-20.824
              117.2827959951,1.8997079812,-21.947
              117.2827072051,1.8997176083,-22
              117.2826184152,1.8997275182,-22
              117.2825296250,1.8997354490,-22.43
              117.2824402726,1.8997426731,-23.054
              117.2823509199,1.8997472114,-24.298
              117.2822615675,1.8997541528,-24.992
              117.2821727772,1.8997615181,-25.591
              117.2820834248,1.8997681768,-26.347
              117.2819946346,1.8997766730,-26.657
              117.2819052820,1.8997822007,-27.69
              117.2818159293,1.8997868803,-28.898
              117.2813944417,1.8997325254,-30
              117.2813691459,1.8996889904,-30
              117.2813837536,1.8996672184,-30
              117.2814006143,1.8996766868,-30
              117.2814118537,1.8996765436,-30
              117.2814202830,1.8996748459,-30
              117.2814281511,1.8996778132,-30
              117.2814371424,1.8996759740,-30
              117.2814444481,1.8996766796,-30
              117.2814478196,1.8996747000,-30
              117.2814472570,1.8996708834,-30
              117.2814731043,1.8996498164,-30
              117.2814809699,1.8996375167,-30
              117.2814787210,1.8996308731,-30
              117.2814893958,1.8996146148,-30
              117.2814612958,1.8996061377,-30
              117.2814500553,1.8995996370,-30
              117.2814264523,1.8995982272,-30
              117.2814208323,1.8995965318,-30
              117.2814168976,1.8995911607,-30
              117.2814011609,1.8995814094,-30
              117.2813736232,1.8995746286,-30
              117.2813708123,1.8995686919,-30
              117.2813629436,1.8995617665,-30
              117.2813539513,1.8995571031,-30
              117.2813415878,1.8995561156,-30
              117.2813157341,1.8995374601,-30
              117.2813129241,1.8995367538,-30
              117.2813005612,1.8995395830,-30
              117.2812955043,1.8995449556,-30
              117.2812690921,1.8995479285,-30
              117.2812617862,1.8995463747,-30
              117.2812561659,1.8995428416,-30
              117.2812303142,1.8995363432,-30
              117.2812140150,1.8995239061,-30
              117.2811836674,1.8995167017,-30
              117.2811797328,1.8995120374,-30
              117.2811561302,1.8995135963,-30.463
              117.2810707118,1.8995211024,-31.7
              117.2809774258,1.8995295993,-33.041
              117.2809555074,1.8995202730,-32.839
              117.2809167286,1.8995028920,-32.637
              117.2808773879,1.8994866419,-32.148
              117.2808380471,1.8994692609,-31.955
              117.2807998301,1.8994511730,-31.955
              117.2807610511,1.8994328024,-32
              117.2807228339,1.8994131594,-32.394
              117.2806857404,1.8993923854,-33.05
              117.2806475232,1.8993733079,-33.3
              117.2806087443,1.8993550787,-33.3
              117.2805699654,1.8993378390,-33.091
              117.2805334346,1.8993211643,-33.02
              117.2804974657,1.8993044896,-32.959
              117.2804614969,1.8992882390,-32.779
              117.2804255280,1.8992712815,-32.779
              117.2803901208,1.8992526276,-33.264
              117.2803547136,1.8992343979,-33.596
              117.2803344811,1.8992246472,-33.596
              117.2803344811,1.8992246472,-33.897
              117.2803361688,1.8992360972,-34.197
              117.2803434801,1.8992708708,-34.798
              117.2803524771,1.8993052201,-35.104
              117.2803586645,1.8993402766,-36
              117.2803614743,1.8993402762,-36
              117.2801007322,1.8994190568,-35.989
              117.2800889255,1.8993865457,-35.684
              117.2800788047,1.8993536102,-35.785
              117.2800681220,1.8993209575,-35.698
              117.2800580012,1.8992880221,-35.74
              117.2800535031,1.8992734626,-35.788
              117.2800315810,1.8992409532,-35.921
              117.2800068493,1.8992101405,-35.227
              117.2799815556,1.8991793279,-34.533
              117.2799568238,1.8991482325,-33.939
              117.2799349017,1.8991154403,-34.073
              117.2799141039,1.8990853338,-34.225
              117.2799006158,1.8990803884,-33.844
              117.2798607125,1.8990600389,-33.955
              117.2798196855,1.8990409618,-33.687
              117.2797786587,1.8990227329,-33.241
              117.2797376317,1.8990036559,-32.995
              117.2796966047,1.8989848615,-32.666
              117.2796561397,1.8989660671,-32.336
              117.2796151128,1.8989474141,-32
              117.2795757713,1.8989255096,-32.487
              117.2795364297,1.8989034637,-33.032
              117.2794970882,1.8988817005,-33.519
              117.2794571849,1.8988605028,-33.825
              117.2794172816,1.8988400119,-33.936
              117.2793768164,1.8988198039,-34
              117.2793363513,1.8988000199,-33.936
              117.2792964480,1.8987798118,-34
              117.2792559829,1.8987600278,-33.936
              117.2792155177,1.8987398197,-34
              117.2791750526,1.8987200358,-33.936
              117.2791351494,1.8986998276,-34
              117.2790946843,1.8986800437,-33.936
              117.2790542191,1.8986598356,-34
              117.2790137540,1.8986401930,-33.905
              117.2789738508,1.8986199848,-33.946
              117.2789333855,1.8985996354,-34.057
              117.2789182111,1.8985920044,-34.098
              117.2788979783,1.8985808401,-34.098
              117.2788777457,1.8985702413,-34.098
              117.2788412146,1.8985518703,-34.098
              117.2788041215,1.8985334994,-34.098
              117.2787670284,1.8985149871,-34.098
              117.2787299353,1.8984964749,-34.098
              117.2786928423,1.8984781039,-34.098
              117.2786523771,1.8984580372,-34.098
              117.2786119120,1.8984379705,-34.098
              117.2785720088,1.8984179037,-34.098
              117.2785315436,1.8983978370,-34.098
              117.2784910784,1.8983774876,-34.17
              117.2784511752,1.8983572794,-34.217
              117.2784107100,1.8983369300,-34.286
              117.2783708068,1.8983168632,-34.286
              117.2783297799,1.8982976447,-34.069
              117.2782898767,1.8982775779,-34.069
              117.2782494115,1.8982575112,-34.069
              117.2782089464,1.8982374445,-34.069
              117.2781684812,1.8982173778,-34.069
              117.2781285781,1.8981973109,-34.069
              117.2780881129,1.8981772442,-34.069
              117.2780482097,1.8981568947,-34.119
              117.2780083064,1.8981359797,-34.357
              117.2779684031,1.8981149234,-34.61
              117.2779279379,1.8980948566,-34.61
              117.2778874728,1.8980747899,-34.61
              117.2778481314,1.8980537335,-34.864
              117.2778082281,1.8980329598,-35.082
              117.2777683248,1.8980120448,-35.289
              117.2777284215,1.8979909885,-35.573
              117.2777059408,1.8979792592,-35.645
              117.2776828981,1.8979679540,-35.645
              117.2776435572,1.8979494421,-35.645
              117.2776042162,1.8979307887,-35.645
              117.2775643133,1.8979119942,-35.645
              117.2775249723,1.8978933409,-35.645
              117.2774856312,1.8978736980,-35.879
              117.2774446042,1.8978544795,-35.879
              117.2774041392,1.8978351196,-35.93
              117.2773636742,1.8978159010,-35.93
              117.2773226472,1.8977966825,-35.93
              117.2772821822,1.8977774640,-35.93
              117.2772411553,1.8977585282,-35.879
              117.2772006903,1.8977393096,-35.879
              117.2771596634,1.8977203739,-35.826
              117.2771186365,1.8977012967,-35.768
              117.2770781715,1.8976823609,-35.708
              117.2770371446,1.8976632837,-35.661
              117.2769961178,1.8976449134,-35.461
              117.2769590249,1.8976278147,-35.394
              117.2769224941,1.8976105745,-35.351
              117.2768831533,1.8975930521,-35.153
              117.2768679783,1.8975817456,-35.118
              117.2768595477,1.8975755271,-35.1
              117.2768516792,1.8975700153,-35.083
              117.2768218912,1.8975479678,-35.039
              117.2767921034,1.8975266270,-34.847
              117.2767623154,1.8975047209,-34.782
              117.2767477025,1.8974941211,-34.782
              117.2767134184,1.8974699539,-34.597
              117.2766796962,1.8974450798,-34.547
              117.2766454121,1.8974207712,-34.361
              117.2766111279,1.8973960385,-34.311
              117.2765858364,1.8973783725,-34.14
              117.2765880847,1.8973810580,-32.32
              117.2766173126,1.8974151213,-31.336
              117.2766471025,1.8974494672,-30.413
              117.2766746448,1.8974852272,-30.013
              117.2767010633,1.8975218354,-30
              117.2767274818,1.8975585850,-30
              117.2767539002,1.8975947692,-29.807
              117.2767820044,1.8976305290,-29.407
              117.2768084228,1.8976668546,-29.259
              117.2768354033,1.8977033214,-29.169
              117.2768618217,1.8977396469,-29.032
              117.2768888021,1.8977758310,-28.853
              117.2769157825,1.8978122978,-28.712
              117.2769427629,1.8978486233,-28.564
              117.2769691813,1.8978850902,-28.469
              117.2769955998,1.8979214157,-28.344
              117.2770225802,1.8979577412,-28.206
              117.2770495606,1.8979940666,-28.056
              117.2770771029,1.8980298265,-27.656
              117.2771057690,1.8980645967,-26.921
              117.2771349969,1.8980989427,-26
              117.2771608533,1.8981344202,-26
              117.2771928899,1.8981611323,-26
              117.2772277367,1.8981896816,-26
              117.2772625834,1.8982180895,-26
              117.2772968682,1.8982466389,-26
              117.2773317150,1.8982751883,-26
              117.2773659998,1.8983037377,-26
              117.2774008466,1.8983322870,-26
              117.2774356934,1.8983608363,-26
              117.2774699782,1.8983892443,-26
              117.2775048250,1.8984177936,-26
              117.2772817497,1.8985900074,-26
              117.2772446556,1.8985648511,-26
              117.2772075615,1.8985396948,-26
              117.2771704673,1.8985145385,-26
              117.2771333732,1.8984893822,-26
              117.2770962791,1.8984642260,-26
              117.2770591849,1.8984390697,-26
              117.2770220908,1.8984139134,-26
              117.2769849967,1.8983887571,-26
              117.2769473406,1.8983636009,-26
              117.2769102465,1.8983384446,-26
              117.2769091224,1.8983373139,-26
              117.2768793336,1.8983107428,-26
              117.2768484212,1.8982855855,-25.517
              117.2768175088,1.8982602869,-25.073
              117.2767871582,1.8982344227,-24.806
              117.2767573695,1.8982079930,-24.758
              117.2767275808,1.8981814219,-24.711
              117.2766983540,1.8981547093,-24.711
              117.2766674412,1.8981270075,-24.713
              117.2766382129,1.8980903997,-24.974
              117.2766089848,1.8980557710,-24.974
              117.2765803188,1.8980210008,-25.029
              117.2765522146,1.8979858064,-25.222
              117.2765246723,1.8979499051,-25.695
              117.2764965681,1.8979144280,-26
              117.2764679021,1.8978797991,-26
              117.2764386740,1.8978451704,-26
              117.2764100080,1.8978105415,-26
              117.2763807800,1.8977759128,-26
              117.2763515520,1.8977412840,-26
              117.2763228860,1.8977066551,-26
              117.2762936580,1.8976720264,-26
              117.2762649919,1.8976373975,-26
              117.2762357639,1.8976027688,-26
              117.2762070979,1.8975681399,-26
              117.2761801177,1.8975328040,-26.467
              117.2761587594,1.8975116032,-26.525
              117.2761368392,1.8974905439,-26.482
              117.2761025548,1.8974645390,-26.171
              117.2760682702,1.8974371205,-26.171
              117.2760339856,1.8974097019,-26.171
              117.2759997010,1.8973822834,-26.171
              117.2759648546,1.8973557131,-25.863
              117.2759283226,1.8973311221,-25
              117.2758951617,1.8973022898,-25.42
              117.2758597534,1.8972765677,-24.907
              117.2758226595,1.8972522596,-23.931
              117.2757889369,1.8972248410,-23.931
              117.2757546523,1.8971972810,-23.931
              117.2757203677,1.8971700038,-23.881
              117.2756849594,1.8971437164,-23.519
              117.2756484273,1.8971191254,-22.684
              117.2756124572,1.8970938275,-22
              117.2755781726,1.8970664090,-22
              117.2755438880,1.8970389904,-22
              117.2755101654,1.8970114304,-22
              117.2754758808,1.8969840118,-22
              117.2754415963,1.8969565933,-22
              117.2754073117,1.8969290334,-22
              117.2753730271,1.8969016148,-22
              117.2753370564,1.8968727829,-22
              117.2753089541,1.8968494628,-21.78
              117.2752808520,1.8968269909,-21.426
              117.2752521880,1.8968046604,-21.072
              117.2752240859,1.8967821885,-20.718
              117.2752167793,1.8967762525,-20.624
              117.2751954171,1.8967297481,-20.054
            </coordinates>
          </LinearRing>
        </outerBoundaryIs>
      </Polygon>
    </Placemark>
    <Placemark>
      <description>CROPLINE_COAL_2025_BDY_PIT</description>
      <styleUrl>#area1</styleUrl>
      <Polygon>
        <altitudeMode>relativeToGround</altitudeMode>
        <extrude>1</extrude>
        <outerBoundaryIs>
          <LinearRing>
            <coordinates>
              117.2649493622,1.8880440034,47.944
              117.2646020888,1.8881984230,35
              117.2645947839,1.8882028063,35
              117.2645650024,1.8882217533,35
              117.2645560118,1.8882274091,35
              117.2645279160,1.8882452250,35
              117.2645211730,1.8882491841,35
              117.2645104967,1.8882561124,35
              117.2645026302,1.8882631817,35.417
              117.2644846490,1.8882750588,35.551
              117.2644683531,1.8882834016,35.163
              117.2644677912,1.8882836844,35.164
              117.2644638577,1.8882853813,35
              117.2644616100,1.8882866539,35
              117.2644565528,1.8882899060,35
              117.2644048565,1.8883222857,35
              117.2643790085,1.8883388289,35
              117.2643761989,1.8883405256,35
              117.2643492275,1.8883614512,35.815
              117.2643469799,1.8883632893,35.89
              117.2643419228,1.8883669654,35.982
              117.2643379894,1.8883699346,36.104
              117.2643127035,1.8883877500,36.437
              117.2643110177,1.8883885984,36.446
              117.2643082084,1.8883921329,36.403
              117.2642874186,1.8884119266,35.678
              117.2642677525,1.8884304480,35
              117.2642452777,1.8884570273,35
              117.2642317929,1.8884731445,35
              117.2642306692,1.8884746997,35
              117.2642244886,1.8884819101,35
              117.2642216793,1.8884851618,35
              117.2641862782,1.8885050991,35
              117.2641823448,1.8885073615,35
              117.2641632395,1.8885181079,35
              117.2641542488,1.8885233396,35
              117.2641390769,1.8885319650,35
              117.2641362673,1.8885335204,35
              117.2641239051,1.8885405903,35
              117.2641222193,1.8885414388,35
              117.2641216574,1.8885418629,35
              117.2641210954,1.8885421458,35
              117.2641109809,1.8885479431,35
              117.2641076093,1.8885497813,35
              117.2640755798,1.8885678805,35
              117.2640233212,1.8885975743,35
              117.2640154543,1.8886019577,35
              117.2640103970,1.8886047857,35
              117.2639620718,1.8886322172,35
              117.2639345377,1.8886477711,35
              117.2639300423,1.8886503163,35
              117.2639154324,1.8886586588,35
              117.2639025082,1.8886660116,35
              117.2638912713,1.8886824112,35
              117.2638850911,1.8886920247,35
              117.2638637410,1.8887232688,35
              117.2638592463,1.8887301962,35
              117.2638474476,1.8887480095,35
              117.2638069893,1.8887706335,35
              117.2638053035,1.8887714819,35
              117.2637929412,1.8887781278,35
              117.2637906935,1.8887796831,35
              117.2637878839,1.8887810971,35
              117.2637822647,1.8887842079,35
              117.2637732739,1.8887892983,35
              117.2637704643,1.8887907124,35
              117.2637507971,1.8888017415,35
              117.2637451779,1.8888049937,35
              117.2637389967,1.8888083873,35
              117.2637322536,1.8888120637,35
              117.2636631372,1.8888505245,35
              117.2636608895,1.8888516558,35
              117.2636502130,1.8888577359,35
              117.2636288606,1.8888738544,35.831
              117.2636097553,1.8888844594,35.864
              117.2635771639,1.8889028413,35.923
              117.2635692970,1.8889075074,35.98
              117.2635631159,1.8889113251,36.025
              117.2635361443,1.8889304130,36.882
              117.2635344585,1.8889314028,36.86
              117.2635271534,1.8889349379,36.784
              117.2635181626,1.8889394629,36.7
              117.2635058001,1.8889446951,36.312
              117.2635074879,1.8889575587,35.352
              117.2635086126,1.8889622235,35
              117.2635058042,1.8889721192,33.36
              117.2635018709,1.8889755125,32.194
              117.2635029960,1.8889825804,31.633
              117.2635041206,1.8889872451,31.469
              117.2635097425,1.8890016631,31.089
              117.2635103047,1.8890032180,31.015
              117.2635316659,1.8890459058,30.978
              117.2635344765,1.8890505703,31.148
              117.2635367249,1.8890542454,31.229
              117.2635395355,1.8890590512,31.241
              117.2635445950,1.8890707834,31.113
              117.2635485301,1.8890796886,31.044
              117.2635507786,1.8890836464,31.042
              117.2635513408,1.8890853426,31.028
              117.2635631453,1.8891066863,31.183
              117.2635665182,1.8891137539,31.234
              117.2635710151,1.8891213867,31.29
              117.2635940623,1.8891643570,31.602
              117.2635957488,1.8891680321,31.629
              117.2635985594,1.8891726966,31.757
              117.2635991215,1.8891736861,31.782
              117.2636008078,1.8891766544,31.855
              117.2636019322,1.8891796228,31.918
              117.2636069916,1.8891903655,32.157
              117.2636109269,1.8892008256,32.367
              117.2636126134,1.8892045008,32.44
              117.2636126134,1.8892047835,32.445
              117.2636154245,1.8892131234,32.573
              117.2636165490,1.8892165159,32.626
              117.2636311683,1.8892705136,33.386
              117.2636401648,1.8893033081,33.847
              117.2636311767,1.8893263513,33.848
              117.2636283678,1.8893321476,33.801
              117.2636126382,1.8893691866,33.497
              117.2636092680,1.8893796478,33.615
              117.2636154538,1.8894074951,33.854
              117.2636160159,1.8894084845,33.863
              117.2636278238,1.8894514565,34.543
              117.2636356957,1.8894801516,35
              117.2636564953,1.8895248186,37.708
              117.2636699870,1.8895545024,39.382
              117.2636739222,1.8895636903,39.901
              117.2636744843,1.8895649625,39.969
              117.2636750467,1.8895673655,40
              117.2636750463,1.8895648210,40
              117.2636772918,1.8895489882,40
              117.2636795378,1.8895366894,40
              117.2636823451,1.8895195843,40
              117.2637014449,1.8894726495,40
              117.2637177478,1.8895109559,41.991
              117.2637216829,1.8895195783,42.443
              117.2637239317,1.8895257979,42.724
              117.2637244939,1.8895272114,42.749
              117.2637278675,1.8895386611,42.945
              117.2637334898,1.8895560477,43.468
              117.2637351767,1.8895625501,43.517
              117.2637368648,1.8895772514,43.118
              117.2637379901,1.8895861569,43.04
              117.2637408022,1.8896015649,42.909
              117.2637424896,1.8896114599,42.774
              117.2637424898,1.8896123081,42.751
              117.2637436155,1.8896240409,42.43
              117.2637436166,1.8896312503,42.154
              117.2637441797,1.8896388837,41.858
              117.2637447478,1.8896793130,40
              117.2637318224,1.8896791736,40
              117.2637273267,1.8896790329,40
              117.2637160865,1.8896742283,40
              117.2637048453,1.8896620730,40
              117.2636969750,1.8896439800,40
              117.2636992236,1.8896487859,40
              117.2636969750,1.8896439800,40
              117.2636857306,1.8896107618,40
              117.2636823575,1.8896018565,40
              117.2636862956,1.8896308350,39.488
              117.2636874207,1.8896381856,39.357
              117.2636891079,1.8896466670,39.411
              117.2636913582,1.8896629232,39.06
              117.2636930452,1.8896701324,39.183
              117.2636936093,1.8896842684,38.659
              117.2636964213,1.8896984041,38.526
              117.2636964229,1.8897094303,38.034
              117.2636964232,1.8897112680,37.978
              117.2636761931,1.8897163601,33
              117.2634143252,1.8897815676,33
              117.2634064579,1.8897835478,35
              117.2633997107,1.8897598002,35
              117.2633963371,1.8897477850,35
              117.2633952126,1.8897441098,35
              117.2633946505,1.8897429790,35
              117.2633929635,1.8897360525,35
              117.2633907144,1.8897279953,35
              117.2633716020,1.8896919511,36.938
              117.2633541759,1.8896581684,38.752
              117.2633395599,1.8896262230,40
              117.2633373181,1.8896666526,40
              117.2633255235,1.8897118900,40
              117.2633249619,1.8897140105,40
              117.2633238383,1.8897164138,40
              117.2633221534,1.8897231994,40
              117.2633210299,1.8897256028,40
              117.2633193435,1.8897227758,40.195
              117.2633182193,1.8897209383,40.325
              117.2633170950,1.8897185353,40.51
              117.2633142844,1.8897137294,40.865
              117.2633131602,1.8897118919,41
              117.2632906765,1.8896788168,43.992
              117.2632884281,1.8896752831,44.285
              117.2632850555,1.8896703360,44.703
              117.2632805582,1.8896600173,45
              117.2632738117,1.8896409346,45.289
              117.2632693138,1.8896270819,45.498
              117.2632681895,1.8896243962,45.521
              117.2632625666,1.8896033342,45.45
              117.2632558193,1.8895787384,45.367
              117.2632558191,1.8895771834,45.34
              117.2632479487,1.8895586663,45.895
              117.2632428891,1.8895465100,46.275
              117.2632423271,1.8895460860,46.285
              117.2632383911,1.8895309609,46.118
              117.2632361431,1.8895303958,46.209
              117.2632338951,1.8895295480,46.244
              117.2632181592,1.8895244614,46.476
              117.2632086051,1.8895206461,46.444
              117.2631917448,1.8895125911,46.077
              117.2631765705,1.8895051012,45.735
              117.2631737605,1.8895039708,45.767
              117.2631703885,1.8895024163,45.686
              117.2631591480,1.8894954913,45.118
              117.2631467848,1.8894957759,45
              117.2631372313,1.8894960601,44.903
              117.2631203723,1.8894964868,44.738
              117.2630917120,1.8894973393,44.454
              117.2630877783,1.8894976226,44.481
              117.2630855305,1.8894980471,44.537
              117.2630838446,1.8894984714,44.618
              117.2630815968,1.8894988958,44.675
              117.2630686718,1.8895011596,45
              117.2630383269,1.8895107768,46.79
              117.2630209068,1.8895164339,47.832
              117.2629916857,1.8895256268,49.551
              117.2629815707,1.8895283142,50
              117.2629967444,1.8895319873,50
              117.2630068614,1.8895423051,50
              117.2630192289,1.8895702927,50
              117.2630197910,1.8895709995,50
              117.2629602241,1.8895830242,51.871
              117.2628781781,1.8895930734,52.918
              117.2627961325,1.8896060911,54.675
              117.2627135241,1.8896131717,55
              117.2626309154,1.8896188388,55
              117.2625477434,1.8896148933,52.719
              117.2624645725,1.8896190054,52.342
              117.2624190528,1.8896173160,51.207
              117.2623729710,1.8896153439,50
              117.2623757801,1.8896102545,50
              117.2624263507,1.8895662835,50
              117.2623931937,1.8895607754,48.137
              117.2623780201,1.8895580919,47.25
              117.2623634085,1.8895555496,46.442
              117.2623431769,1.8895508877,45
              117.2623398049,1.8895491919,44.528
              117.2623190106,1.8895395825,41.918
              117.2622982167,1.8895328003,40
              117.2623083307,1.8895236103,40
              117.2623235018,1.8895096132,40
              117.2623347375,1.8894850147,40
              117.2623201251,1.8894772420,37.913
              117.2622931490,1.8894666440,35
              117.2622920251,1.8894667856,35
              117.2622909012,1.8894667857,35
              117.2622886533,1.8894670688,35
              117.2622813478,1.8894674940,35
              117.2622779760,1.8894677772,35
              117.2622695466,1.8894683439,35
              117.2622628030,1.8894687691,35
              117.2622470671,1.8894639652,35
              117.2622335793,1.8894598677,35
              117.2621818758,1.8894443258,35
              117.2621565860,1.8894368375,35
              117.2621161230,1.8894286447,35
              117.2621144370,1.8894282209,35
              117.2621121891,1.8894277972,35
              117.2621065692,1.8894268085,35
              117.2620897105,1.8894293555,36.387
              117.2620565550,1.8894338841,38.994
              117.2620520594,1.8894345916,39.349
              117.2620441920,1.8894357237,40
              117.2620453206,1.8894672471,40
              117.2620436356,1.8894731845,40
              117.2620408270,1.8894812425,40
              117.2619986795,1.8894826625,42.291
              117.2619913739,1.8894825223,42.595
              117.2619677711,1.8894819604,43.571
              117.2619379866,1.8894813995,44.816
              117.2619357387,1.8894813998,44.921
              117.2619351768,1.8894812586,44.949
              117.2619340528,1.8894814001,45
              117.2619334908,1.8894812588,45.02
              117.2619200035,1.8894808368,45.542
              117.2619177556,1.8894805544,45.574
              117.2619003342,1.8894781539,45.842
              117.2618789789,1.8894747645,46.022
              117.2618761689,1.8894741995,46.048
              117.2618458217,1.8894685496,46.159
              117.2618306482,1.8894658660,46.214
              117.2617918712,1.8894585211,46.321
              117.2617435404,1.8894493400,46.456
              117.2617390443,1.8894470789,46.12
              117.2617334242,1.8894439698,45.671
              117.2617323001,1.8894428391,45.455
              117.2617266801,1.8894408609,45.264
              117.2617204982,1.8894393068,45.163
              117.2617109443,1.8894366224,45
              117.2617064482,1.8894343613,44.686
              117.2617013901,1.8894319589,44.351
              117.2616547425,1.8894038351,40
              117.2616749709,1.8893875755,40
              117.2616929518,1.8893730126,40
              117.2616968845,1.8893662266,40
              117.2616609147,1.8893406457,35.728
              117.2616558565,1.8893373952,35.229
              117.2616519224,1.8893356994,35
              117.2616451786,1.8893342868,35
              117.2616406827,1.8893332980,35
              117.2616356248,1.8893324506,35
              117.2616210131,1.8893286360,35
              117.2616030293,1.8893238325,35
              117.2616013434,1.8893234086,35
              117.2615974094,1.8893224197,35
              117.2615462706,1.8893248306,38.684
              117.2615445847,1.8893249722,38.806
              117.2615378411,1.8893253973,39.316
              117.2615288496,1.8893252573,39.864
              117.2615260397,1.8893251164,40
              117.2615271640,1.8893276607,40
              117.2615513364,1.8893786885,40
              117.2615513364,1.8893786885,40
              117.2615513364,1.8893786885,40.018
              117.2615507744,1.8893788299,40.05
              117.2615108753,1.8893833595,43.518
              117.2614900825,1.8893843522,45
              117.2614782810,1.8893833645,45.471
              117.2614765951,1.8893830820,45.56
              117.2614749091,1.8893827995,45.57
              117.2614355703,1.8893764442,46.502
              117.2614119671,1.8893726310,47.054
              117.2614074712,1.8893720663,47.17
              117.2614012893,1.8893705122,47.117
              117.2613917356,1.8893686760,47.177
              117.2613872397,1.8893678285,47.208
              117.2613754378,1.8893644376,47.049
              117.2613422799,1.8893528510,46.08
              117.2613158660,1.8893436665,45.302
              117.2613074359,1.8893404165,45
              117.2613068739,1.8893401338,44.965
              117.2612787734,1.8893262847,43.197
              117.2612725912,1.8893226102,42.652
              117.2612692191,1.8893204903,42.341
              117.2612613508,1.8893158266,41.666
              117.2612428041,1.8893043791,40
              117.2612546015,1.8892778014,40
              117.2612613428,1.8892622507,40
              117.2612596567,1.8892611200,39.833
              117.2612557225,1.8892585761,39.419
              117.2612461681,1.8892523577,38.494
              117.2612101987,1.8892293212,35
              117.2611618677,1.8892185851,35
              117.2611438841,1.8892144883,35
              117.2611107268,1.8892071426,35
              117.2611073549,1.8892064363,35
              117.2610719496,1.8891983840,35
              117.2610579001,1.8891962657,35
              117.2610191252,1.8892031983,38.051
              117.2610090100,1.8892050375,38.836
              117.2609943992,1.8892077256,40
              117.2609893432,1.8892191766,40
              117.2609601251,1.8892480187,40
              117.2609252836,1.8892518407,42.164
              117.2609185401,1.8892525486,42.564
              117.2609078628,1.8892533984,43.143
              117.2608915659,1.8892546731,44.053
              117.2608780789,1.8892566542,45
              117.2608718974,1.8892575033,45.433
              117.2608584104,1.8892594844,46.373
              117.2608291881,1.8892604783,47.694
              117.2608157009,1.8892609044,48.291
              117.2608083954,1.8892611882,48.626
              117.2607909744,1.8892617563,49.409
              117.2607786112,1.8892624650,50
              117.2607550132,1.8892938508,50
              117.2607499569,1.8893036054,50
              117.2606740907,1.8893012138,51.835
              117.2606004718,1.8892950050,52.718
              117.2605285372,1.8892781938,51.027
              117.2604875120,1.8892683047,50
              117.2605251578,1.8892277284,50
              117.2604801980,1.8892124681,47.848
              117.2604650241,1.8892073814,47.131
              117.2604363624,1.8891987627,45.825
              117.2604318665,1.8891976325,45.684
              117.2604093869,1.8891922642,45
              117.2603891545,1.8891822306,43.147
              117.2603734182,1.8891744581,41.712
              117.2603621780,1.8891688053,40.672
              117.2603554338,1.8891652723,40
              117.2603588019,1.8891401095,40
              117.2603610474,1.8891242767,40
              117.2603632947,1.8891206009,40
              117.2603576745,1.8891166437,39.229
              117.2603481201,1.8891107079,38.051
              117.2603323834,1.8891005323,36.074
              117.2603239531,1.8890950205,35
              117.2603104656,1.8890936089,35
              117.2602722511,1.8890895152,35
              117.2602632594,1.8890885270,35
              117.2602576396,1.8890878210,35
              117.2602531440,1.8890885285,35.26
              117.2602475245,1.8890900843,35.77
              117.2602205512,1.8890980046,38.351
              117.2602098741,1.8891001267,39.099
              117.2601975111,1.8891025317,40
              117.2602109999,1.8891129904,40
              117.2602284243,1.8891356056,40
              117.2602228036,1.8891282556,40
              117.2602284243,1.8891356056,40
              117.2602346082,1.8891504476,40
              117.2602351704,1.8891521438,40
              117.2602329226,1.8891522855,40.093
              117.2601525622,1.8891603552,44.039
              117.2600722014,1.8891658804,47.405
              117.2599924020,1.8891674474,49.811
              117.2599260890,1.8891632165,50.511
              117.2599221502,1.8891297145,49.4
              117.2599120214,1.8890398103,49.271
              117.2599097600,1.8889489153,46.427
              117.2598895160,1.8888608503,47.864
              117.2598715199,1.8887725022,48.794
              117.2598720776,1.8887438058,47.526
              117.2598299250,1.8887105922,46.561
              117.2597613559,1.8886515135,44.022
              117.2596922251,1.8885930003,41.653
              117.2596152284,1.8885466454,42.737
              117.2595730770,1.8885213481,43.287
              117.2595314875,1.8884959093,43.827
              117.2594927070,1.8884650983,43.356
              117.2594572978,1.8884304701,41.706
              117.2594376255,1.8884071485,40
              117.2594752748,1.8883893313,40
              117.2594870758,1.8883872091,40
              117.2594319916,1.8883114477,33.332
              117.2594022014,1.8882720124,30
              117.2594173735,1.8882649421,30
              117.2594561452,1.8882366640,30
              117.2594803070,1.8882178593,30
              117.2594218555,1.8881723498,29.636
              117.2594111769,1.8881642938,29.636
              117.2594111767,1.8881627388,29.705
              117.2594173546,1.8881377169,29.752
              117.2594240944,1.8881114227,29.821
              117.2594297101,1.8880849873,30
              117.2594364499,1.8880588345,30
              117.2594431896,1.8880325403,30
              117.2594499294,1.8880063874,30
              117.2594566691,1.8879802346,30
              117.2594634088,1.8879539403,30
              117.2594701486,1.8879277875,30
              117.2594768883,1.8879014933,30
              117.2594836281,1.8878753404,30
              117.2594903678,1.8878490462,30
              117.2594987935,1.8878231759,29.682
              117.2595066572,1.8877973056,29.329
              117.2595145209,1.8877714353,29.038
              117.2595212607,1.8877452824,29.038
              117.2595280004,1.8877189882,29.038
              117.2595296829,1.8876960874,30
              117.2594296566,1.8877238092,30
              117.2594302184,1.8877231024,30.006
              117.2594296566,1.8877238092,30
              117.2594245918,1.8876764540,34.038
              117.2594324529,1.8876326308,34.762
              117.2594380660,1.8875879598,36.131
              117.2594419931,1.8875430063,37.97
              117.2594453582,1.8874979116,39.794
              117.2594498473,1.8874530994,41.502
              117.2594543364,1.8874082872,43.015
              117.2594621975,1.8873643226,43.838
              117.2594745544,1.8873214883,43.564
              117.2594880354,1.8872790779,43
              117.2595037643,1.8872372326,41.757
              117.2595256751,1.8871969413,39.07
              117.2595369081,1.8871538245,39.07
              117.2595442072,1.8871097187,40.032
              117.2595616221,1.8870682972,38.42
              117.2595857808,1.8870285710,35.19
              117.2596071296,1.8869879971,32.75
              117.2596234205,1.8869462931,31.429
              117.2596295956,1.8869019048,32.621
              117.2596307127,1.8868561035,35.125
              117.2596391358,1.8868124216,35.698
              117.2596453108,1.8867678919,36.974
              117.2596526099,1.8867237861,37.855
              117.2596582230,1.8866792564,39.159
              117.2596677700,1.8866358571,39.534
              117.2596683319,1.8866355743,39.547
              117.2596778880,1.8866529603,39.69
              117.2597003725,1.8866922554,39.238
              117.2597228571,1.8867314090,37.322
              117.2597453416,1.8867705627,35.73
              117.2597678262,1.8868098578,34
              117.2598110954,1.8867935948,35.271
              117.2598268230,1.8867428437,36.363
              117.2598391796,1.8866978890,37.504
              117.2598683967,1.8866622615,38.035
              117.2598976146,1.8866320058,38.386
              117.2599105360,1.8866062761,39.492
              117.2599161523,1.8865830920,40.178
              117.2599206436,1.8865531228,40.885
              117.2599172672,1.8865225892,40.919
              117.2599178227,1.8864786258,40.436
              117.2599335529,1.8864455449,41.617
              117.2599341110,1.8864199584,43.178
              117.2599307356,1.8863953621,44.233
              117.2599256712,1.8863504099,45.038
              117.2599464602,1.8863249618,45.335
              117.2599756774,1.8862901825,48.025
              117.2600043326,1.8862552620,50.977
              117.2600166930,1.8862354695,52.238
              117.2600402900,1.8861971571,54.803
              117.2600532121,1.8861759510,56.201
              117.2600768091,1.8861373558,58.735
              117.2601155810,1.8861116222,60.488
              117.2601543522,1.8860805169,62.575
              117.2601931232,1.8860477152,64.781
              117.2602318942,1.8860153377,66.961
              117.2602701032,1.8859825361,69.161
              117.2603088738,1.8859480381,71.468
              117.2603251727,1.8859597687,73.314
              117.2603324780,1.8859579299,73.977
              117.2603616965,1.8859321977,75.095
              117.2603993464,1.8859187627,75.262
              117.2604257573,1.8859080153,75.047
              117.2604673404,1.8858907630,75.099
              117.2604971226,1.8858766224,75.159
              117.2605375814,1.8858571084,76
              117.2605881590,1.8858602107,75.299
              117.2606454824,1.8858780136,73.571
              117.2606600943,1.8858828177,73.356
              117.2607028060,1.8858966647,71.77
              117.2607224761,1.8859052848,70.967
              117.2607640644,1.8859230900,69.435
              117.2608236334,1.8859254842,68.522
              117.2608388076,1.8859325500,68.397
              117.2608798341,1.8859514862,66.141
              117.2609270433,1.8859772068,63.967
              117.2609450276,1.8859862512,63.151
              117.2609849304,1.8860066012,61.117
              117.2610253951,1.8860268098,59.239
              117.2610388877,1.8860629962,58.947
              117.2610551911,1.8861051194,57.931
              117.2610698084,1.8861459706,56.918
              117.2610906061,1.8861787633,56.505
              117.2611125265,1.8862036396,55.945
              117.2611406286,1.8862279495,55.693
              117.2611659206,1.8862511289,55.372
              117.2611945848,1.8862765696,54.895
              117.2612254969,1.8863022927,54.525
              117.2612535998,1.8863323984,53.797
              117.2612766446,1.8863599603,53.02
              117.2613002513,1.8863866741,52.309
              117.2613244199,1.8864131050,51.638
              117.2613508358,1.8864362842,51.223
              117.2613755658,1.8864587569,50.993
              117.2613980495,1.8864918321,50.585
              117.2614160374,1.8865247665,49.938
              117.2614379575,1.8865475224,49.776
              117.2614649342,1.8865620785,49.697
              117.2615009024,1.8865769160,49.954
              117.2615334995,1.8865964189,49.838
              117.2615559831,1.8866294941,48.645
              117.2615790288,1.8866625691,47.45
              117.2616088165,1.8866854651,47.061
              117.2616419756,1.8867049680,47.014
              117.2616689538,1.8867297021,46.465
              117.2616942463,1.8867559915,45.791
              117.2617240333,1.8867737985,45.693
              117.2617594406,1.8867962696,45.241
              117.2617948487,1.8868231228,44.554
              117.2618313807,1.8868505414,43.868
              117.2618555471,1.8868621294,43.92
              117.2618718449,1.8868670745,43.922
              117.2618971346,1.8868742801,43.79
              117.2619302911,1.8868768196,43.99
              117.2619696285,1.8868738451,44.308
              117.2620100897,1.8868708703,44.623
              117.2620505509,1.8868667647,45.005
              117.2620921355,1.8868601145,45.557
              117.2621275392,1.8868575646,45.841
              117.2621708133,1.8868748041,45.11
              117.2622135246,1.8868859652,44.766
              117.2622556735,1.8868941577,44.771
              117.2622972603,1.8869019263,44.789
              117.2623337885,1.8869038998,45.088
              117.2623528949,1.8868999388,45.458
              117.2623826792,1.8869002170,45.482
              117.2624135892,1.8869113798,45.199
              117.2624422498,1.8869126477,45.522
              117.2624776523,1.8869030298,46.709
              117.2625035012,1.8868915756,47.969
              117.2625085596,1.8868960984,48.564
              117.2625332836,1.8868789900,49.323
              117.2625692447,1.8868464714,50.17
              117.2626091415,1.8868265334,50.923
              117.2626467921,1.8868180460,51.073
              117.2626799456,1.8868002295,51.881
              117.2627175949,1.8867831190,52.52
              117.2627642376,1.8867785884,52.846
              117.2628058227,1.8867749067,53.16
              117.2628479697,1.8867709422,53.482
              117.2628878682,1.8867624544,54.12
              117.2629187748,1.8867514236,54.753
              117.2629524915,1.8867416645,55.272
              117.2629878948,1.8867371356,55.448
              117.2630210504,1.8867333138,55.611
              117.2630570130,1.8867112559,56.687
              117.2630806100,1.8866733675,59.167
              117.2630912854,1.8866597952,60.084
              117.2631199421,1.8866357595,60.748
              117.2631592763,1.8866118634,60.954
              117.2631924292,1.8865899474,61.851
              117.2632042281,1.8865739718,62.52
              117.2632137768,1.8865424468,63.798
              117.2632373745,1.8865092233,65.244
              117.2632547932,1.8864939536,66.11
              117.2632626592,1.8864833503,66.71
              117.2632733330,1.8864594587,67.445
              117.2632823187,1.8864208657,68.972
              117.2632946768,1.8863860889,70.21
              117.2633104069,1.8863528666,71.217
              117.2633267001,1.8863271364,71.976
              117.2633328793,1.8863108789,72.365
              117.2633368084,1.8862794961,73.049
              117.2633514146,1.8862466981,73.967
              117.2633632124,1.8862230890,74.658
              117.2633693895,1.8861931195,75.84
              117.2633744430,1.8861649878,76.769
              117.2633811819,1.8861333219,77.639
              117.2633839890,1.8861152272,78.1
              117.2633912879,1.8860706973,78.85
              117.2634165745,1.8860576882,79.432
              117.2634564711,1.8860369020,79.662
              117.2634980551,1.8860261523,79.715
              117.2635402012,1.8860158265,79.742
              117.2635952729,1.8860083259,79.249
              117.2636295542,1.8860165197,79.016
              117.2636554053,1.8860199084,79.016
              117.2636958684,1.8860290907,78.984
              117.2637340837,1.8860388388,78.87
              117.2637745470,1.8860494347,78.753
              117.2638082665,1.8860591835,78.739
              117.2638245641,1.8860624323,78.692
              117.2638296221,1.8860645520,78.759
              117.2638785138,1.8860675131,78.751
              117.2639212233,1.8860672239,78.937
              117.2639644948,1.8860670759,79.123
              117.2639869737,1.8860677793,79.213
              117.2640319313,1.8860690447,79.171
              117.2640566605,1.8860858629,80.014
              117.2640943161,1.8861108781,81.152
              117.2641134251,1.8861248699,81.285
              117.2641302856,1.8861341972,81.027
              117.2641656944,1.8861662808,80.587
              117.2641775022,1.8862092528,79.353
              117.2641954890,1.8862342710,79.074
              117.2642033601,1.8862580185,79.077
              117.2642162919,1.8863012730,77.515
              117.2642022467,1.8863275684,76.995
              117.2641803359,1.8863672942,76.121
              117.2641758426,1.8863834101,75.307
              117.2641792180,1.8864072996,73.887
              117.2641719194,1.8864533845,72.362
              117.2641595626,1.8864965016,70.486
              117.2641500146,1.8865326915,69.178
              117.2641421520,1.8865659126,67.94
              117.2641382224,1.8865933373,66.899
              117.2641410339,1.8866043630,66.587
              117.2641477784,1.8866102991,66.097
              117.2641562095,1.8866210413,65.439
              117.2641680184,1.8866710814,64.002
              117.2641770172,1.8867194255,62.428
              117.2641708401,1.8867498192,61.544
              117.2641646623,1.8867751238,60.603
              117.2641663500,1.8867868565,60.313
              117.2641742241,1.8868302532,60.612
              117.2641815360,1.8868719536,60.813
              117.2641629961,1.8869057418,59.303
              117.2641562569,1.8869350046,58.398
              117.2641630014,1.8869409407,57.942
              117.2641691877,1.8869714738,56.838
              117.2641781837,1.8870012997,55.88
              117.2641821215,1.8870282990,54.689
              117.2641944894,1.8870586898,53.834
              117.2642259654,1.8870969939,54.002
              117.2642439545,1.8871371377,53.293
              117.2642523906,1.8871805344,51.93
              117.2642619505,1.8872233653,50.645
              117.2642703849,1.8872558771,49.597
              117.2642816294,1.8872898021,48.667
              117.2642934354,1.8873206171,47.848
              117.2643058020,1.8873422434,47.424
              117.2643310952,1.8873727736,47.436
              117.2643440276,1.8874201276,47.464
              117.2643406606,1.8874516517,46.424
              117.2643389792,1.8874820446,44.908
              117.2643412319,1.8875134265,43.547
              117.2643547234,1.8875421207,42.926
              117.2643659660,1.8875631818,42.363
              117.2643794561,1.8875819808,41.984
              117.2643991294,1.8876112396,41.149
              117.2644216130,1.8876437492,40.323
              117.2644435337,1.8876693322,39.755
              117.2644643297,1.8876903919,39.203
              117.2645092919,1.8877217672,39.025
              117.2645093009,1.8877809975,38.824
              117.2645003138,1.8878098366,37.816
              117.2645104340,1.8878419241,36.69
              117.2645244875,1.8878701942,36.091
              117.2645362937,1.8879021400,35.274
              117.2645447283,1.8879354999,34.207
              117.2645644011,1.8879616488,34
              117.2646054233,1.8879514645,35.934
              117.2646492552,1.8879405729,38.338
              117.2646925252,1.8879296815,41.209
              117.2647363571,1.8879187900,44.11
              117.2647475964,1.8879185055,44.798
              117.2647919917,1.8879169438,47.419
              117.2648369490,1.8879153819,49
              117.2648701099,1.8879469004,49
              117.2648993365,1.8879747440,49
              117.2649280011,1.8880028705,48.954
              117.2649476750,1.8880356633,48.263
              117.2649493622,1.8880440034,47.944
            </coordinates>
          </LinearRing>
        </outerBoundaryIs>
      </Polygon>
    </Placemark>
    <Placemark>
      <description>CROPLINE_COAL_2025_BDY_PIT</description>
      <styleUrl>#area1</styleUrl>
      <Polygon>
        <altitudeMode>relativeToGround</altitudeMode>
        <extrude>1</extrude>
        <outerBoundaryIs>
          <LinearRing>
            <coordinates>
              117.2649493622,1.8880440034,47.944
              117.2646020888,1.8881984230,35
              117.2645947839,1.8882028063,35
              117.2645650024,1.8882217533,35
              117.2645560118,1.8882274091,35
              117.2645279160,1.8882452250,35
              117.2645211730,1.8882491841,35
              117.2645104967,1.8882561124,35
              117.2645026302,1.8882631817,35.417
              117.2644846490,1.8882750588,35.551
              117.2644683531,1.8882834016,35.163
              117.2644677912,1.8882836844,35.164
              117.2644638577,1.8882853813,35
              117.2644616100,1.8882866539,35
              117.2644565528,1.8882899060,35
              117.2644048565,1.8883222857,35
              117.2643790085,1.8883388289,35
              117.2643761989,1.8883405256,35
              117.2643492275,1.8883614512,35.815
              117.2643469799,1.8883632893,35.89
              117.2643419228,1.8883669654,35.982
              117.2643379894,1.8883699346,36.104
              117.2643127035,1.8883877500,36.437
              117.2643110177,1.8883885984,36.446
              117.2643082084,1.8883921329,36.403
              117.2642874186,1.8884119266,35.678
              117.2642677525,1.8884304480,35
              117.2642452777,1.8884570273,35
              117.2642317929,1.8884731445,35
              117.2642306692,1.8884746997,35
              117.2642244886,1.8884819101,35
              117.2642216793,1.8884851618,35
              117.2641862782,1.8885050991,35
              117.2641823448,1.8885073615,35
              117.2641632395,1.8885181079,35
              117.2641542488,1.8885233396,35
              117.2641390769,1.8885319650,35
              117.2641362673,1.8885335204,35
              117.2641239051,1.8885405903,35
              117.2641222193,1.8885414388,35
              117.2641216574,1.8885418629,35
              117.2641210954,1.8885421458,35
              117.2641109809,1.8885479431,35
              117.2641076093,1.8885497813,35
              117.2640755798,1.8885678805,35
              117.2640233212,1.8885975743,35
              117.2640154543,1.8886019577,35
              117.2640103970,1.8886047857,35
              117.2639620718,1.8886322172,35
              117.2639345377,1.8886477711,35
              117.2639300423,1.8886503163,35
              117.2639154324,1.8886586588,35
              117.2639025082,1.8886660116,35
              117.2638912713,1.8886824112,35
              117.2638850911,1.8886920247,35
              117.2638637410,1.8887232688,35
              117.2638592463,1.8887301962,35
              117.2638474476,1.8887480095,35
              117.2638069893,1.8887706335,35
              117.2638053035,1.8887714819,35
              117.2637929412,1.8887781278,35
              117.2637906935,1.8887796831,35
              117.2637878839,1.8887810971,35
              117.2637822647,1.8887842079,35
              117.2637732739,1.8887892983,35
              117.2637704643,1.8887907124,35
              117.2637507971,1.8888017415,35
              117.2637451779,1.8888049937,35
              117.2637389967,1.8888083873,35
              117.2637322536,1.8888120637,35
              117.2636631372,1.8888505245,35
              117.2636608895,1.8888516558,35
              117.2636502130,1.8888577359,35
              117.2636288606,1.8888738544,35.831
              117.2636097553,1.8888844594,35.864
              117.2635771639,1.8889028413,35.923
              117.2635692970,1.8889075074,35.98
              117.2635631159,1.8889113251,36.025
              117.2635361443,1.8889304130,36.882
              117.2635344585,1.8889314028,36.86
              117.2635271534,1.8889349379,36.784
              117.2635181626,1.8889394629,36.7
              117.2635058001,1.8889446951,36.312
              117.2635074879,1.8889575587,35.352
              117.2635086126,1.8889622235,35
              117.2635058042,1.8889721192,33.36
              117.2635018709,1.8889755125,32.194
              117.2635029960,1.8889825804,31.633
              117.2635041206,1.8889872451,31.469
              117.2635097425,1.8890016631,31.089
              117.2635103047,1.8890032180,31.015
              117.2635316659,1.8890459058,30.978
              117.2635344765,1.8890505703,31.148
              117.2635367249,1.8890542454,31.229
              117.2635395355,1.8890590512,31.241
              117.2635445950,1.8890707834,31.113
              117.2635485301,1.8890796886,31.044
              117.2635507786,1.8890836464,31.042
              117.2635513408,1.8890853426,31.028
              117.2635631453,1.8891066863,31.183
              117.2635665182,1.8891137539,31.234
              117.2635710151,1.8891213867,31.29
              117.2635940623,1.8891643570,31.602
              117.2635957488,1.8891680321,31.629
              117.2635985594,1.8891726966,31.757
              117.2635991215,1.8891736861,31.782
              117.2636008078,1.8891766544,31.855
              117.2636019322,1.8891796228,31.918
              117.2636069916,1.8891903655,32.157
              117.2636109269,1.8892008256,32.367
              117.2636126134,1.8892045008,32.44
              117.2636126134,1.8892047835,32.445
              117.2636154245,1.8892131234,32.573
              117.2636165490,1.8892165159,32.626
              117.2636311683,1.8892705136,33.386
              117.2636401648,1.8893033081,33.847
              117.2636311767,1.8893263513,33.848
              117.2636283678,1.8893321476,33.801
              117.2636126382,1.8893691866,33.497
              117.2636092680,1.8893796478,33.615
              117.2636154538,1.8894074951,33.854
              117.2636160159,1.8894084845,33.863
              117.2636278238,1.8894514565,34.543
              117.2636356957,1.8894801516,35
              117.2636564953,1.8895248186,37.708
              117.2636699870,1.8895545024,39.382
              117.2636739222,1.8895636903,39.901
              117.2636744843,1.8895649625,39.969
              117.2636750467,1.8895673655,40
              117.2636750463,1.8895648210,40
              117.2636772918,1.8895489882,40
              117.2636795378,1.8895366894,40
              117.2636823451,1.8895195843,40
              117.2637014449,1.8894726495,40
              117.2637177478,1.8895109559,41.991
              117.2637216829,1.8895195783,42.443
              117.2637239317,1.8895257979,42.724
              117.2637244939,1.8895272114,42.749
              117.2637278675,1.8895386611,42.945
              117.2637334898,1.8895560477,43.468
              117.2637351767,1.8895625501,43.517
              117.2637368648,1.8895772514,43.118
              117.2637379901,1.8895861569,43.04
              117.2637408022,1.8896015649,42.909
              117.2637424896,1.8896114599,42.774
              117.2637424898,1.8896123081,42.751
              117.2637436155,1.8896240409,42.43
              117.2637436166,1.8896312503,42.154
              117.2637441797,1.8896388837,41.858
              117.2637447478,1.8896793130,40
              117.2637318224,1.8896791736,40
              117.2637273267,1.8896790329,40
              117.2637160865,1.8896742283,40
              117.2637048453,1.8896620730,40
              117.2636969750,1.8896439800,40
              117.2636992236,1.8896487859,40
              117.2636969750,1.8896439800,40
              117.2636857306,1.8896107618,40
              117.2636823575,1.8896018565,40
              117.2636862956,1.8896308350,39.488
              117.2636874207,1.8896381856,39.357
              117.2636891079,1.8896466670,39.411
              117.2636913582,1.8896629232,39.06
              117.2636930452,1.8896701324,39.183
              117.2636936093,1.8896842684,38.659
              117.2636964213,1.8896984041,38.526
              117.2636964229,1.8897094303,38.034
              117.2636964232,1.8897112680,37.978
              117.2636761931,1.8897163601,33
              117.2634143252,1.8897815676,33
              117.2634064579,1.8897835478,35
              117.2633997107,1.8897598002,35
              117.2633963371,1.8897477850,35
              117.2633952126,1.8897441098,35
              117.2633946505,1.8897429790,35
              117.2633929635,1.8897360525,35
              117.2633907144,1.8897279953,35
              117.2633716020,1.8896919511,36.938
              117.2633541759,1.8896581684,38.752
              117.2633395599,1.8896262230,40
              117.2633373181,1.8896666526,40
              117.2633255235,1.8897118900,40
              117.2633249619,1.8897140105,40
              117.2633238383,1.8897164138,40
              117.2633221534,1.8897231994,40
              117.2633210299,1.8897256028,40
              117.2633193435,1.8897227758,40.195
              117.2633182193,1.8897209383,40.325
              117.2633170950,1.8897185353,40.51
              117.2633142844,1.8897137294,40.865
              117.2633131602,1.8897118919,41
              117.2632906765,1.8896788168,43.992
              117.2632884281,1.8896752831,44.285
              117.2632850555,1.8896703360,44.703
              117.2632805582,1.8896600173,45
              117.2632738117,1.8896409346,45.289
              117.2632693138,1.8896270819,45.498
              117.2632681895,1.8896243962,45.521
              117.2632625666,1.8896033342,45.45
              117.2632558193,1.8895787384,45.367
              117.2632558191,1.8895771834,45.34
              117.2632479487,1.8895586663,45.895
              117.2632428891,1.8895465100,46.275
              117.2632423271,1.8895460860,46.285
              117.2632383911,1.8895309609,46.118
              117.2632361431,1.8895303958,46.209
              117.2632338951,1.8895295480,46.244
              117.2632181592,1.8895244614,46.476
              117.2632086051,1.8895206461,46.444
              117.2631917448,1.8895125911,46.077
              117.2631765705,1.8895051012,45.735
              117.2631737605,1.8895039708,45.767
              117.2631703885,1.8895024163,45.686
              117.2631591480,1.8894954913,45.118
              117.2631467848,1.8894957759,45
              117.2631372313,1.8894960601,44.903
              117.2631203723,1.8894964868,44.738
              117.2630917120,1.8894973393,44.454
              117.2630877783,1.8894976226,44.481
              117.2630855305,1.8894980471,44.537
              117.2630838446,1.8894984714,44.618
              117.2630815968,1.8894988958,44.675
              117.2630686718,1.8895011596,45
              117.2630383269,1.8895107768,46.79
              117.2630209068,1.8895164339,47.832
              117.2629916857,1.8895256268,49.551
              117.2629815707,1.8895283142,50
              117.2629967444,1.8895319873,50
              117.2630068614,1.8895423051,50
              117.2630192289,1.8895702927,50
              117.2630197910,1.8895709995,50
              117.2629602241,1.8895830242,51.871
              117.2628781781,1.8895930734,52.918
              117.2627961325,1.8896060911,54.675
              117.2627135241,1.8896131717,55
              117.2626309154,1.8896188388,55
              117.2625477434,1.8896148933,52.719
              117.2624645725,1.8896190054,52.342
              117.2624190528,1.8896173160,51.207
              117.2623729710,1.8896153439,50
              117.2623757801,1.8896102545,50
              117.2624263507,1.8895662835,50
              117.2623931937,1.8895607754,48.137
              117.2623780201,1.8895580919,47.25
              117.2623634085,1.8895555496,46.442
              117.2623431769,1.8895508877,45
              117.2623398049,1.8895491919,44.528
              117.2623190106,1.8895395825,41.918
              117.2622982167,1.8895328003,40
              117.2623083307,1.8895236103,40
              117.2623235018,1.8895096132,40
              117.2623347375,1.8894850147,40
              117.2623201251,1.8894772420,37.913
              117.2622931490,1.8894666440,35
              117.2622920251,1.8894667856,35
              117.2622909012,1.8894667857,35
              117.2622886533,1.8894670688,35
              117.2622813478,1.8894674940,35
              117.2622779760,1.8894677772,35
              117.2622695466,1.8894683439,35
              117.2622628030,1.8894687691,35
              117.2622470671,1.8894639652,35
              117.2622335793,1.8894598677,35
              117.2621818758,1.8894443258,35
              117.2621565860,1.8894368375,35
              117.2621161230,1.8894286447,35
              117.2621144370,1.8894282209,35
              117.2621121891,1.8894277972,35
              117.2621065692,1.8894268085,35
              117.2620897105,1.8894293555,36.387
              117.2620565550,1.8894338841,38.994
              117.2620520594,1.8894345916,39.349
              117.2620441920,1.8894357237,40
              117.2620453206,1.8894672471,40
              117.2620436356,1.8894731845,40
              117.2620408270,1.8894812425,40
              117.2619986795,1.8894826625,42.291
              117.2619913739,1.8894825223,42.595
              117.2619677711,1.8894819604,43.571
              117.2619379866,1.8894813995,44.816
              117.2619357387,1.8894813998,44.921
              117.2619351768,1.8894812586,44.949
              117.2619340528,1.8894814001,45
              117.2619334908,1.8894812588,45.02
              117.2619200035,1.8894808368,45.542
              117.2619177556,1.8894805544,45.574
              117.2619003342,1.8894781539,45.842
              117.2618789789,1.8894747645,46.022
              117.2618761689,1.8894741995,46.048
              117.2618458217,1.8894685496,46.159
              117.2618306482,1.8894658660,46.214
              117.2617918712,1.8894585211,46.321
              117.2617435404,1.8894493400,46.456
              117.2617390443,1.8894470789,46.12
              117.2617334242,1.8894439698,45.671
              117.2617323001,1.8894428391,45.455
              117.2617266801,1.8894408609,45.264
              117.2617204982,1.8894393068,45.163
              117.2617109443,1.8894366224,45
              117.2617064482,1.8894343613,44.686
              117.2617013901,1.8894319589,44.351
              117.2616547425,1.8894038351,40
              117.2616749709,1.8893875755,40
              117.2616929518,1.8893730126,40
              117.2616968845,1.8893662266,40
              117.2616609147,1.8893406457,35.728
              117.2616558565,1.8893373952,35.229
              117.2616519224,1.8893356994,35
              117.2616451786,1.8893342868,35
              117.2616406827,1.8893332980,35
              117.2616356248,1.8893324506,35
              117.2616210131,1.8893286360,35
              117.2616030293,1.8893238325,35
              117.2616013434,1.8893234086,35
              117.2615974094,1.8893224197,35
              117.2615462706,1.8893248306,38.684
              117.2615445847,1.8893249722,38.806
              117.2615378411,1.8893253973,39.316
              117.2615288496,1.8893252573,39.864
              117.2615260397,1.8893251164,40
              117.2615271640,1.8893276607,40
              117.2615513364,1.8893786885,40
              117.2615513364,1.8893786885,40
              117.2615513364,1.8893786885,40.018
              117.2615507744,1.8893788299,40.05
              117.2615108753,1.8893833595,43.518
              117.2614900825,1.8893843522,45
              117.2614782810,1.8893833645,45.471
              117.2614765951,1.8893830820,45.56
              117.2614749091,1.8893827995,45.57
              117.2614355703,1.8893764442,46.502
              117.2614119671,1.8893726310,47.054
              117.2614074712,1.8893720663,47.17
              117.2614012893,1.8893705122,47.117
              117.2613917356,1.8893686760,47.177
              117.2613872397,1.8893678285,47.208
              117.2613754378,1.8893644376,47.049
              117.2613422799,1.8893528510,46.08
              117.2613158660,1.8893436665,45.302
              117.2613074359,1.8893404165,45
              117.2613068739,1.8893401338,44.965
              117.2612787734,1.8893262847,43.197
              117.2612725912,1.8893226102,42.652
              117.2612692191,1.8893204903,42.341
              117.2612613508,1.8893158266,41.666
              117.2612428041,1.8893043791,40
              117.2612546015,1.8892778014,40
              117.2612613428,1.8892622507,40
              117.2612596567,1.8892611200,39.833
              117.2612557225,1.8892585761,39.419
              117.2612461681,1.8892523577,38.494
              117.2612101987,1.8892293212,35
              117.2611618677,1.8892185851,35
              117.2611438841,1.8892144883,35
              117.2611107268,1.8892071426,35
              117.2611073549,1.8892064363,35
              117.2610719496,1.8891983840,35
              117.2610579001,1.8891962657,35
              117.2610191252,1.8892031983,38.051
              117.2610090100,1.8892050375,38.836
              117.2609943992,1.8892077256,40
              117.2609893432,1.8892191766,40
              117.2609601251,1.8892480187,40
              117.2609252836,1.8892518407,42.164
              117.2609185401,1.8892525486,42.564
              117.2609078628,1.8892533984,43.143
              117.2608915659,1.8892546731,44.053
              117.2608780789,1.8892566542,45
              117.2608718974,1.8892575033,45.433
              117.2608584104,1.8892594844,46.373
              117.2608291881,1.8892604783,47.694
              117.2608157009,1.8892609044,48.291
              117.2608083954,1.8892611882,48.626
              117.2607909744,1.8892617563,49.409
              117.2607786112,1.8892624650,50
              117.2607550132,1.8892938508,50
              117.2607499569,1.8893036054,50
              117.2606740907,1.8893012138,51.835
              117.2606004718,1.8892950050,52.718
              117.2605285372,1.8892781938,51.027
              117.2604875120,1.8892683047,50
              117.2605251578,1.8892277284,50
              117.2604801980,1.8892124681,47.848
              117.2604650241,1.8892073814,47.131
              117.2604363624,1.8891987627,45.825
              117.2604318665,1.8891976325,45.684
              117.2604093869,1.8891922642,45
              117.2603891545,1.8891822306,43.147
              117.2603734182,1.8891744581,41.712
              117.2603621780,1.8891688053,40.672
              117.2603554338,1.8891652723,40
              117.2603588019,1.8891401095,40
              117.2603610474,1.8891242767,40
              117.2603632947,1.8891206009,40
              117.2603576745,1.8891166437,39.229
              117.2603481201,1.8891107079,38.051
              117.2603323834,1.8891005323,36.074
              117.2603239531,1.8890950205,35
              117.2603104656,1.8890936089,35
              117.2602722511,1.8890895152,35
              117.2602632594,1.8890885270,35
              117.2602576396,1.8890878210,35
              117.2602531440,1.8890885285,35.26
              117.2602475245,1.8890900843,35.77
              117.2602205512,1.8890980046,38.351
              117.2602098741,1.8891001267,39.099
              117.2601975111,1.8891025317,40
              117.2602109999,1.8891129904,40
              117.2602284243,1.8891356056,40
              117.2602228036,1.8891282556,40
              117.2602284243,1.8891356056,40
              117.2602346082,1.8891504476,40
              117.2602351704,1.8891521438,40
              117.2602329226,1.8891522855,40.093
              117.2601525622,1.8891603552,44.039
              117.2600722014,1.8891658804,47.405
              117.2599924020,1.8891674474,49.811
              117.2599260890,1.8891632165,50.511
              117.2599221502,1.8891297145,49.4
              117.2599120214,1.8890398103,49.271
              117.2599097600,1.8889489153,46.427
              117.2598895160,1.8888608503,47.864
              117.2598715199,1.8887725022,48.794
              117.2598720776,1.8887438058,47.526
              117.2598299250,1.8887105922,46.561
              117.2597613559,1.8886515135,44.022
              117.2596922251,1.8885930003,41.653
              117.2596152284,1.8885466454,42.737
              117.2595730770,1.8885213481,43.287
              117.2595314875,1.8884959093,43.827
              117.2594927070,1.8884650983,43.356
              117.2594572978,1.8884304701,41.706
              117.2594376255,1.8884071485,40
              117.2594752748,1.8883893313,40
              117.2594870758,1.8883872091,40
              117.2594319916,1.8883114477,33.332
              117.2594022014,1.8882720124,30
              117.2594173735,1.8882649421,30
              117.2594561452,1.8882366640,30
              117.2594803070,1.8882178593,30
              117.2594218555,1.8881723498,29.636
              117.2594111769,1.8881642938,29.636
              117.2594111767,1.8881627388,29.705
              117.2594173546,1.8881377169,29.752
              117.2594240944,1.8881114227,29.821
              117.2594297101,1.8880849873,30
              117.2594364499,1.8880588345,30
              117.2594431896,1.8880325403,30
              117.2594499294,1.8880063874,30
              117.2594566691,1.8879802346,30
              117.2594634088,1.8879539403,30
              117.2594701486,1.8879277875,30
              117.2594768883,1.8879014933,30
              117.2594836281,1.8878753404,30
              117.2594903678,1.8878490462,30
              117.2594987935,1.8878231759,29.682
              117.2595066572,1.8877973056,29.329
              117.2595145209,1.8877714353,29.038
              117.2595212607,1.8877452824,29.038
              117.2595280004,1.8877189882,29.038
              117.2595296829,1.8876960874,30
              117.2594296566,1.8877238092,30
              117.2594302184,1.8877231024,30.006
              117.2594296566,1.8877238092,30
              117.2594245918,1.8876764540,34.038
              117.2594324529,1.8876326308,34.762
              117.2594380660,1.8875879598,36.131
              117.2594419931,1.8875430063,37.97
              117.2594453582,1.8874979116,39.794
              117.2594498473,1.8874530994,41.502
              117.2594543364,1.8874082872,43.015
              117.2594621975,1.8873643226,43.838
              117.2594745544,1.8873214883,43.564
              117.2594880354,1.8872790779,43
              117.2595037643,1.8872372326,41.757
              117.2595256751,1.8871969413,39.07
              117.2595369081,1.8871538245,39.07
              117.2595442072,1.8871097187,40.032
              117.2595616221,1.8870682972,38.42
              117.2595857808,1.8870285710,35.19
              117.2596071296,1.8869879971,32.75
              117.2596234205,1.8869462931,31.429
              117.2596295956,1.8869019048,32.621
              117.2596307127,1.8868561035,35.125
              117.2596391358,1.8868124216,35.698
              117.2596453108,1.8867678919,36.974
              117.2596526099,1.8867237861,37.855
              117.2596582230,1.8866792564,39.159
              117.2596677700,1.8866358571,39.534
              117.2596683319,1.8866355743,39.547
              117.2596778880,1.8866529603,39.69
              117.2597003725,1.8866922554,39.238
              117.2597228571,1.8867314090,37.322
              117.2597453416,1.8867705627,35.73
              117.2597678262,1.8868098578,34
              117.2598110954,1.8867935948,35.271
              117.2598268230,1.8867428437,36.363
              117.2598391796,1.8866978890,37.504
              117.2598683967,1.8866622615,38.035
              117.2598976146,1.8866320058,38.386
              117.2599105360,1.8866062761,39.492
              117.2599161523,1.8865830920,40.178
              117.2599206436,1.8865531228,40.885
              117.2599172672,1.8865225892,40.919
              117.2599178227,1.8864786258,40.436
              117.2599335529,1.8864455449,41.617
              117.2599341110,1.8864199584,43.178
              117.2599307356,1.8863953621,44.233
              117.2599256712,1.8863504099,45.038
              117.2599464602,1.8863249618,45.335
              117.2599756774,1.8862901825,48.025
              117.2600043326,1.8862552620,50.977
              117.2600166930,1.8862354695,52.238
              117.2600402900,1.8861971571,54.803
              117.2600532121,1.8861759510,56.201
              117.2600768091,1.8861373558,58.735
              117.2601155810,1.8861116222,60.488
              117.2601543522,1.8860805169,62.575
              117.2601931232,1.8860477152,64.781
              117.2602318942,1.8860153377,66.961
              117.2602701032,1.8859825361,69.161
              117.2603088738,1.8859480381,71.468
              117.2603251727,1.8859597687,73.314
              117.2603324780,1.8859579299,73.977
              117.2603616965,1.8859321977,75.095
              117.2603993464,1.8859187627,75.262
              117.2604257573,1.8859080153,75.047
              117.2604673404,1.8858907630,75.099
              117.2604971226,1.8858766224,75.159
              117.2605375814,1.8858571084,76
              117.2605881590,1.8858602107,75.299
              117.2606454824,1.8858780136,73.571
              117.2606600943,1.8858828177,73.356
              117.2607028060,1.8858966647,71.77
              117.2607224761,1.8859052848,70.967
              117.2607640644,1.8859230900,69.435
              117.2608236334,1.8859254842,68.522
              117.2608388076,1.8859325500,68.397
              117.2608798341,1.8859514862,66.141
              117.2609270433,1.8859772068,63.967
              117.2609450276,1.8859862512,63.151
              117.2609849304,1.8860066012,61.117
              117.2610253951,1.8860268098,59.239
              117.2610388877,1.8860629962,58.947
              117.2610551911,1.8861051194,57.931
              117.2610698084,1.8861459706,56.918
              117.2610906061,1.8861787633,56.505
              117.2611125265,1.8862036396,55.945
              117.2611406286,1.8862279495,55.693
              117.2611659206,1.8862511289,55.372
              117.2611945848,1.8862765696,54.895
              117.2612254969,1.8863022927,54.525
              117.2612535998,1.8863323984,53.797
              117.2612766446,1.8863599603,53.02
              117.2613002513,1.8863866741,52.309
              117.2613244199,1.8864131050,51.638
              117.2613508358,1.8864362842,51.223
              117.2613755658,1.8864587569,50.993
              117.2613980495,1.8864918321,50.585
              117.2614160374,1.8865247665,49.938
              117.2614379575,1.8865475224,49.776
              117.2614649342,1.8865620785,49.697
              117.2615009024,1.8865769160,49.954
              117.2615334995,1.8865964189,49.838
              117.2615559831,1.8866294941,48.645
              117.2615790288,1.8866625691,47.45
              117.2616088165,1.8866854651,47.061
              117.2616419756,1.8867049680,47.014
              117.2616689538,1.8867297021,46.465
              117.2616942463,1.8867559915,45.791
              117.2617240333,1.8867737985,45.693
              117.2617594406,1.8867962696,45.241
              117.2617948487,1.8868231228,44.554
              117.2618313807,1.8868505414,43.868
              117.2618555471,1.8868621294,43.92
              117.2618718449,1.8868670745,43.922
              117.2618971346,1.8868742801,43.79
              117.2619302911,1.8868768196,43.99
              117.2619696285,1.8868738451,44.308
              117.2620100897,1.8868708703,44.623
              117.2620505509,1.8868667647,45.005
              117.2620921355,1.8868601145,45.557
              117.2621275392,1.8868575646,45.841
              117.2621708133,1.8868748041,45.11
              117.2622135246,1.8868859652,44.766
              117.2622556735,1.8868941577,44.771
              117.2622972603,1.8869019263,44.789
              117.2623337885,1.8869038998,45.088
              117.2623528949,1.8868999388,45.458
              117.2623826792,1.8869002170,45.482
              117.2624135892,1.8869113798,45.199
              117.2624422498,1.8869126477,45.522
              117.2624776523,1.8869030298,46.709
              117.2625035012,1.8868915756,47.969
              117.2625085596,1.8868960984,48.564
              117.2625332836,1.8868789900,49.323
              117.2625692447,1.8868464714,50.17
              117.2626091415,1.8868265334,50.923
              117.2626467921,1.8868180460,51.073
              117.2626799456,1.8868002295,51.881
              117.2627175949,1.8867831190,52.52
              117.2627642376,1.8867785884,52.846
              117.2628058227,1.8867749067,53.16
              117.2628479697,1.8867709422,53.482
              117.2628878682,1.8867624544,54.12
              117.2629187748,1.8867514236,54.753
              117.2629524915,1.8867416645,55.272
              117.2629878948,1.8867371356,55.448
              117.2630210504,1.8867333138,55.611
              117.2630570130,1.8867112559,56.687
              117.2630806100,1.8866733675,59.167
              117.2630912854,1.8866597952,60.084
              117.2631199421,1.8866357595,60.748
              117.2631592763,1.8866118634,60.954
              117.2631924292,1.8865899474,61.851
              117.2632042281,1.8865739718,62.52
              117.2632137768,1.8865424468,63.798
              117.2632373745,1.8865092233,65.244
              117.2632547932,1.8864939536,66.11
              117.2632626592,1.8864833503,66.71
              117.2632733330,1.8864594587,67.445
              117.2632823187,1.8864208657,68.972
              117.2632946768,1.8863860889,70.21
              117.2633104069,1.8863528666,71.217
              117.2633267001,1.8863271364,71.976
              117.2633328793,1.8863108789,72.365
              117.2633368084,1.8862794961,73.049
              117.2633514146,1.8862466981,73.967
              117.2633632124,1.8862230890,74.658
              117.2633693895,1.8861931195,75.84
              117.2633744430,1.8861649878,76.769
              117.2633811819,1.8861333219,77.639
              117.2633839890,1.8861152272,78.1
              117.2633912879,1.8860706973,78.85
              117.2634165745,1.8860576882,79.432
              117.2634564711,1.8860369020,79.662
              117.2634980551,1.8860261523,79.715
              117.2635402012,1.8860158265,79.742
              117.2635952729,1.8860083259,79.249
              117.2636295542,1.8860165197,79.016
              117.2636554053,1.8860199084,79.016
              117.2636958684,1.8860290907,78.984
              117.2637340837,1.8860388388,78.87
              117.2637745470,1.8860494347,78.753
              117.2638082665,1.8860591835,78.739
              117.2638245641,1.8860624323,78.692
              117.2638296221,1.8860645520,78.759
              117.2638785138,1.8860675131,78.751
              117.2639212233,1.8860672239,78.937
              117.2639644948,1.8860670759,79.123
              117.2639869737,1.8860677793,79.213
              117.2640319313,1.8860690447,79.171
              117.2640566605,1.8860858629,80.014
              117.2640943161,1.8861108781,81.152
              117.2641134251,1.8861248699,81.285
              117.2641302856,1.8861341972,81.027
              117.2641656944,1.8861662808,80.587
              117.2641775022,1.8862092528,79.353
              117.2641954890,1.8862342710,79.074
              117.2642033601,1.8862580185,79.077
              117.2642162919,1.8863012730,77.515
              117.2642022467,1.8863275684,76.995
              117.2641803359,1.8863672942,76.121
              117.2641758426,1.8863834101,75.307
              117.2641792180,1.8864072996,73.887
              117.2641719194,1.8864533845,72.362
              117.2641595626,1.8864965016,70.486
              117.2641500146,1.8865326915,69.178
              117.2641421520,1.8865659126,67.94
              117.2641382224,1.8865933373,66.899
              117.2641410339,1.8866043630,66.587
              117.2641477784,1.8866102991,66.097
              117.2641562095,1.8866210413,65.439
              117.2641680184,1.8866710814,64.002
              117.2641770172,1.8867194255,62.428
              117.2641708401,1.8867498192,61.544
              117.2641646623,1.8867751238,60.603
              117.2641663500,1.8867868565,60.313
              117.2641742241,1.8868302532,60.612
              117.2641815360,1.8868719536,60.813
              117.2641629961,1.8869057418,59.303
              117.2641562569,1.8869350046,58.398
              117.2641630014,1.8869409407,57.942
              117.2641691877,1.8869714738,56.838
              117.2641781837,1.8870012997,55.88
              117.2641821215,1.8870282990,54.689
              117.2641944894,1.8870586898,53.834
              117.2642259654,1.8870969939,54.002
              117.2642439545,1.8871371377,53.293
              117.2642523906,1.8871805344,51.93
              117.2642619505,1.8872233653,50.645
              117.2642703849,1.8872558771,49.597
              117.2642816294,1.8872898021,48.667
              117.2642934354,1.8873206171,47.848
              117.2643058020,1.8873422434,47.424
              117.2643310952,1.8873727736,47.436
              117.2643440276,1.8874201276,47.464
              117.2643406606,1.8874516517,46.424
              117.2643389792,1.8874820446,44.908
              117.2643412319,1.8875134265,43.547
              117.2643547234,1.8875421207,42.926
              117.2643659660,1.8875631818,42.363
              117.2643794561,1.8875819808,41.984
              117.2643991294,1.8876112396,41.149
              117.2644216130,1.8876437492,40.323
              117.2644435337,1.8876693322,39.755
              117.2644643297,1.8876903919,39.203
              117.2645092919,1.8877217672,39.025
              117.2645093009,1.8877809975,38.824
              117.2645003138,1.8878098366,37.816
              117.2645104340,1.8878419241,36.69
              117.2645244875,1.8878701942,36.091
              117.2645362937,1.8879021400,35.274
              117.2645447283,1.8879354999,34.207
              117.2645644011,1.8879616488,34
              117.2646054233,1.8879514645,35.934
              117.2646492552,1.8879405729,38.338
              117.2646925252,1.8879296815,41.209
              117.2647363571,1.8879187900,44.11
              117.2647475964,1.8879185055,44.798
              117.2647919917,1.8879169438,47.419
              117.2648369490,1.8879153819,49
              117.2648701099,1.8879469004,49
              117.2648993365,1.8879747440,49
              117.2649280011,1.8880028705,48.954
              117.2649476750,1.8880356633,48.263
              117.2649493622,1.8880440034,47.944
            </coordinates>
          </LinearRing>
        </outerBoundaryIs>
      </Polygon>
    </Placemark>
    <Placemark>
      <description>CROPLINE_COAL_2025_BDY_PIT</description>
      <styleUrl>#area1</styleUrl>
      <Polygon>
        <altitudeMode>relativeToGround</altitudeMode>
        <extrude>1</extrude>
        <outerBoundaryIs>
          <LinearRing>
            <coordinates>
              117.2528216230,1.8771325815,34.747
              117.2529991987,1.8770946708,36.719
              117.2529969550,1.8771232261,37.202
              117.2529930339,1.8772117189,38.685
              117.2529885506,1.8772978086,40
              117.2529936083,1.8772982320,40
              117.2530143979,1.8772761766,40
              117.2530194559,1.8772785790,40
              117.2530200172,1.8772736312,40
              117.2530368756,1.8772695293,40
              117.2530290184,1.8773417661,40.071
              117.2530267810,1.8774147089,41.543
              117.2530200479,1.8774876523,42
              117.2530048863,1.8775672410,42.962
              117.2529886006,1.8776458403,43.584
              117.2529728776,1.8777296699,44.476
              117.2529734518,1.8778149107,45.568
              117.2529768360,1.8779009993,47.722
              117.2529813446,1.8779903390,50.141
              117.2529695500,1.8780371313,49.78
              117.2529779880,1.8780963605,48.176
              117.2529886753,1.8781650606,46.588
              117.2530021730,1.8782382838,45.339
              117.2529965634,1.8783085412,47.007
              117.2529937659,1.8783937825,50
              117.2529943277,1.8783929343,49.97
              117.2529937658,1.8783933585,49.988
              117.2529937659,1.8783937825,50
              117.2529977028,1.8784158343,50
              117.2529971443,1.8784402899,50
              117.2529965848,1.8784571120,50
              117.2529960240,1.8784653111,50
              117.2529965903,1.8784949969,50
              117.2529994010,1.8785014991,50
              117.2530061469,1.8785176133,50
              117.2530078331,1.8785195921,50
              117.2530280674,1.8785441860,50
              117.2530280675,1.8785447515,50
              117.2530286295,1.8785451755,50
              117.2530314406,1.8785539395,50.329
              117.2530359398,1.8785776875,50.616
              117.2530410009,1.8786012941,51
              117.2530415634,1.8786053935,51.058
              117.2530438126,1.8786141576,51.271
              117.2530483108,1.8786315444,51.787
              117.2530488729,1.8786328166,51.834
              117.2530499975,1.8786369159,52
              117.2530544956,1.8786533132,52.537
              117.2530550577,1.8786543026,52.581
              117.2530550582,1.8786578366,52.788
              117.2530550587,1.8786613707,52.898
              117.2530550590,1.8786636325,53
              117.2530550599,1.8786697110,53.241
              117.2530556241,1.8786852607,54
              117.2530550658,1.8787105644,54.941
              117.2530550659,1.8787118367,55
              117.2530550661,1.8787126849,55.027
              117.2530545079,1.8787392609,56
              117.2530545111,1.8787613132,56.886
              117.2530539495,1.8787641406,57
              117.2530539499,1.8787664023,57.08
              117.2530505839,1.8788069735,58
              117.2530500232,1.8788158794,58.212
              117.2530489007,1.8788254921,58.334
              117.2530489011,1.8788286021,58.383
              117.2530466559,1.8788466967,58.672
              117.2530444101,1.8788613986,58.719
              117.2530393570,1.8788933470,58.814
              117.2530387957,1.8788981533,58.838
              117.2530382342,1.8789014047,58.825
              117.2530371111,1.8789070593,58.771
              117.2530309335,1.8789351912,58.489
              117.2530241943,1.8789654435,58
              117.2530230708,1.8789684122,57.956
              117.2530163314,1.8789975336,57.509
              117.2530163314,1.8789975336,57.508
              117.2530180190,1.8790094078,57.276
              117.2530191449,1.8790234024,57
              117.2530208328,1.8790369728,56.791
              117.2530230860,1.8790741505,56.243
              117.2530236500,1.8790882866,56
              117.2530242148,1.8791076530,55.549
              117.2530247801,1.8791311189,55
              117.2530253437,1.8791422864,54.733
              117.2530253442,1.8791461031,54.63
              117.2530253476,1.8791694278,54
              117.2530253483,1.8791746581,53.835
              117.2530247886,1.8791903493,53.271
              117.2530242272,1.8791940248,53.104
              117.2530242276,1.8791967107,53
              117.2530242282,1.8792009515,52.854
              117.2530242321,1.8792280929,52
              117.2530242351,1.8792491557,51.483
              117.2530242377,1.8792668259,51
              117.2530242384,1.8792719149,50.85
              117.2530242413,1.8792921296,50.261
              117.2530242426,1.8793013181,50
              117.2530174991,1.8793017431,50
              117.2530079457,1.8793023100,50
              117.2529787232,1.8793003352,50
              117.2529787242,1.8793075446,49.773
              117.2529781661,1.8793344033,49
              117.2529781672,1.8793418955,48.798
              117.2529781713,1.8793700264,48
              117.2529781757,1.8794011259,47.092
              117.2529781764,1.8794053667,47
              117.2529781777,1.8794144139,46.847
              117.2529798702,1.8794603561,46
              117.2529809961,1.8794742093,45.807
              117.2529708863,1.8795132265,45.22
              117.2529669551,1.8795313214,45
              117.2529579687,1.8795659562,44.418
              117.2529545989,1.8795799515,44.2
              117.2529512290,1.8795929572,44
              117.2529472985,1.8796158583,44
              117.2529439293,1.8796342358,44
              117.2529422467,1.8796567125,44.542
              117.2529394404,1.8796813098,45
              117.2529394406,1.8796830061,45.039
              117.2529355125,1.8797221638,45.807
              117.2529332657,1.8797297976,46
              117.2529327039,1.8797305045,46.021
              117.2529304572,1.8797387038,46.229
              117.2529310195,1.8797413896,46.258
              117.2529315818,1.8797437926,46.287
              117.2529400173,1.8797853517,47
              117.2529445163,1.8798076861,47.327
              117.2529450785,1.8798095237,47.355
              117.2529523890,1.8798440148,47.857
              117.2529535139,1.8798506586,48
              117.2529613863,1.8798843015,48.691
              117.2529653227,1.8799029606,49
              117.2529748829,1.8799497498,49.764
              117.2529776946,1.8799626133,50
              117.2529833153,1.8799701047,50
              117.2529883740,1.8799764652,50
              117.2529979303,1.8799966785,50
              117.2530091732,1.8800216978,50
              117.2530147954,1.8800388017,50
              117.2530103023,1.8800570380,50.39
              117.2530030008,1.8800855940,51
              117.2529979457,1.8801038304,51.372
              117.2529889591,1.8801376170,52
              117.2529771640,1.8801807340,52.743
              117.2529754793,1.8801890745,53
              117.2529670542,1.8802196098,53.5
              117.2529642464,1.8802336050,54
              117.2529603147,1.8802478831,54.186
              117.2529546974,1.8802641405,54.282
              117.2529530121,1.8802688056,54.282
              117.2529513271,1.8802746017,54.284
              117.2529451481,1.8802929796,54.288
              117.2529412159,1.8803038650,54.239
              117.2529372836,1.8803143263,54.136
              117.2529316659,1.8803281805,54
              117.2529305425,1.8803317147,53.944
              117.2529299808,1.8803335525,53.945
              117.2529193075,1.8803615436,53.711
              117.2529164989,1.8803701671,53.649
              117.2529075108,1.8803936343,53.478
              117.2528912203,1.8804388724,53.15
              117.2528861653,1.8804576742,53
              117.2528856038,1.8804612083,53
              117.2528839187,1.8804668630,53
              117.2528754933,1.8804952778,52.607
              117.2528665055,1.8805205828,52.006
              117.2528665055,1.8805208656,52
              117.2528603263,1.8805375471,51.442
              117.2528592028,1.8805405158,51.376
              117.2528530236,1.8805577628,51
              117.2528496533,1.8805678000,50.802
              117.2528395417,1.8805946601,50
              117.2528232449,1.8805959347,50
              117.2527923371,1.8805983424,50
              117.2527844728,1.8806213854,49.472
              117.2527777317,1.8806383498,49
              117.2527726762,1.8806541830,48.642
              117.2527659351,1.8806712887,48.141
              117.2527642500,1.8806768020,48
              117.2527563856,1.8806982901,47.405
              117.2527535765,1.8807038036,47.254
              117.2527490819,1.8807118619,47
              117.2527378456,1.8807325023,46.222
              117.2527339128,1.8807392882,46
              117.2527238000,1.8807572425,45.273
              117.2527198673,1.8807647353,45
              117.2527125634,1.8807763280,44.438
              117.2527069451,1.8807859414,44
              117.2527013269,1.8807965443,43.56
              117.2526962707,1.8808067230,43.331
              117.2526895291,1.8808207188,43
              117.2526889672,1.8808211430,42.995
              117.2526889672,1.8808212843,42.993
              117.2526872820,1.8808260909,42.962
              117.2527238090,1.8808200070,43.03
              117.2527991085,1.8807918651,44.068
              117.2528738459,1.8807627338,45.372
              117.2529497080,1.8807388326,45.327
              117.2530272566,1.8807190308,44.312
              117.2530952523,1.8807031884,43.047
              117.2531570638,1.8806693940,42.016
              117.2532003328,1.8806522829,40
              117.2531907814,1.8806662791,40
              117.2531846048,1.8807014790,40
              117.2531784246,1.8807115165,40
              117.2531773019,1.8807202811,40
              117.2531862928,1.8807161803,39.68
              117.2532582194,1.8806804054,37.714
              117.2533278976,1.8806405313,36.92
              117.2533964515,1.8805989611,36.554
              117.2534638812,1.8805551292,36.874
              117.2535358077,1.8805186475,35.112
              117.2536116690,1.8804890919,31.435
              117.2536116702,1.8804975735,32
              117.2536054933,1.8805305116,32
              117.2536077424,1.8805388516,32
              117.2536060574,1.8805449304,32
              117.2535908940,1.8806126447,32
              117.2535695427,1.8806361138,32
              117.2535543704,1.8806417705,32
              117.2535414468,1.8806530813,32
              117.2535094157,1.8806604368,32
              117.2535060448,1.8806662331,32
              117.2534796454,1.8807567082,32
              117.2534875163,1.8807798903,32
              117.2534757181,1.8808019444,32
              117.2535094407,1.8808333217,32
              117.2535881099,1.8807909018,32
              117.2536263226,1.8807836868,32
              117.2536443059,1.8807859459,32
              117.2535785619,1.8808282226,32.889
              117.2535111315,1.8808675309,32.916
              117.2534420150,1.8809047190,32.377
              117.2533779572,1.8809498227,34
              117.2533105268,1.8809889896,34
              117.2532430965,1.8810281566,34
              117.2531672360,1.8810632252,35.914
              117.2530891265,1.8810905194,35.862
              117.2530098926,1.8811148451,35.09
              117.2529312210,1.8811407257,34.702
              117.2528564846,1.8811770665,36.922
              117.2527991689,1.8812115670,40.135
              117.2529413473,1.8812164939,35.05
              117.2529902384,1.8812162041,35.019
              117.2530391290,1.8812125215,35
              117.2532633491,1.8811794103,37.765
              117.2531189267,1.8812010596,35.971
              117.2532633491,1.8811794103,37.765
              117.2531846943,1.8813220553,40
              117.2531948092,1.8813189439,40
              117.2532397605,1.8812770944,40
              117.2532588641,1.8812543324,40
              117.2532667291,1.8812360957,40
              117.2533128040,1.8811922669,40
              117.2533313475,1.8811825103,40
              117.2532920208,1.8812581443,42.105
              117.2532504459,1.8813325065,43.719
              117.2532094330,1.8814068686,45.333
              117.2531734800,1.8814960728,50
              117.2531948354,1.8815004519,50
              117.2532397898,1.8814800893,50
              117.2532661997,1.8814621326,50
              117.2533117125,1.8814171730,50
              117.2533381223,1.8813986508,50
              117.2533510466,1.8813918636,50
              117.2533134047,1.8814608534,51.63
              117.2532729528,1.8815280060,52.424
              117.2532707053,1.8815306922,52.371
              117.2532302526,1.8815924730,52.461
              117.2531948564,1.8816464782,52.54
              117.2531813727,1.8816702289,53.005
              117.2531780018,1.8816764493,53.098
              117.2531757543,1.8816794182,53.123
              117.2531706977,1.8816870524,53.077
              117.2531667648,1.8816928488,53.101
              117.2531605847,1.8817034518,53.233
              117.2531190101,1.8817797930,55
              117.2531133918,1.8817891237,55.179
              117.2531218295,1.8818463738,56.149
              117.2531257675,1.8818757764,56.645
              117.2531280185,1.8818974044,56.873
              117.2531302692,1.8819167705,56.993
              117.2531313960,1.8819369850,57.004
              117.2531308342,1.8819379747,57.017
              117.2531055517,1.8819793972,57.379
              117.2530943149,1.8819976345,57.622
              117.2530870112,1.8820104994,57.894
              117.2530673473,1.8820444290,58.476
              117.2530572343,1.8820612525,58.699
              117.2530493686,1.8820739762,58.801
              117.2530403792,1.8820888204,58.973
              117.2530325136,1.8821018268,59.128
              117.2530280188,1.8821087542,59.161
              117.2530212767,1.8821190745,59.095
              117.2530162200,1.8821262847,59.108
              117.2530134109,1.8821313741,59.177
              117.2530106017,1.8821353327,59.188
              117.2530055450,1.8821424015,59.158
              117.2530038595,1.8821452289,59.134
              117.2530016121,1.8821483392,59.097
              117.2529982409,1.8821528633,59.023
              117.2529948697,1.8821569632,58.934
              117.2529931841,1.8821589426,58.869
              117.2529914985,1.8821610632,58.751
              117.2529898127,1.8821619116,58.605
              117.2529875653,1.8821648805,58.492
              117.2529768899,1.8821787355,58.163
              117.2529504821,1.8822113938,57.296
              117.2529443016,1.8822194523,57.115
              117.2529325023,1.8822334488,56.656
              117.2528909240,1.8822839209,55
              117.2528527161,1.8823247799,52.848
              117.2528279940,1.8823560244,52.063
              117.2528145091,1.8823718588,51.536
              117.2528133858,1.8823765239,51.438
              117.2527948483,1.8824275581,50.126
              117.2527926015,1.8824349092,50
              117.2527785493,1.8824144138,50
              117.2527678701,1.8824018342,50
              117.2527594377,1.8823817622,50
              117.2527566217,1.8823386473,50
              117.2527414441,1.8823075501,50
              117.2527341397,1.8823157501,49.63
              117.2527212165,1.8823303122,48.985
              117.2527144756,1.8823488315,48.478
              117.2527009944,1.8823903937,47.743
              117.2526751526,1.8824509001,45.091
              117.2526734669,1.8824523140,45
              117.2526487444,1.8824810140,43.849
              117.2526262699,1.8825097136,43.187
              117.2526257080,1.8825102791,43.176
              117.2526077284,1.8825336064,42.759
              117.2525998623,1.8825437855,42.492
              117.2525897486,1.8825558027,42.094
              117.2525667118,1.8825825234,41.101
              117.2525431130,1.8826096682,40
              117.2525318728,1.8826031672,40
              117.2525234421,1.8825949695,40
              117.2525172596,1.8825888918,40
              117.2525099524,1.8825782908,40
              117.2524930957,1.8825942671,38.81
              117.2524683711,1.8826078414,37.229
              117.2524166748,1.8826405034,35
              117.2523722831,1.8826668031,32.757
              117.2523655401,1.8826710449,32.432
              117.2523503683,1.8826802356,31.738
              117.2523408158,1.8826864569,31.346
              117.2523357585,1.8826897089,31.173
              117.2523307014,1.8826933851,31.023
              117.2523256442,1.8826973439,30.918
              117.2523138442,1.8827065341,30.748
              117.2522806917,1.8827315599,30.016
              117.2522806917,1.8827315599,30.014
              117.2522806917,1.8827317013,30.015
              117.2522806917,1.8827317013,30.015
              117.2522997965,1.8827169969,30.439
              117.2522806917,1.8827315599,30.016
              117.2523099219,1.8827865452,30.975
              117.2523369044,1.8828422377,31.343
              117.2523537723,1.8829037274,30
              117.2523762597,1.8829640855,29.998
              117.2523835695,1.8829934876,29.996
              117.2524184208,1.8830585087,29.055
              117.2524184208,1.8830585087,29.055
              117.2524071850,1.8830828245,28.898
              117.2523886443,1.8831122304,28.76
              117.2523672940,1.8831436157,28.895
              117.2523324576,1.8831827779,28.985
              117.2523004337,1.8832396098,28.784
              117.2522880839,1.8833340410,29.928
              117.2522172843,1.8833920095,30.001
              117.2521594082,1.8834376776,30.001
              117.2521015321,1.8834833457,30.001
              117.2520436560,1.8835290139,30.001
              117.2519913988,1.8835694508,29.986
              117.2519503824,1.8836202055,30.001
              117.2519037472,1.8836770396,30.001
              117.2518396940,1.8837545149,29.991
              117.2517351708,1.8837740380,30.01
              117.2516694221,1.8837850737,29.974
              117.2516323353,1.8838067074,30.01
              117.2515615329,1.8838455921,29.992
              117.2514564419,1.8838246859,30.018
              117.2513918135,1.8838095696,30.006
              117.2513502291,1.8838183400,30.01
              117.2512844809,1.8838327684,30.007
              117.2512192943,1.8838447936,29.987
              117.2511602894,1.8838565351,29.986
              117.2510833019,1.8838713892,29.977
              117.2510063144,1.8838862433,29.968
              117.2509388802,1.8838998238,30
              117.2509388802,1.8838998238,30
              117.2509647357,1.8839348777,30
              117.2509748544,1.8839574940,30
              117.2509860954,1.8839688013,30
              117.2510035167,1.8839714847,30
              117.2510147556,1.8839678076,30
              117.2510394794,1.8839487203,30
              117.2510821899,1.8839549340,30
              117.2511159078,1.8839533741,30
              117.2511232136,1.8839552107,30
              117.2510535318,1.8839707706,30.401
              117.2509838498,1.8839847755,30.401
              117.2509147306,1.8840047174,31.85
              117.2508501068,1.8840228211,33.055
              117.2508062812,1.8840779583,34.537
              117.2507551512,1.8841412956,36.117
              117.2506646781,1.8841677433,36.157
              117.2505803863,1.8841919283,36.157
              117.2505028377,1.8842125783,35.732
              117.2504887908,1.8842291196,35.835
              117.2504472096,1.8842599424,36.19
              117.2504050661,1.8842892103,36.185
              117.2503505590,1.8843159355,36.649
              117.2502921184,1.8843446403,37.208
              117.2502280543,1.8843462045,37.712
              117.2501679242,1.8843494645,38.601
              117.2501184701,1.8843435345,39.314
              117.2500864375,1.8843405705,40
              117.2500864375,1.8843405705,40
              117.2500965564,1.8843647419,40
              117.2501044256,1.8843760496,40
              117.2501269068,1.8843939993,40
              117.2501094857,1.8843932950,40.582
              117.2500504791,1.8843938690,43.225
              117.2499925943,1.8843788930,45.38
              117.2499791065,1.8843749369,45.804
              117.2499307808,1.8843998234,48.591
              117.2498515483,1.8844353166,52.019
              117.2497700665,1.8844603493,52.901
              117.2496868978,1.8844791624,52.232
              117.2496031667,1.8844944415,50.698
              117.2495171868,1.8845027942,47.493
              117.2494317691,1.8845134086,44.83
              117.2493418565,1.8845295367,43.166
              117.2492806023,1.8845318073,41.659
              117.2492440729,1.8845220587,40
              117.2492440729,1.8845220587,40
              117.2492575582,1.8845077792,40
              117.2492923959,1.8844773815,40
              117.2492789087,1.8844780902,39.713
              117.2492249583,1.8844676373,38.207
              117.2491760638,1.8844447438,36.216
              117.2491355981,1.8844167600,35
              117.2491069349,1.8843972563,34.958
              117.2490878280,1.8843974004,34.928
              117.2490389295,1.8843460932,35
              117.2489990236,1.8843027010,35
              117.2489456336,1.8842815045,35.374
              117.2489158484,1.8842751475,35.933
              117.2488888739,1.8842750100,36.395
              117.2488624624,1.8842822232,36.873
              117.2488338039,1.8842952326,36.928
              117.2487781745,1.8843335495,37.844
              117.2487219830,1.8843715838,38.644
              117.2486714110,1.8844073555,39.688
              117.2486663538,1.8844108903,39.791
              117.2486528675,1.8844176776,40
              117.2486528675,1.8844176776,40
              117.2486562461,1.8844654572,40
              117.2486433218,1.8844728099,40.335
              117.2486135396,1.8844876571,40.773
              117.2485826335,1.8845026459,41.086
              117.2485657756,1.8845107059,41.266
              117.2484590088,1.8845613286,42.11
              117.2484196738,1.8845814076,42.776
              117.2484028160,1.8845900330,43.066
              117.2483803389,1.8846013452,43.366
              117.2483179652,1.8846352808,44.831
              117.2483123460,1.8846385330,45
              117.2482904309,1.8846505518,45.566
              117.2482628968,1.8846668123,46.272
              117.2482263722,1.8846905663,47.652
              117.2481611897,1.8847319945,50
              117.2481583872,1.8847834505,50
              117.2481527732,1.8848237393,50
              117.2481510891,1.8848367448,50
              117.2481482795,1.8848387242,50.115
              117.2481477176,1.8848388657,50.118
              117.2481027643,1.8848686994,51.987
              117.2479780176,1.8849415184,55
              117.2479768938,1.8849419426,55
              117.2479746461,1.8849432152,55
              117.2479443018,1.8849573557,55
              117.2479420541,1.8849584869,55
              117.2479128336,1.8849722031,55
              117.2478999095,1.8849802626,55.409
              117.2478645084,1.8850004823,56.199
              117.2478515842,1.8850081177,56.561
              117.2478206783,1.8850249441,57.049
              117.2478060684,1.8850342761,57.535
              117.2477847151,1.8850448812,57.687
              117.2477599904,1.8850587382,58.105
              117.2476807581,1.8850956449,58.059
              117.2476144502,1.8851266125,57.995
              117.2475880388,1.8851345325,57.758
              117.2475751141,1.8851384925,57.642
              117.2475526366,1.8851476842,58.038
              117.2475088052,1.8851625334,57.994
              117.2475031857,1.8851643719,57.964
              117.2475031857,1.8851643719,57.964
              117.2474953203,1.8851790746,58.783
              117.2474936349,1.8851828916,59
              117.2474930731,1.8851841640,59.078
              117.2474925112,1.8851843054,59.08
              117.2474902639,1.8851884052,59.271
              117.2474857696,1.8851992907,60
              117.2475031903,1.8851967437,60
              117.2475756806,1.8851711469,60
              117.2476060262,1.8851660535,60
              117.2476262566,1.8851625166,60
              117.2476352475,1.8851582745,60
              117.2476318763,1.8851627985,60.115
              117.2476296289,1.8851659088,60.202
              117.2476223251,1.8851783497,60.69
              117.2476183922,1.8851848528,60.955
              117.2476183923,1.8851855597,61
              117.2476172686,1.8851873975,61.077
              117.2476032227,1.8852107242,62
              117.2475931096,1.8852275476,62.674
              117.2475874913,1.8852370196,63
              117.2475818730,1.8852469157,63.494
              117.2475756929,1.8852578014,64
              117.2475700746,1.8852679803,64.521
              117.2475622090,1.8852814107,65
              117.2475526577,1.8852968205,65.57
              117.2475520959,1.8852982342,65.626
              117.2475470406,1.8853149156,66
              117.2475470406,1.8853151983,66
              117.2475470406,1.8853154810,66
              117.2475419848,1.8853287697,66
              117.2475369287,1.8853400793,65.93
              117.2475268164,1.8853621332,65.659
              117.2475026593,1.8854158539,65
              117.2475015358,1.8854191054,65
              117.2474953563,1.8854343733,65
              117.2474936709,1.8854376249,65
              117.2474908622,1.8854456829,65
              117.2474655778,1.8854757965,65
              117.2474582735,1.8854848447,65
              117.2474402935,1.8855063342,65
              117.2474099530,1.8855470506,65.617
              117.2473970302,1.8855648640,65.982
              117.2473970302,1.8855650053,65.984
              117.2473970303,1.8855652881,65.987
              117.2473970303,1.8855654294,65.991
              117.2473964684,1.8855658536,66
              117.2473959065,1.8855667018,66.02
              117.2473627570,1.8856132145,67
              117.2473492725,1.8856332897,67.616
              117.2473397211,1.8856475686,68
              117.2473239895,1.8856724505,68.9
              117.2473217420,1.8856755607,69
              117.2473211802,1.8856764090,69
              117.2473189327,1.8856790952,69
              117.2473105046,1.8856891330,69
              117.2473065715,1.8856939399,69
              117.2472953340,1.8857075122,69
              117.2472914009,1.8857124604,69
              117.2472891534,1.8857145811,68.943
              117.2472846583,1.8857195294,68.811
              117.2472588114,1.8857456850,68
              117.2472486975,1.8857561472,67.687
              117.2472245364,1.8857811716,67
              117.2472031845,1.8858019548,66.19
              117.2471975656,1.8858074687,66
              117.2471941942,1.8858108618,65.842
              117.2471745279,1.8858292416,65
              117.2471711566,1.8858326348,64.812
              117.2471526140,1.8858496008,64
              117.2471340713,1.8858660014,63.066
              117.2471323857,1.8858676980,63
              117.2471132812,1.8858855122,62.112
              117.2471099100,1.8858891881,62
              117.2470885583,1.8859112435,61.362
              117.2470790061,1.8859207161,61.07
              117.2470761967,1.8859239678,61
              117.2470441697,1.8859607264,60.595
              117.2470278751,1.8859783989,60.23
              117.2470160755,1.8859909817,60
              117.2469913482,1.8859861790,60
              117.2469694315,1.8859864648,60
              117.2469025573,1.8859877466,60
              117.2468946910,1.8859960881,59.798
              117.2468677204,1.8860242228,59
              117.2468519876,1.8860404816,58.569
              117.2468311978,1.8860625370,58
              117.2468188363,1.8860752613,57.642
              117.2467913040,1.8861049511,57
              117.2467772569,1.8861196547,56.637
              117.2467626480,1.8861361961,56.372
              117.2467457915,1.8861544341,56
              117.2467356775,1.8861648963,55.747
              117.2467098308,1.8861919000,55
              117.2466811746,1.8862220141,54.225
              117.2466733082,1.8862300728,54
              117.2466429663,1.8862616007,53.079
              117.2466407187,1.8862637214,53
              117.2466204904,1.8862819600,52.028
              117.2466199285,1.8862822428,52.009
              117.2466199285,1.8862823841,52
              117.2466199285,1.8862825255,51.991
              117.2466193666,1.8862828083,51.976
              117.2466036332,1.8862955331,51
              117.2465974524,1.8863011884,50.664
              117.2465968905,1.8863016126,50.636
              117.2465862143,1.8863106612,50
              117.2465519310,1.8862877655,50
              117.2465502449,1.8862863522,50
              117.2465491207,1.8862847974,50
              117.2465479970,1.8862859284,49.94
              117.2465283306,1.8863038841,49
              117.2465170927,1.8863143465,48.514
              117.2465064166,1.8863241019,48.065
              117.2465052928,1.8863252330,48
              117.2465013596,1.8863291917,47.849
              117.2464991120,1.8863311710,47.759
              117.2464805695,1.8863485611,47
              117.2464592177,1.8863701925,46.334
              117.2464502274,1.8863789582,46
              117.2464423610,1.8863871582,45.745
              117.2464389898,1.8863909755,45.677
              117.2464041529,1.8864281585,45
              117.2463856106,1.8864473863,44.625
              117.2463659452,1.8864718446,44.783
              117.2463642595,1.8864738239,44.78
              117.2463620121,1.8864767928,44.777
              117.2463575171,1.8864820238,44.812
              117.2463518985,1.8864902236,45
              117.2463395376,1.8865076128,45.416
              117.2463142538,1.8865416845,46
              117.2463024550,1.8865597805,46.641
              117.2463018931,1.8865603460,46.662
              117.2462923409,1.8865689704,47
              117.2462721128,1.8865886225,47.984
              117.2462715508,1.8865889053,48
              117.2462709889,1.8865894708,48.033
              117.2462518846,1.8866079919,49
              117.2462440182,1.8866163334,49.507
              117.2462367137,1.8866242506,50
              117.2462496400,1.8866314582,50
              117.2462496400,1.8866315996,50
              117.2462732458,1.8866535073,50
              117.2462631319,1.8866642522,50.697
              117.2462580749,1.8866694833,51
              117.2462541417,1.8866738660,51.295
              117.2462434659,1.8866853178,52
              117.2462355996,1.8866940833,52.635
              117.2462294188,1.8867003041,53
              117.2462187431,1.8867126041,53.881
              117.2462170575,1.8867144420,54
              117.2462159336,1.8867151490,54.048
              117.2462013246,1.8867305595,55
              117.2461895250,1.8867431423,55.739
              117.2461844680,1.8867478080,56
              117.2461839061,1.8867487976,56.069
              117.2461687351,1.8867642081,57
              117.2461574974,1.8867762254,57.748
              117.2461518785,1.8867814566,58
              117.2461434502,1.8867905050,58.612
              117.2461350218,1.8867985638,59
              117.2461299648,1.8868035121,59.246
              117.2461187269,1.8868145399,59.783
              117.2461142318,1.8868186400,59.983
              117.2461136699,1.8868192056,60
              117.2461147939,1.8868194881,60
              117.2461310925,1.8868306534,60
              117.2461502043,1.8868645774,60
              117.2461715622,1.8868867681,60
              117.2461726863,1.8868880402,60
              117.2461608864,1.8868982199,60.318
              117.2461457153,1.8869127823,61
              117.2461148108,1.8869403521,61.975
              117.2461136870,1.8869413418,62
              117.2460990776,1.8869540664,62.397
              117.2460844681,1.8869662256,62.696
              117.2460782872,1.8869711741,62.784
              117.2460535631,1.8869894133,62.893
              117.2460501916,1.8869919583,62.894
              117.2460462582,1.8869946447,62.854
              117.2460153529,1.8870158533,62.609
              117.2459996191,1.8870254681,62.259
              117.2459923141,1.8870297100,62.082
              117.2459900665,1.8870312653,62
              117.2459844472,1.8870343760,61.838
              117.2459529795,1.8870527575,61
              117.2459378075,1.8870612413,60.533
              117.2459316263,1.8870642108,60.25
              117.2459231974,1.8870690183,60
              117.2459282534,1.8870568605,60
              117.2459333078,1.8870326870,60
              117.2459338676,1.8870174199,60
              117.2459344271,1.8869997496,60
              117.2459681357,1.8869318913,60
              117.2459698204,1.8869236921,60
              117.2459619535,1.8869283582,59.749
              117.2459316100,1.8869480117,59.306
              117.2459164381,1.8869576265,59.057
              117.2459125047,1.8869603129,59
              117.2459023902,1.8869668169,58.867
              117.2459001425,1.8869683722,58.83
              117.2458889041,1.8869753006,58.576
              117.2458731701,1.8869835018,58
              117.2458608076,1.8869892993,57.349
              117.2458529406,1.8869932586,57
              117.2458433877,1.8869975008,56.542
              117.2458360825,1.8870001877,56
              117.2458299012,1.8870024503,55.598
              117.2458175387,1.8870083893,55
              117.2458113574,1.8870112174,54.713
              117.2458023665,1.8870156009,54.287
              117.2457973091,1.8870177220,54
              117.2457753939,1.8870287513,53.03
              117.2457748319,1.8870288927,53
              117.2457742700,1.8870291756,52.979
              117.2457714604,1.8870308723,52.864
              117.2457506689,1.8870410533,52
              117.2457253823,1.8870549103,51.074
              117.2457231345,1.8870559001,51
              117.2457225726,1.8870563243,50.979
              117.2457192011,1.8870581625,50.849
              117.2456978478,1.8870693331,50.047
              117.2456972859,1.8870697572,50
              117.2456961613,1.8870655165,50
              117.2456950329,1.8870332863,50
              117.2456950325,1.8870303177,50
              117.2457012114,1.8870108089,50
              117.2456916587,1.8870163234,49.687
              117.2456837919,1.8870221203,49.729
              117.2456804205,1.8870245240,49.693
              117.2456759251,1.8870274932,49.611
              117.2456495148,1.8870431881,49
              117.2456472670,1.8870441779,48.879
              117.2456298471,1.8870523793,48
              117.2456275994,1.8870532278,47.839
              117.2456152367,1.8870577532,47
              117.2456039980,1.8870624197,46.322
              117.2455989405,1.8870643995,46
              117.2455983786,1.8870646823,45.968
              117.2455826443,1.8870711871,45
              117.2455798347,1.8870723184,44.88
              117.2455652243,1.8870782577,44
              117.2455528618,1.8870841966,43.389
              117.2455455567,1.8870874490,43
              117.2455309465,1.8870949432,42.362
              117.2455230795,1.8870986197,42
              117.2455219556,1.8870993267,41.942
              117.2455039737,1.8871075282,41
              117.2454994783,1.8871097906,40.832
              117.2454904873,1.8871133259,40.251
              117.2454865537,1.8871148814,40
              117.2454859868,1.8870795412,40
              117.2454882321,1.8870614466,40
              117.2454887936,1.8870574884,40
              117.2454803646,1.8870614477,39.59
              117.2454719355,1.8870644175,39
              117.2454573253,1.8870719117,38.43
              117.2454472108,1.8870785571,38.268
              117.2454449632,1.8870803952,38.256
              117.2454370964,1.8870857680,38.217
              117.2454348487,1.8870871819,38.189
              117.2454297915,1.8870911408,38.256
              117.2454213630,1.8870987755,38.59
              117.2454112489,1.8871082481,39
              117.2454050681,1.8871143276,39.328
              117.2453966396,1.8871216796,39.529
              117.2453904587,1.8871274763,39.809
              117.2453797825,1.8871361008,40
              117.2453719158,1.8871417564,40
              117.2453539343,1.8871527851,39.694
              117.2453505628,1.8871551888,39.691
              117.2453337057,1.8871690446,40
              117.2453264028,1.8871884121,40
              117.2453230324,1.8871987320,40
              117.2453196633,1.8872182403,40
              117.2453247228,1.8872309622,40
              117.2453191041,1.8872374656,40.456
              117.2453140471,1.8872428380,40.767
              117.2453101139,1.8872467967,41
              117.2453022476,1.8872559863,41.665
              117.2452988762,1.8872589554,41.927
              117.2452977524,1.8872598037,42
              117.2452971904,1.8872600865,42.022
              117.2452803332,1.8872735182,43
              117.2452741523,1.8872784668,43.415
              117.2452623521,1.8872873742,44
              117.2452488664,1.8872978369,44.765
              117.2452449330,1.8873010887,45
              117.2452404377,1.8873039166,45.16
              117.2452381900,1.8873057546,45.258
              117.2452269516,1.8873128243,45.571
              117.2452185229,1.8873183386,45.774
              117.2452129036,1.8873213080,45.814
              117.2451898645,1.8873329029,45.76
              117.2451831213,1.8873358724,45.69
              117.2451780639,1.8873382763,45.631
              117.2451488432,1.8873510030,45.177
              117.2451353568,1.8873569421,45
              117.2450847827,1.8873792843,44.239
              117.2450696105,1.8873860718,44.003
              117.2450684866,1.8873866374,44
              117.2450330850,1.8874043126,43.871
              117.2450308373,1.8874054438,43.881
              117.2450280277,1.8874072819,43.926
              117.2449915024,1.8874265123,44
              117.2449347477,1.8874566303,44.147
              117.2449274426,1.8874603067,44.124
              117.2449229472,1.8874625691,44.14
              117.2448937271,1.8874791126,44.418
              117.2448813647,1.8874858997,44.52
              117.2448611355,1.8874980596,44.842
              117.2448588878,1.8874994736,44.881
              117.2448532686,1.8875027257,45
              117.2448397826,1.8875119161,45.442
              117.2448251728,1.8875219548,46
              117.2448173061,1.8875278931,46.358
              117.2448071918,1.8875362349,47
              117.2448049441,1.8875376488,47.11
              117.2447953917,1.8875452837,47.652
              117.2447880868,1.8875506564,48
              117.2447819058,1.8875551809,48.29
              117.2447712296,1.8875642295,49
              117.2447599916,1.8875738437,49.783
              117.2447554963,1.8875770956,50
              117.2447599937,1.8875885453,50
              117.2447689872,1.8876033869,50
              117.2447774186,1.8876166737,50
              117.2447729234,1.8876202084,50.311
              117.2447644949,1.8876278431,51
              117.2447526949,1.8876375987,51.772
              117.2447487616,1.8876408506,52
              117.2447369616,1.8876510303,52.845
              117.2447347140,1.8876530097,53
              117.2447251616,1.8876607859,53.616
              117.2447201046,1.8876653102,54
              117.2447133617,1.8876706829,54.422
              117.2447049331,1.8876777521,55
              117.2446965045,1.8876845387,55.508
              117.2446948188,1.8876859525,55.622
              117.2446897617,1.8876904768,56
              117.2446802093,1.8876981117,56.561
              117.2446734664,1.8877034844,57
              117.2446611045,1.8877135228,57.724
              117.2446566092,1.8877169161,58
              117.2446504283,1.8877221473,58.39
              117.2446403140,1.8877302064,59
              117.2446380664,1.8877321858,59.153
              117.2446262664,1.8877422241,60
              117.2446560557,1.8877771361,60
              117.2446779761,1.8878034263,60
              117.2446869689,1.8878126135,60
              117.2446706736,1.8878256211,60.979
              117.2446706737,1.8878259038,61
              117.2446701117,1.8878259039,61.004
              117.2446538165,1.8878391941,62
              117.2446538165,1.8878391941,62
              117.2446375212,1.8878523431,63
              117.2446330259,1.8878560191,63.27
              117.2446206640,1.8878657748,64
              117.2446167307,1.8878691680,64.245
              117.2446127973,1.8878721372,64.468
              117.2446032449,1.8878796307,65
              117.2445942543,1.8878867000,65.526
              117.2445835780,1.8878943350,66
              117.2445717778,1.8879028184,66.473
              117.2445616634,1.8879105947,67
              117.2445481774,1.8879193610,67.386
              117.2445346915,1.8879292582,68
              117.2445116529,1.8879448112,68.75
              117.2445065957,1.8879486287,69
              117.2444953575,1.8879568293,69.481
              117.2444796238,1.8879672922,70
              117.2444824354,1.8879795903,70
              117.2444835600,1.8879843964,70
              117.2444801928,1.8880178996,70
              117.2444166955,1.8880552280,70.93
              117.2443492633,1.8880854889,70
              117.2443166651,1.8880570798,70
              117.2443127309,1.8880536877,70
              117.2442801384,1.8880659907,69.073
              117.2442762048,1.8880676876,69
              117.2442711473,1.8880695260,68.823
              117.2442514794,1.8880767383,68.229
              117.2442469838,1.8880781525,68
              117.2442228202,1.8880859308,67.004
              117.2442228202,1.8880859308,67
              117.2442216963,1.8880862137,66.964
              117.2442009044,1.8880930020,66.111
              117.2441980947,1.8880938505,66
              117.2441964088,1.8880944162,65.934
              117.2441756169,1.8881007804,65
              117.2441750549,1.8881010632,64.972
              117.2441531390,1.8881077103,64
              117.2441503293,1.8881087002,63.875
              117.2441306612,1.8881146402,63
              117.2441227940,1.8881171858,62.71
              117.2441031260,1.8881239739,62
              117.2440727813,1.8881355699,61.15
              117.2440688477,1.8881371254,61
              117.2440660380,1.8881381153,60.894
              117.2440497414,1.8881422171,60
              117.2440446810,1.8881225686,60
              117.2440356843,1.8880855332,60
              117.2440182592,1.8880566979,60
              117.2440019628,1.8880617892,59.264
              117.2439969052,1.8880629208,59
              117.2439862282,1.8880660323,58.441
              117.2439761132,1.8880690023,58
              117.2439721795,1.8880698510,57.768
              117.2439581308,1.8880736697,57.03
              117.2439575689,1.8880739525,57
              117.2439530733,1.8880750841,56.744
              117.2439379007,1.8880791857,56
              117.2439322812,1.8880806001,55.682
              117.2439187944,1.8880844188,55
              117.2439109271,1.8880863989,54.58
              117.2439013740,1.8880886621,54
              117.2438878871,1.8880917739,53.227
              117.2438833916,1.8880930468,53
              117.2438772101,1.8880946027,52.652
              117.2438659711,1.8880974315,52
              117.2438558560,1.8880996947,51.338
              117.2438491126,1.8881015333,51
              117.2438373115,1.8881036554,50.171
              117.2438333779,1.8881047869,50
              117.2438277556,1.8880862693,50
              117.2438260695,1.8880845732,50
              117.2438086459,1.8880666228,50
              117.2438035883,1.8880674716,49.63
              117.2437996546,1.8880681790,49.325
              117.2437929112,1.8880701590,49
              117.2437771767,1.8880748262,48.261
              117.2437704334,1.8880770889,48
              117.2437479557,1.8880847256,47.153
              117.2437440221,1.8880858570,47
              117.2437226683,1.8880934936,46.304
              117.2437153630,1.8880958977,46
              117.2436985048,1.8881022614,45.523
              117.2436872659,1.8881056556,45
              117.2436737794,1.8881111706,44.642
              117.2436619784,1.8881139995,44
              117.2436468058,1.8881181012,43.208
              117.2436406245,1.8881203638,43
              117.2436333191,1.8881222025,42.608
              117.2436327572,1.8881223440,42.561
              117.2436226420,1.8881247485,42
              117.2436119649,1.8881270118,41.302
              117.2436063454,1.8881285676,41
              117.2436024118,1.8881292750,40.734
              117.2435928585,1.8881311140,40.036
              117.2435922966,1.8881312555,40.003
              117.2435922966,1.8881312555,40
              117.2435630704,1.8881045423,40
              117.2435563260,1.8880987474,40
              117.2435439630,1.8881008696,39.05
              117.2435428390,1.8881010111,39
              117.2435411532,1.8881012940,38.87
              117.2435237328,1.8881062441,38
              117.2435063125,1.8881114770,37.195
              117.2435023788,1.8881126084,37
              117.2434990072,1.8881138811,36.893
              117.2434945117,1.8881154368,36.764
              117.2434787774,1.8881218002,36.386
              117.2434725961,1.8881247697,36.356
              117.2434647291,1.8881285876,36.268
              117.2434579860,1.8881322639,36.328
              117.2434546145,1.8881345262,36.45
              117.2434439377,1.8881396167,36.319
              117.2434416900,1.8881407479,36.316
              117.2433624578,1.8881801989,36.212
              117.2433500952,1.8881857137,36.031
              117.2433472855,1.8881867037,36
              117.2433130078,1.8882040959,36
              117.2433085123,1.8882063584,36
              117.2432894067,1.8882162564,36
              117.2432804158,1.8882206398,36
              117.2432719869,1.8882250232,36
              117.2432714249,1.8882251647,36.007
              117.2432523200,1.8882397276,37
              117.2432393961,1.8882499074,37.826
              117.2432377104,1.8882517454,37.976
              117.2432371485,1.8882520282,38
              117.2432371485,1.8882521695,38.014
              117.2432231009,1.8882637631,39
              117.2432157960,1.8882691359,39.352
              117.2432056817,1.8882773363,40
              117.2432157984,1.8882859579,40
              117.2432427762,1.8883092788,40
              117.2432349094,1.8883150757,40.414
              117.2432247951,1.8883231347,41
              117.2432242332,1.8883235589,41.03
              117.2432062520,1.8883371321,41.991
              117.2432062520,1.8883372735,42
              117.2432000710,1.8883419393,42.35
              117.2431882709,1.8883509881,43
              117.2431725375,1.8883634301,43.965
              117.2431719756,1.8883639956,44
              117.2431714136,1.8883641370,44.015
              117.2431568041,1.8883762962,45
              117.2431517469,1.8883801137,45.246
              117.2431438803,1.8883867588,45.795
              117.2431399467,1.8883881729,46
              117.2431309556,1.8883911428,46.422
              117.2431214026,1.8883949609,47
              117.2431140974,1.8883977891,47.418
              117.2431034205,1.8884017488,48
              117.2430921819,1.8884069807,48.832
              117.2430888102,1.8884081121,49
              117.2430781334,1.8884124958,49.676
              117.2430713901,1.8884147585,50
              117.2430826310,1.8884256418,50
              117.2430888142,1.8884370912,50
              117.2430994943,1.8884564562,50
              117.2430972466,1.8884575874,50.173
              117.2430815123,1.8884633854,51
              117.2430551007,1.8884710227,51.963
              117.2430539769,1.8884714469,52
              117.2430416139,1.8884742759,52.251
              117.2430343089,1.8884786591,52.389
              117.2430253181,1.8884834667,52.456
              117.2430168892,1.8884881328,52.452
              117.2430101460,1.8884918091,52.519
              117.2430000313,1.8884967582,52.442
              117.2429871069,1.8885032626,52.437
              117.2429191138,1.8885412984,53
              117.2429134945,1.8885444092,53.055
              117.2429118087,1.8885452576,53.065
              117.2429101229,1.8885459646,53.064
              117.2428702260,1.8885670331,53.138
              117.2428662925,1.8885690127,53.115
              117.2428640448,1.8885701439,53.13
              117.2428595494,1.8885728304,53.216
              117.2428426917,1.8885831522,53.538
              117.2428247102,1.8885944636,54
              117.2428011097,1.8886100167,54.638
              117.2427657083,1.8886298123,54.952
              117.2427623368,1.8886316504,55
              117.2427437933,1.8886431033,55.387
              117.2427303073,1.8886518696,55.778
              117.2427246881,1.8886559699,56
              117.2427185073,1.8886617666,56.565
              117.2427134502,1.8886662909,57
              117.2427072694,1.8886725116,57.626
              117.2427044599,1.8886753393,57.922
              117.2427038980,1.8886760462,58
              117.2427027742,1.8886770358,58.109
              117.2426965936,1.8886845289,59
              117.2426904128,1.8886907496,59.608
              117.2426864795,1.8886945669,60
              117.2426909788,1.8887197287,60
              117.2427033480,1.8887617113,60
              117.2427072838,1.8887762710,60
              117.2427100947,1.8887840454,60
              117.2427084090,1.8887853179,60.1
              117.2426977329,1.8887953561,61
              117.2426893043,1.8888018599,61.482
              117.2426819995,1.8888080808,62
              117.2426752567,1.8888135949,62.441
              117.2426662662,1.8888210883,63
              117.2426567137,1.8888285818,63.572
              117.2426505328,1.8888338130,64
              117.2426499709,1.8888343786,64.04
              117.2426499709,1.8888343786,64.04
              117.2426398566,1.8888424376,64.675
              117.2426347994,1.8888466791,65
              117.2426229994,1.8888561520,65.709
              117.2426190661,1.8888596866,66
              117.2426050184,1.8888708561,66.849
              117.2426022088,1.8888729769,67
              117.2425993992,1.8888750978,67.151
              117.2425847896,1.8888866915,68
              117.2425780468,1.8888926296,68.49
              117.2425684944,1.8889001231,69
              117.2425555705,1.8889101616,69.767
              117.2425516371,1.8889134134,70
              117.2425538883,1.8889371618,70
              117.2425567015,1.8889616170,70
              117.2424870245,1.8890136478,73.349
              117.2424139748,1.8890598832,75.136
              117.2423386767,1.8891024436,75.94
              117.2422645026,1.8891457106,76.966
              117.2421869559,1.8891830409,76.368
              117.2421060366,1.8892142931,74.179
              117.2420217443,1.8892381950,70
              117.2420217443,1.8892381950,70
              117.2420166799,1.8891899915,70
              117.2420133082,1.8891908401,69.824
              117.2419992595,1.8891942348,69
              117.2419930780,1.8891957906,68.701
              117.2419807151,1.8891990437,68
              117.2419717239,1.8892015894,67.549
              117.2419610469,1.8892042768,67
              117.2419486840,1.8892078126,66.357
              117.2419413787,1.8892097926,66
              117.2419346353,1.8892116313,65.681
              117.2419222724,1.8892150257,65
              117.2419070998,1.8892194100,64.257
              117.2419020423,1.8892208243,64
              117.2418846219,1.8892257744,63.206
              117.2418806883,1.8892269059,63
              117.2418604583,1.8892335527,62.143
              117.2418570866,1.8892344013,62
              117.2418531530,1.8892358155,61.847
              117.2418379805,1.8892410480,61.308
              117.2418289894,1.8892443006,61
              117.2418076356,1.8892513716,60.182
              117.2418037019,1.8892526444,60
              117.2418031398,1.8892513723,60
              117.2418020112,1.8892174457,60
              117.2417941373,1.8891722111,60
              117.2417946988,1.8891683943,60
              117.2417986305,1.8891535508,60
              117.2417857058,1.8891582175,59.587
              117.2417677237,1.8891648640,59
              117.2417637901,1.8891659954,58.831
              117.2417446839,1.8891717939,58
              117.2417446839,1.8891717939,57.989
              117.2417429980,1.8891722183,57.898
              117.2417300731,1.8891750473,57.05
              117.2417289492,1.8891753302,57
              117.2417278253,1.8891757544,56.954
              117.2417154622,1.8891773111,56
              117.2417109667,1.8891788667,55.773
              117.2417019752,1.8891795748,55
              117.2416980416,1.8891802822,54.698
              117.2416912979,1.8891805658,54
              117.2416811828,1.8891828290,53.382
              117.2416772490,1.8891831123,53
              117.2416733152,1.8891829715,52.594
              117.2416654479,1.8891843862,52
              117.2416558946,1.8891862252,51.368
              117.2416519609,1.8891866499,51
              117.2416485891,1.8891866503,50.611
              117.2416424076,1.8891882062,50.28
              117.2416373501,1.8891894791,50
              117.2416643175,1.8891381612,50
              117.2416699353,1.8891243069,50
              117.2416710588,1.8891210555,50
              117.2416682490,1.8891210559,49.697
              117.2416603815,1.8891217638,49
              117.2416581335,1.8891213400,48.621
              117.2416530758,1.8891216234,48.147
              117.2416508280,1.8891221892,48
              117.2416384650,1.8891241700,47.087
              117.2416356553,1.8891251599,47
              117.2416249783,1.8891282714,46.501
              117.2416148632,1.8891312414,46
              117.2415991289,1.8891374635,45.604
              117.2415929476,1.8891402916,45.492
              117.2415850795,1.8891366173,45.039
              117.2415833936,1.8891361934,45
              117.2415637237,1.8891296935,44.508
              117.2415440539,1.8891233350,44
              117.2415418059,1.8891226285,43.946
              117.2415406819,1.8891223460,43.924
              117.2415232602,1.8891179662,43.767
              117.2415182024,1.8891168360,43.761
              117.2415092106,1.8891151409,43.818
              117.2415007809,1.8891141526,44
              117.2414867313,1.8891117514,44.14
              117.2414631284,1.8891103411,45
              117.2414440213,1.8891097783,45.815
              117.2414361536,1.8891089312,46
              117.2414254762,1.8891090741,46.563
              117.2414142367,1.8891085102,47
              117.2414108649,1.8891086521,47.196
              117.2413990637,1.8891096432,48
              117.2413979398,1.8891097847,48.12
              117.2413844526,1.8891107762,49
              117.2413748994,1.8891123325,49.826
              117.2413726515,1.8891126155,50
              117.2413782762,1.8891483792,50
              117.2413799637,1.8891603947,50
              117.2413777159,1.8891609604,50.261
              117.2413698486,1.8891625165,51
              117.2413692866,1.8891625166,51.047
              117.2413597334,1.8891646383,52
              117.2413518661,1.8891664771,52.836
              117.2413496182,1.8891669015,53
              117.2413473704,1.8891674673,53.266
              117.2413406270,1.8891691646,54
              117.2413338836,1.8891704378,54.614
              117.2413299499,1.8891711451,55
              117.2413220825,1.8891728426,55.79
              117.2413192727,1.8891732670,56
              117.2413074716,1.8891749650,56.994
              117.2413074716,1.8891751064,57
              117.2413069096,1.8891751065,57.035
              117.2413069096,1.8891751065,57.038
              117.2412872423,1.8891868422,58
              117.2412799372,1.8891906600,58.248
              117.2412754417,1.8891924983,58.32
              117.2412619553,1.8891987201,58.546
              117.2412473450,1.8892052248,58.805
              117.2412406018,1.8892084770,59
              117.2412310490,1.8892134260,59.269
              117.2412125053,1.8892234653,60
              117.2412091350,1.8892344919,60
              117.2412046431,1.8892621994,60
              117.2412046431,1.8892621994,60
              117.2412023970,1.8892754877,60
              117.2412018355,1.8892785977,60
              117.2411894824,1.8893532383,60
              117.2411894824,1.8893532383,60
              117.2412012931,1.8894205247,60
              117.2411894927,1.8894278772,60.652
              117.2411894927,1.8894278772,60.662
              117.2411776924,1.8894355124,61.357
              117.2411692636,1.8894407439,61.865
              117.2411141933,1.8894609663,65
              117.2409950606,1.8894968887,70
              117.2410282225,1.8895384444,70
              117.2409546074,1.8895599416,72.93
              117.2409433685,1.8895636186,73.453
              117.2408854874,1.8895771973,75
              117.2408624473,1.8895817241,75.372
              117.2408321016,1.8895866760,75.672
              117.2408174906,1.8895887985,75.726
              117.2408045655,1.8895903552,75.718
              117.2407764674,1.8895933277,75.604
              117.2407691619,1.8895940356,75.549
              117.2407590463,1.8895929061,75.46
              117.2407393770,1.8895905057,75.212
              117.2407292613,1.8895888108,75
              117.2407152110,1.8895813206,73.464
              117.2406916060,1.8895649259,70
              117.2407118309,1.8895211010,70
              117.2406590022,1.8894960874,65
              117.2406190999,1.8894779987,61.405
              117.2406022398,1.8894709330,60
              117.2406179665,1.8894098626,60
              117.2406207600,1.8892908359,60
              117.2405201634,1.8892624362,55
              117.2405038657,1.8892576322,54.153
              117.2404060797,1.8892348866,50.433
              117.2403998976,1.8892319189,50.219
              117.2403931536,1.8892289512,50
              117.2403706673,1.8891745302,50
              117.2403178387,1.8891497993,48.108
              117.2402964824,1.8891394829,47.281
              117.2402582658,1.8891205458,45.68
              117.2402503977,1.8891167301,45.351
              117.2402475877,1.8891151755,45.218
              117.2402425296,1.8891126317,45
              117.2401548569,1.8890737695,42.359
              117.2401453029,1.8890696713,42.142
              117.2401025900,1.8890466353,41.286
              117.2400885397,1.8890390038,41.007
              117.2400688692,1.8890276976,40.508
              117.2400610010,1.8890231751,40.295
              117.2400514467,1.8890175220,40
              117.2399901882,1.8889899650,40
              117.2399418557,1.8889680607,40
              117.2399221855,1.8889591576,40
              117.2399182515,1.8889576032,40
              117.2399064497,1.8889544949,40.517
              117.2398952098,1.8889508211,40.762
              117.2398676724,1.8889438982,42.007
              117.2398423824,1.8889341477,42.349
              117.2398125965,1.8889232670,42.909
              117.2398069765,1.8889212888,43.035
              117.2397777521,1.8889068739,43.638
              117.2397063773,1.8888739466,45.53
              117.2395596937,1.8888046998,50
              117.2395456511,1.8888531888,50
              117.2394591007,1.8888020279,55
              117.2393759225,1.8887538352,60
              117.2393641281,1.8888047269,60
              117.2393506493,1.8888666451,60
              117.2393455947,1.8888898291,60
              117.2393411095,1.8889671545,60
              117.2393411095,1.8889671545,60
              117.2392837829,1.8889260262,62.033
              117.2392236464,1.8888843329,64.378
              117.2391713747,1.8888217170,66.512
              117.2391309035,1.8887538691,65.638
              117.2390966135,1.8886819208,62.982
              117.2390634473,1.8886091243,60
              117.2391831422,1.8885741914,60
              117.2392359631,1.8885432259,60
              117.2392033591,1.8884718429,57.048
              117.2391735641,1.8883940982,52.73
              117.2391381498,1.8883200297,50
              117.2391578167,1.8883047599,50
              117.2391741121,1.8882923178,50
              117.2391302666,1.8882055279,47.213
              117.2391032810,1.8881246729,41.93
              117.2390139087,1.8879848787,41.26
              117.2390026602,1.8879178749,41.958
              117.2389959075,1.8878515773,41.619
              117.2389880311,1.8877869762,41.611
              117.2389773496,1.8877574331,40
              117.2390161224,1.8877346686,40
              117.2389559905,1.8877264779,40.06
              117.2388683216,1.8877146157,35.565
              117.2387806527,1.8877028948,32.046
              117.2386935458,1.8876910324,32.774
              117.2386716272,1.8876781716,32.997
              117.2386716272,1.8876781716,33
              117.2386648856,1.8876930155,33
              117.2386592729,1.8877439064,33
              117.2386553403,1.8877525300,33
              117.2386474749,1.8877690704,33
              117.2385671079,1.8877295002,35
              117.2384867408,1.8876900715,35.14
              117.2384063737,1.8876505013,36.142
              117.2384046877,1.8876496534,36.164
              117.2384046877,1.8876496534,36
              117.2383591707,1.8876686021,36
              117.2383468103,1.8876896667,36
              117.2383428813,1.8877251489,36
              117.2383670537,1.8877816902,36
              117.2383642454,1.8877925754,36
              117.2383619976,1.8877934239,36.562
              117.2383254592,1.8877173765,37.976
              117.2382967879,1.8876380766,37.438
              117.2382630593,1.8875608979,38.22
              117.2382304565,1.8874987033,40
              117.2382304565,1.8874987033,40
              117.2382237128,1.8874977147,40
              117.2381798756,1.8874714275,40
              117.2381675109,1.8874615339,40
              117.2381489609,1.8874250652,40.964
              117.2381112981,1.8873454838,42.333
              117.2380803785,1.8872623675,44.142
              117.2380629515,1.8872191133,45.342
              117.2380427143,1.8871726082,46.963
              117.2380342776,1.8871198815,48.828
              117.2380286533,1.8870859555,50
              117.2380286533,1.8870859555,50
              117.2380196622,1.8870887840,50
              117.2379887539,1.8870893537,50
              117.2379836960,1.8870882235,50
              117.2379808840,1.8870718259,50.62
              117.2379718853,1.8870195234,52.619
              117.2379617625,1.8869651006,54.774
              117.2379690558,1.8868747696,57.016
              117.2379774755,1.8868019673,58.153
              117.2379825240,1.8867345371,59.903
              117.2379926277,1.8866477398,61.388
              117.2380684870,1.8865993837,60.51
              117.2381274886,1.8865614907,59.846
              117.2381999780,1.8865269885,56.775
              117.2382662845,1.8864837227,56.215
              117.2383112386,1.8864588369,54.971
              117.2383561928,1.8864342338,53.64
              117.2383561928,1.8864342338,53.64
              117.2384472164,1.8863207080,51.114
              117.2384511394,1.8862412623,51.513
              117.2384573105,1.8861636540,51.444
              117.2384348229,1.8860987721,52.732
              117.2384095254,1.8860337493,54.722
              117.2383831040,1.8859688680,56.87
              117.2383594932,1.8859090754,58.673
              117.2383386973,1.8858864604,60
              117.2382836326,1.8859478189,60
              117.2382212765,1.8861129377,60
              117.2381976653,1.8860507419,61.696
              117.2381740545,1.8859908078,63.471
              117.2381605652,1.8859759667,64.28
              117.2381307746,1.8859305938,66.277
              117.2380970500,1.8858828182,68.768
              117.2380818684,1.8858204799,69.753
              117.2380728712,1.8857789209,70
              117.2380554682,1.8859118031,70
              117.2380453511,1.8858993647,70.921
              117.2380262349,1.8858310897,72.542
              117.2380127380,1.8857608349,72.596
              117.2380177861,1.8856895880,72.353
              117.2380160904,1.8856172111,73.695
              117.2380306952,1.8855707012,73.7
              117.2380430534,1.8855329559,73.629
              117.2380093292,1.8854880076,74.595
              117.2379716704,1.8854374054,75.672
              117.2379317630,1.8853818558,76.602
              117.2379193880,1.8852956269,75.783
              117.2379086986,1.8852075602,74.552
              117.2379530868,1.8851529885,71.874
              117.2379912939,1.8851029413,70
              117.2380238915,1.8851280992,70
              117.2380261400,1.8851329052,70
              117.2380609764,1.8850907746,67.83
              117.2381008684,1.8850339418,66.475
              117.2380407238,1.8849314630,65.393
              117.2380896134,1.8849187337,64.638
              117.2381767155,1.8848961039,62.739
              117.2382149335,1.8849266327,62.507
              117.2382857492,1.8849824608,60.637
              117.2382964252,1.8849717159,60.429
              117.2383020435,1.8849615371,60.312
              117.2383661038,1.8849311355,59.003
              117.2384610799,1.8849560021,54.646
              117.2385493124,1.8849811522,51.631
              117.2386223708,1.8849986710,48.915
              117.2386364207,1.8850036167,48.068
              117.2387201563,1.8850200031,45.058
              117.2387836521,1.8849708006,45.57
              117.2388055672,1.8849586404,45.453
              117.2388381614,1.8849584946,45.221
              117.2388853661,1.8849538231,44.543
              117.2389353801,1.8849449105,44.047
              117.2389780871,1.8849255380,43.498
              117.2390393374,1.8848934405,42.58
              117.2390983404,1.8848667151,41.467
              117.2391629635,1.8848418265,40.17
              117.2392326447,1.8848203299,39.169
              117.2392972684,1.8848005304,38.157
              117.2393416619,1.8847858226,37.377
              117.2394169635,1.8847698384,36.169
              117.2394709097,1.8847491921,35.434
              117.2395102443,1.8847257207,35.101
              117.2395771135,1.8846882506,34.657
              117.2396046456,1.8846561578,35.021
              117.2396141953,1.8846290150,35.818
              117.2396271192,1.8846191180,36.237
              117.2396304824,1.8845559289,38.242
              117.2396428412,1.8845227072,39.312
              117.2396495774,1.8844684235,41.121
              117.2396546271,1.8844094750,42.898
              117.2396647366,1.8843660757,44.35
              117.2396754112,1.8843457181,45.048
              117.2396815912,1.8843338429,45.453
              117.2396658512,1.8842982220,46.497
              117.2396169522,1.8842412601,48.27
              117.2395601860,1.8841878333,49.895
              117.2395230895,1.8841392101,51.551
              117.2394820572,1.8840763099,53.27
              117.2394562017,1.8840399835,54.704
              117.2394219181,1.8840142605,55.829
              117.2393786402,1.8839678999,57.814
              117.2393488483,1.8839130557,58.979
              117.2393078134,1.8838303649,60.871
              117.2393477012,1.8837429980,61.914
              117.2393898412,1.8836874371,61.956
              117.2394701967,1.8836434626,61.142
              117.2394836833,1.8836382303,60.956
              117.2394915502,1.8836337057,60.823
              117.2395707823,1.8835938308,59.428
              117.2396472124,1.8836116318,58.02
              117.2397376957,1.8836579858,55.524
              117.2398124429,1.8836974153,53.045
              117.2398888757,1.8837351483,50.655
              117.2399653085,1.8837717503,48.335
              117.2400383680,1.8837983161,46.423
              117.2400985002,1.8838100408,44.751
              117.2401648146,1.8838257228,42.944
              117.2402406808,1.8838291049,41.253
              117.2403283494,1.8838398362,39.27
              117.2404025319,1.8838590511,37.637
              117.2404553577,1.8838651223,36.244
              117.2405188589,1.8838557836,34.604
              117.2405711185,1.8838304727,33.807
              117.2405868517,1.8838167584,33.407
              117.2406171958,1.8838006390,32.924
              117.2406447305,1.8837876299,32.548
              117.2406924925,1.8837490316,31.756
              117.2407059755,1.8837180715,32.466
              117.2407104636,1.8836625159,34.302
              117.2407194450,1.8835890066,36.081
              117.2407407902,1.8835188884,37.242
              117.2407666326,1.8834595130,38.019
              117.2407846088,1.8834104580,39.028
              117.2407806643,1.8833322857,41.444
              117.2407643538,1.8832343244,44.458
              117.2407660314,1.8831741042,46.013
              117.2407817567,1.8831027145,47.432
              117.2408008518,1.8830166227,48.406
              117.2408205086,1.8829282690,48.77
              117.2408840082,1.8829077627,49.998
              117.2409171590,1.8828694492,50.281
              117.2409519968,1.8828380621,50.179
              117.2409969486,1.8827970610,50.288
              117.2410334723,1.8827665218,50.381
              117.2410396532,1.8827610079,50.475
              117.2410441485,1.8827580387,50.562
              117.2410447022,1.8826972531,52.692
              117.2410345764,1.8826219089,55.509
              117.2410407499,1.8825623948,57.377
              117.2410536701,1.8825254977,58.548
              117.2410570365,1.8824866228,59.184
              117.2410682737,1.8824705060,59.474
              117.2411002981,1.8824138156,60.492
              117.2410884876,1.8823476601,63.789
              117.2410738698,1.8822988924,65.298
              117.2410350861,1.8822415050,67.747
              117.2409940486,1.8821410027,69.576
              117.2410440541,1.8820701737,70.13
              117.2410721434,1.8820044367,71.283
              117.2410979831,1.8819256947,72.767
              117.2411266328,1.8818479419,74.084
              117.2411580917,1.8817656652,75.348
              117.2411794401,1.8817192956,76.138
              117.2411979793,1.8816771673,76.943
              117.2412322518,1.8816223143,77.693
              117.2412654012,1.8815741054,78.326
              117.2413114739,1.8815109104,79.177
              117.2413530515,1.8814530878,80.053
              117.2413850777,1.8814091199,80.748
              117.2414092378,1.8813763207,81.381
              117.2414558720,1.8813104398,82.399
              117.2415013816,1.8812394700,83.795
              117.2415261030,1.8812012989,84.791
              117.2415530650,1.8811111065,85.992
              117.2415946464,1.8810808494,86.976
              117.2416671329,1.8810276874,87.752
              117.2417368134,1.8810022326,87.191
              117.2418031237,1.8809889354,86.415
              117.2418947248,1.8809916085,84.634
              117.2419795897,1.8810487067,81.448
              117.2420380382,1.8810765467,79.144
              117.2421004217,1.8811132920,76.482
              117.2421313321,1.8811295443,75.267
              117.2421892178,1.8811515886,73.043
              117.2422358621,1.8811589329,71.35
              117.2422482256,1.8811604861,70.946
              117.2423285923,1.8811987838,68.383
              117.2423904121,1.8812236548,66.204
              117.2424511082,1.8812495155,64.461
              117.2425162997,1.8812735378,62.319
              117.2425854253,1.8812992560,60.178
              117.2426697261,1.8813402390,57.562
              117.2426961421,1.8813659631,56.51
              117.2427411027,1.8813889987,54.251
              117.2427888757,1.8814302696,51.181
              117.2428147273,1.8814381822,50.006
              117.2428579923,1.8813913855,51.278
              117.2429276745,1.8813786532,50.625
              117.2429996091,1.8813984337,49.19
              117.2430529985,1.8814162378,47.573
              117.2430698571,1.8814135496,47.002
              117.2431299874,1.8814115621,45.58
              117.2431867439,1.8813952975,44.979
              117.2432513694,1.8813899168,43.991
              117.2433086890,1.8813821338,42.98
              117.2433547702,1.8813808551,42.09
              117.2433997258,1.8813685504,41.527
              117.2434396218,1.8813412620,41.772
              117.2434677182,1.8813274046,41.722
              117.2435329047,1.8813150970,41.102
              117.2435756128,1.8813044889,40.564
              117.2435952790,1.8812849783,40.681
              117.2436284316,1.8812600940,40.712
              117.2437301483,1.8812640378,39.831
              117.2437936520,1.8812744897,39.09
              117.2437930859,1.8812445211,39.504
              117.2438436557,1.8811922103,40.036
              117.2438672531,1.8811546048,40.699
              117.2438953417,1.8810840615,42.151
              117.2439397235,1.8809860917,43.33
              117.2439627611,1.8809638948,43.916
              117.2440268166,1.8809008385,44.682
              117.2441212360,1.8809650034,43.083
              117.2441555155,1.8809613231,42.717
              117.2441892246,1.8808965748,43.212
              117.2442667809,1.8809311975,41.588
              117.2442808274,1.8809119703,41.697
              117.2443083608,1.8808906209,41.762
              117.2443201611,1.8808832684,41.729
              117.2443387048,1.8808745014,41.559
              117.2443505001,1.8808313845,42.06
              117.2443954519,1.8807910902,42.118
              117.2444623177,1.8807308608,42.815
              117.2444870319,1.8806422236,45.826
              117.2445033238,1.8806054674,46.983
              117.2445280489,1.8805950031,46.963
              117.2445544533,1.8805371826,48.352
              117.2445920983,1.8804879835,49.018
              117.2446213084,1.8804007594,51.221
              117.2446696330,1.8803679567,51.599
              117.2447527954,1.8803050391,52.184
              117.2447325527,1.8802198010,55.409
              117.2447184916,1.8801338552,58.321
              117.2447021826,1.8800481925,61.351
              117.2446836258,1.8799626714,64.484
              117.2446729364,1.8798764424,67.228
              117.2446718003,1.8797893639,69.454
              117.2446734741,1.8797021437,71.559
              117.2446684043,1.8796153485,74
              117.2446706400,1.8795279868,76.059
              117.2446655702,1.8794411916,78.478
              117.2446554428,1.8793549625,81.177
              117.2446627362,1.8792670347,82.974
              117.2446745252,1.8791786821,84.534
              117.2446666456,1.8790923113,87.122
              117.2446374145,1.8790284201,89.222
              117.2445991893,1.8789462945,92.505
              117.2445823214,1.8788825428,95.09
              117.2445587067,1.8787951848,98.674
              117.2445519542,1.8787312903,101.347
              117.2445721761,1.8786676748,102.837
              117.2446637670,1.8785982535,101.15
              117.2447188375,1.8785819891,99.634
              117.2448048149,1.8785566733,97.769
              117.2449048425,1.8785394131,95.161
              117.2450194805,1.8785166378,92.169
              117.2450537599,1.8785123921,91.336
              117.2451425490,1.8785010706,89.178
              117.2452172901,1.8784976674,87.931
              117.2452762959,1.8784929942,86.833
              117.2453538469,1.8784902973,85.378
              117.2453999274,1.8784847777,84.598
              117.2454443215,1.8784753002,84.029
              117.2455162500,1.8784523895,83.057
              117.2455909880,1.8784273580,82.16
              117.2456308853,1.8784102476,81.542
              117.2456955072,1.8783804112,80.401
              117.2457466422,1.8783515662,79.588
              117.2457814779,1.8783071738,79.957
              117.2457915897,1.8782817273,80.506
              117.2458118135,1.8782313998,81.433
              117.2458393431,1.8781834744,82.014
              117.2458842920,1.8781226826,82.733
              117.2459224986,1.8780724939,83.017
              117.2459843098,1.8780358725,82.759
              117.2460798401,1.8780073040,81.417
              117.2461371586,1.8779921702,80.944
              117.2461731225,1.8779784530,80.533
              117.2462383068,1.8779513024,79.722
              117.2463158539,1.8779213228,78.762
              117.2463894676,1.8778931814,78.038
              117.2464597100,1.8778688573,77.199
              117.2465282683,1.8778575386,75.771
              117.2465726587,1.8778227574,75.881
              117.2466097406,1.8777666317,76.843
              117.2466339002,1.8777312879,77.382
              117.2466777231,1.8776562187,78.397
              117.2467136776,1.8775753549,79.999
              117.2467406430,1.8775113143,81.56
              117.2467496300,1.8774796481,82.432
              117.2467558040,1.8774256471,83.63
              117.2467777108,1.8773548220,84.935
              117.2467939985,1.8772888039,86.447
              117.2468215240,1.8772111925,87.596
              117.2468541076,1.8771366904,89.149
              117.2469159108,1.8770436658,90.087
              117.2470153727,1.8770002537,91.032
              117.2471148470,1.8770451925,87.893
              117.2471789164,1.8770827856,86.299
              117.2472283728,1.8771069513,85.07
              117.2473115494,1.8771472275,83.338
              117.2473604425,1.8771620635,82.367
              117.2474155183,1.8771842494,81.188
              117.2474542950,1.8771911706,80.299
              117.2474998159,1.8772030385,79.281
              117.2475503937,1.8772092512,77.898
              117.2476183944,1.8772294562,75.978
              117.2476577339,1.8772424558,74.815
              117.2477173043,1.8772565835,72.862
              117.2477673234,1.8772862622,71.586
              117.2478229643,1.8773307832,70.297
              117.2478493782,1.8773415229,69.222
              117.2478915267,1.8773485849,67.575
              117.2479668301,1.8773482915,66.358
              117.2480168419,1.8773256665,66.083
              117.2480702253,1.8773017688,65.802
              117.2481517051,1.8772647205,65.246
              117.2482022792,1.8772442159,65.087
              117.2482584723,1.8772197523,64.794
              117.2483275900,1.8771904806,64.493
              117.2483972719,1.8771770413,63.99
              117.2484596494,1.8771720848,63.105
              117.2485102250,1.8771623236,62.555
              117.2485568659,1.8771460604,62.02
              117.2486130594,1.8771239999,61.56
              117.2486827390,1.8770944454,61.078
              117.2487507341,1.8770753519,60.132
              117.2488142332,1.8770532905,59.613
              117.2488811052,1.8770397102,58.636
              117.2489738284,1.8770314980,57.471
              117.2490586848,1.8770283758,56.063
              117.2491429789,1.8770227093,54.782
              117.2492373884,1.8770169000,53.494
              117.2492632390,1.8770180271,53.205
              117.2493284269,1.8770170283,52.043
              117.2494003590,1.8770204106,50.679
              117.2494779115,1.8770291639,49.042
              117.2495279294,1.8770497955,47.609
              117.2495610873,1.8770636441,46.369
              117.2495925581,1.8770681632,45.562
              117.2496122262,1.8770636368,45.473
              117.2496695432,1.8770386076,45.474
              117.2497088761,1.8770052407,46.352
              117.2497414591,1.8769279113,48.498
              117.2497712365,1.8768795614,49.616
              117.2497982058,1.8768443586,50.569
              117.2498515831,1.8767774869,51.821
              117.2499308110,1.8767120252,52.785
              117.2500061090,1.8766741295,53.478
              117.2500926523,1.8766779339,52.266
              117.2501724510,1.8766750951,51.3
              117.2502410112,1.8766776298,50.549
              117.2503028273,1.8766769141,49.975
              117.2503427272,1.8766790288,49.398
              117.2504253351,1.8766713834,48.604
              117.2504792798,1.8766435274,49.221
              117.2505270433,1.8766183582,49.33
              117.2505849210,1.8765848472,49.575
              117.2506534751,1.8765448320,50.403
              117.2507214673,1.8765048170,51.67
              117.2507832785,1.8764696091,52.861
              117.2508327260,1.8764311516,53.967
              117.2508900410,1.8763929758,54.834
              117.2509456700,1.8763531038,55.811
              117.2510057939,1.8763081422,56.878
              117.2510513088,1.8762778843,57.697
              117.2510844613,1.8762539895,58.391
              117.2511192997,1.8762296703,59.071
              117.2511884102,1.8761503566,60.84
              117.2512878757,1.8761339443,61.535
              117.2513592431,1.8761181015,61.403
              117.2513923994,1.8761207826,62.037
              117.2514221815,1.8761059353,62.487
              117.2515014092,1.8760401908,63.42
              117.2515384958,1.8760178503,64.126
              117.2515688390,1.8759973486,64.757
              117.2515896303,1.8759878743,65.132
              117.2516149166,1.8759728864,65.446
              117.2516812212,1.8759212799,65.177
              117.2517053843,1.8759116638,65.653
              117.2517885504,1.8758781491,68.21
              117.2518722785,1.8758444930,65.669
              117.2518739665,1.8758593357,66.054
              117.2518840947,1.8759492401,68.466
              117.2518942230,1.8760391444,64.997
              117.2518329826,1.8761361272,63.229
              117.2517807246,1.8761697788,63.238
              117.2517762367,1.8762244863,61.614
              117.2516970100,1.8762977230,60.243
              117.2516346376,1.8763378786,59.412
              117.2515874363,1.8763643200,58.933
              117.2515570981,1.8764198794,57.544
              117.2515969992,1.8764308999,56.787
              117.2515919547,1.8765234923,53.844
              117.2515959003,1.8766061881,51.743
              117.2516071448,1.8766425164,50.734
              117.2516251344,1.8766894458,49.825
              117.2516554868,1.8767329807,49.534
              117.2516802171,1.8767594117,49.38
              117.2517122514,1.8767756636,49.176
              117.2517611501,1.8768288084,48.104
              117.2517993688,1.8768642846,46.766
              117.2518432058,1.8768897233,45.242
              117.2518864836,1.8769352354,43.571
              117.2519308834,1.8769664698,42.081
              117.2519988874,1.8770094338,40.661
              117.2520174335,1.8770180542,40.471
              117.2520741961,1.8770460355,39.353
              117.2521129756,1.8770733126,38.717
              117.2521624357,1.8771229233,37.359
              117.2522045926,1.8771885088,35.152
              117.2522158340,1.8772032088,34.993
              117.2522495575,1.8772419369,33.639
              117.2522933975,1.8772882971,32.403
              117.2523293667,1.8773123233,31.104
              117.2523703903,1.8773127414,30.67
              117.2524052299,1.8772970452,30.756
              117.2524400654,1.8772523700,31.809
              117.2524704061,1.8772141980,32.667
              117.2525541343,1.8771818141,33.503
              117.2526249397,1.8771655473,33.729
              117.2526895637,1.8771514017,34.042
              117.2527508167,1.8771424871,34.385
              117.2528070123,1.8771356935,34.634
              117.2528216230,1.8771325815,34.747
            </coordinates>
          </LinearRing>
        </outerBoundaryIs>
      </Polygon>
    </Placemark>
    <Placemark>
      <description>CROPLINE_COAL_2025_BDY_PIT</description>
      <styleUrl>#area1</styleUrl>
      <Polygon>
        <altitudeMode>relativeToGround</altitudeMode>
        <extrude>1</extrude>
        <outerBoundaryIs>
          <LinearRing>
            <coordinates>
              117.2465556611,1.8888311397,70
              117.2462162591,1.8890282459,70
              117.2462061443,1.8890331950,70.099
              117.2461825432,1.8890447900,70.375
              117.2461589422,1.8890568091,70.744
              117.2461359031,1.8890689695,71.164
              117.2461123022,1.8890816954,71.658
              117.2460892631,1.8890938557,72
              117.2460651000,1.8891047440,72
              117.2460409368,1.8891156323,72
              117.2460173356,1.8891265205,72
              117.2459931724,1.8891374087,72
              117.2459690092,1.8891482970,72
              117.2459454080,1.8891591852,72
              117.2459206829,1.8891703563,72
              117.2458965198,1.8891816686,72
              117.2458723567,1.8891928396,72
              117.2458481935,1.8892041520,72
              117.2458240304,1.8892153230,72
              117.2457987432,1.8892255046,71.707
              117.2457745801,1.8892368169,71.707
              117.2457504169,1.8892479879,71.707
              117.2457262538,1.8892593003,71.707
              117.2457020908,1.8892716022,71.994
              117.2456790520,1.8892851761,72.621
              117.2456560132,1.8892993156,73.375
              117.2456335364,1.8893135963,74.161
              117.2456099355,1.8893267462,74.671
              117.2455863345,1.8893394721,75.025
              117.2455621714,1.8893506431,75.025
              117.2455368842,1.8893608247,74.762
              117.2455121588,1.8893702995,74.274
              117.2454874337,1.8893813292,74.223
              117.2454632706,1.8893925001,74.223
              117.2454464126,1.8894004188,74.263
              117.2454183172,1.8894224752,74.807
              117.2454104504,1.8894281307,74.887
              117.2454053932,1.8894320896,74.936
              117.2453986503,1.8894371795,75
              117.2453610022,1.8894651745,75.42
              117.2453593165,1.8894663056,75.417
              117.2453424587,1.8894757792,75.327
              117.2453312202,1.8894822834,75.346
              117.2452941336,1.8895066029,76
              117.2452851429,1.8895126827,76.169
              117.2452834572,1.8895139552,76.22
              117.2452806476,1.8895156519,76.239
              117.2452587327,1.8895292257,76.388
              117.2452480560,1.8895345990,76.3
              117.2452210835,1.8895494457,76.128
              117.2452199597,1.8895501527,76.101
              117.2452137784,1.8895529808,76
              117.2452064733,1.8895566572,75.873
              117.2452002920,1.8895597681,75.809
              117.2451845580,1.8895675452,75.499
              117.2451620808,1.8895788573,75.157
              117.2451542137,1.8895825338,75
              117.2451480325,1.8895856446,74.922
              117.2451351083,1.8895935627,75
              117.2451278033,1.8895979460,75
              117.2451272413,1.8895980874,75
              117.2450867829,1.8896225487,74.843
              117.2450553153,1.8896420610,74.72
              117.2450496961,1.8896453131,74.691
              117.2450390196,1.8896521000,74.633
              117.2450244098,1.8896625628,74.768
              117.2450137333,1.8896693497,74.74
              117.2449873234,1.8896880131,74.978
              117.2449861995,1.8896885787,74.976
              117.2449817041,1.8896915480,74.992
              117.2449794565,1.8896932446,75
              117.2449547322,1.8897102115,75.082
              117.2449530464,1.8897112013,75.086
              117.2449238266,1.8897301478,75
              117.2449137121,1.8897366519,74.966
              117.2449052832,1.8897413180,74.959
              117.2448923590,1.8897490947,75
              117.2448412239,1.8897790706,75.149
              117.2448389762,1.8897803432,75.156
              117.2448254900,1.8897882613,75.235
              117.2447810978,1.8898125818,75
              117.2447771643,1.8898148441,74.984
              117.2447766023,1.8898151269,74.983
              117.2447760404,1.8898154097,74.979
              117.2447749165,1.8898158340,74.961
              117.2447614302,1.8898226212,74.745
              117.2447456959,1.8898289847,74.544
              117.2447327712,1.8898332274,74.173
              117.2447293995,1.8898343588,74.067
              117.2447277137,1.8898347831,74
              117.2447249040,1.8898356317,73.894
              117.2447119792,1.8898394503,73.428
              117.2447001783,1.8898429860,73
              117.2446855677,1.8898470875,72.47
              117.2446732048,1.8898509060,72
              117.2446619659,1.8898544417,71.652
              117.2446434217,1.8898599574,71
              117.2446434217,1.8898600987,70.986
              117.2446400500,1.8898609474,70.882
              117.2446181341,1.8898675945,70.092
              117.2446175721,1.8898677359,70.066
              117.2446170102,1.8898678774,70.056
              117.2446153243,1.8898683017,70
              117.2445832877,1.8898374894,70
              117.2445799154,1.8898339559,70
              117.2445698003,1.8898365018,69.671
              117.2445546276,1.8898397553,69
              117.2445456363,1.8898417356,68.633
              117.2445270920,1.8898464032,68
              117.2445209105,1.8898478177,67.755
              117.2445018041,1.8898520612,67
              117.2444815739,1.8898571531,66.272
              117.2444742685,1.8898588505,66.009
              117.2444737065,1.8898589919,66
              117.2444737065,1.8898589919,65.994
              117.2444714587,1.8898595577,65.907
              117.2444467329,1.8898656397,65
              117.2444399895,1.8898671956,64.762
              117.2444242548,1.8898708733,64.151
              117.2444208831,1.8898715805,64
              117.2444175114,1.8898721465,63.852
              117.2444102060,1.8898737025,63.513
              117.2443989670,1.8898765313,63
              117.2443815465,1.8898811987,62.236
              117.2443759271,1.8898827545,62
              117.2443680598,1.8898851587,61.733
              117.2443528871,1.8898889776,61
              117.2443326570,1.8898946349,60.2
              117.2443264756,1.8898966149,60
              117.2443000586,1.8898653777,60
              117.2442657729,1.8898252359,60
              117.2442612773,1.8898265088,59.809
              117.2442365516,1.8898341458,59
              117.2442107021,1.8898422071,58.09
              117.2442084544,1.8898429142,58
              117.2442062066,1.8898434800,57.924
              117.2441938437,1.8898472985,57.536
              117.2441809190,1.8898516825,57.116
              117.2441764235,1.8898530968,57
              117.2441590032,1.8898587537,56.459
              117.2441516979,1.8898612992,56.229
              117.2441432689,1.8898646931,56
              117.2441292203,1.8898699255,55.564
              117.2441056189,1.8898791173,55
              117.2441039331,1.8898798243,54.955
              117.2440409962,1.8899073987,54
              117.2440190807,1.8899168730,53.638
              117.2439898601,1.8899300238,53.243
              117.2439797452,1.8899344074,53.109
              117.2439746878,1.8899363872,53
              117.2439679445,1.8899392154,52.848
              117.2439257992,1.8899566088,52
              117.2439123127,1.8899621238,51.674
              117.2439083791,1.8899636793,51.608
              117.2438752250,1.8899788097,51
              117.2438752250,1.8899788097,50.997
              117.2438712914,1.8899803652,50.91
              117.2438684818,1.8899819206,50.876
              117.2438639863,1.8899843244,50.839
              117.2438516238,1.8899898392,50.594
              117.2438375754,1.8899962024,50.331
              117.2438252127,1.8900011518,50
              117.2438212775,1.8899908330,50
              117.2438195909,1.8899861683,50
              117.2438139670,1.8899559178,50
              117.2438060997,1.8899580393,49.586
              117.2437926131,1.8899625648,49
              117.2437836219,1.8899651105,48.459
              117.2437768785,1.8899665251,48
              117.2437633917,1.8899702024,47.258
              117.2437600199,1.8899706270,47
              117.2437572101,1.8899710515,46.758
              117.2437425995,1.8899752944,46
              117.2437381039,1.8899761432,45.671
              117.2437240552,1.8899808101,45
              117.2437195597,1.8899822243,44.795
              117.2437071969,1.8899863256,44.251
              117.2437038251,1.8899867501,44
              117.2436886526,1.8899912758,43.183
              117.2436841571,1.8899929728,43
              117.2436650509,1.8899991954,42.157
              117.2436588696,1.8900017408,42
              117.2436538122,1.8900038619,41.873
              117.2436521264,1.8900048517,41.867
              117.2436156008,1.8900225270,41.449
              117.2436043623,1.8900288899,41.503
              117.2435616561,1.8900546237,42
              117.2435577226,1.8900568860,42
              117.2435447983,1.8900636732,42
              117.2435403029,1.8900662183,42
              117.2435200738,1.8900797919,42.473
              117.2435088355,1.8900878511,42.752
              117.2434942256,1.8900971830,43
              117.2434824254,1.8901055250,43.382
              117.2434577011,1.8901226332,44
              117.2434464628,1.8901308337,44.39
              117.2434459009,1.8901311165,44.406
              117.2434262340,1.8901456795,45
              117.2434211768,1.8901497797,45.183
              117.2433958907,1.8901685844,46
              117.2433913955,1.8901721190,46.206
              117.2433773477,1.8901825818,46.651
              117.2433694809,1.8901885201,46.893
              117.2433649856,1.8901916307,47
              117.2433441948,1.8902067593,47.588
              117.2433256516,1.8902196258,48
              117.2433020512,1.8902365925,48.633
              117.2432840698,1.8902490348,49
              117.2432773269,1.8902538420,49.197
              117.2432408024,1.8902794336,50
              117.2433211621,1.8902650034,50
              117.2433683665,1.8902566564,50
              117.2433604997,1.8902623120,50.217
              117.2433340897,1.8902815409,51
              117.2433127370,1.8902968109,51.544
              117.2432975653,1.8903079806,52
              117.2432846413,1.8903174537,52.35
              117.2432700314,1.8903270683,52.571
              117.2432531740,1.8903390864,53
              117.2432503644,1.8903410659,53.055
              117.2432486787,1.8903421970,53.101
              117.2432172117,1.8903662329,54
              117.2432166498,1.8903666570,54.012
              117.2432076591,1.8903728782,54.155
              117.2431542770,1.8904094983,55
              117.2431475340,1.8904141642,55.102
              117.2431374196,1.8904215164,55.265
              117.2431059524,1.8904445628,55.864
              117.2431031429,1.8904468250,55.928
              117.2431025810,1.8904473905,55.937
              117.2431014571,1.8904478147,55.936
              117.2430975237,1.8904506425,56
              117.2430924665,1.8904541773,56.072
              117.2430812280,1.8904612469,56.002
              117.2430812280,1.8904612469,56.002
              117.2430812281,1.8904613883,56.002
              117.2430812281,1.8904613883,56
              117.2430812281,1.8904613883,55.998
              117.2430565029,1.8904721352,55
              117.2430463880,1.8904768016,54.681
              117.2430463880,1.8904768016,54.673
              117.2430368349,1.8904796302,54
              117.2430300915,1.8904814688,53.521
              117.2430182909,1.8904864181,53
              117.2430092998,1.8904895293,52.496
              117.2430031183,1.8904912265,52
              117.2429952509,1.8904926413,51.29
              117.2429890696,1.8904950453,51
              117.2429812024,1.8904981563,50.631
              117.2429733351,1.8904999952,50
              117.2429778283,1.8904813348,50
              117.2429862528,1.8904451451,50
              117.2429890615,1.8904366630,50
              117.2429806323,1.8904397741,49.602
              117.2429705173,1.8904431682,49
              117.2429693935,1.8904435925,48.863
              117.2429536591,1.8904491078,48
              117.2429474776,1.8904508050,47.572
              117.2429452299,1.8904517949,47.467
              117.2429351150,1.8904557544,47
              117.2429283716,1.8904581585,46.568
              117.2429176948,1.8904621181,46
              117.2429053320,1.8904666434,45.313
              117.2429002745,1.8904681991,45
              117.2428884736,1.8904713107,44.147
              117.2428867877,1.8904718764,44
              117.2428822921,1.8904728666,43.667
              117.2428817302,1.8904731494,43.608
              117.2428733010,1.8904758364,43
              117.2428682435,1.8904772507,42.655
              117.2428592523,1.8904802206,42
              117.2428502613,1.8904838973,41.56
              117.2428468897,1.8904855941,41.429
              117.2428429562,1.8904872910,41.304
              117.2428356512,1.8904915328,41.087
              117.2428334035,1.8904928054,41.073
              117.2428227270,1.8904998750,41.038
              117.2428216032,1.8905007233,41.056
              117.2428109269,1.8905092065,41.337
              117.2428041841,1.8905148619,41.575
              117.2427996889,1.8905192447,41.802
              117.2427963175,1.8905223552,42
              117.2427800222,1.8905356454,42.424
              117.2427468687,1.8905555821,42
              117.2427272017,1.8905695796,42.132
              117.2427204586,1.8905738214,42.026
              117.2427142775,1.8905777804,42
              117.2427103441,1.8905803255,42
              117.2427080964,1.8905820221,42
              117.2427064107,1.8905831532,42
              117.2426934865,1.8905917781,42
              117.2426934865,1.8905917781,42
              117.2426800006,1.8906016753,42.158
              117.2426682005,1.8906105827,42.362
              117.2426417908,1.8906316493,42.826
              117.2426316764,1.8906395670,43
              117.2426299907,1.8906408395,43
              117.2426288668,1.8906415464,43
              117.2426024574,1.8906645921,43.852
              117.2425979622,1.8906685508,44
              117.2425974003,1.8906689750,44.016
              117.2425754862,1.8906884859,44.843
              117.2425715529,1.8906923032,45
              117.2425591912,1.8907040380,45.501
              117.2425378388,1.8907224180,46
              117.2425198580,1.8907386771,46.583
              117.2425024390,1.8907533811,47
              117.2424878296,1.8907666711,47.483
              117.2424754678,1.8907778404,47.835
              117.2424704107,1.8907820820,48
              117.2424614203,1.8907907063,48.345
              117.2424417538,1.8908083792,49
              117.2424338872,1.8908157311,49.296
              117.2424170304,1.8908318487,50
              117.2424170307,1.8908345346,50
              117.2424119808,1.8908905144,50
              117.2424119809,1.8908915040,50
              117.2424097333,1.8908936247,50.092
              117.2424080477,1.8908956040,50.172
              117.2424024287,1.8909009765,50.39
              117.2423855718,1.8909170941,51
              117.2423810767,1.8909214769,51.18
              117.2423653435,1.8909363221,51.69
              117.2423574770,1.8909440981,52
              117.2423226392,1.8909756266,52.861
              117.2423170202,1.8909802923,53
              117.2423164583,1.8909808578,53.015
              117.2423158964,1.8909812820,53.019
              117.2423153345,1.8909818475,53.03
              117.2422911726,1.8910022070,53.329
              117.2422872392,1.8910051761,53.336
              117.2422540873,1.8910371284,53.298
              117.2422366687,1.8910550838,53.516
              117.2422332975,1.8910590424,53.583
              117.2422271168,1.8910662527,53.792
              117.2422209361,1.8910734630,54
              117.2422192504,1.8910753009,54.063
              117.2422170030,1.8910781285,54.195
              117.2422091370,1.8910898626,54.836
              117.2422057657,1.8910938212,55
              117.2421945284,1.8911088071,55.705
              117.2421900333,1.8911137553,55.981
              117.2421900333,1.8911140381,56
              117.2421894714,1.8911146036,56.021
              117.2421703671,1.8911334073,56.73
              117.2421692432,1.8911343970,56.768
              117.2421602529,1.8911428800,57
              117.2421473292,1.8911546148,57.334
              117.2421254153,1.8911756807,58
              117.2421147392,1.8911857189,58.308
              117.2421063104,1.8911912332,58.596
              117.2421001294,1.8911963231,59
              117.2420911389,1.8912038165,59.572
              117.2420810244,1.8912108860,60
              117.2420754083,1.8912366145,60
              117.2420748486,1.8912530125,60
              117.2420815947,1.8912703991,60
              117.2420838433,1.8912756291,60
              117.2421046396,1.8913003645,60
              117.2420962113,1.8913095541,60.998
              117.2420962113,1.8913095541,61
              117.2420962113,1.8913095541,61.005
              117.2420877830,1.8913187438,62
              117.2420855354,1.8913205818,62.182
              117.2420771070,1.8913289233,63
              117.2420754213,1.8913303372,63.131
              117.2420664310,1.8913389615,64
              117.2420630595,1.8913419306,64.231
              117.2420540687,1.8913467381,64.713
              117.2420501352,1.8913492832,65
              117.2420405824,1.8913542322,65.475
              117.2420315916,1.8913593224,66
              117.2420181052,1.8913661097,66.597
              117.2420102382,1.8913703516,67
              117.2420074286,1.8913719070,67.127
              117.2419877610,1.8913818051,68
              117.2419725887,1.8913885925,68.498
              117.2419568545,1.8913956628,69
              117.2419422441,1.8914020261,69.391
              117.2419343770,1.8914052785,69.597
              117.2419298814,1.8914066928,69.704
              117.2419175186,1.8914107940,70
              117.2419231390,1.8914153168,70
              117.2419231390,1.8914154581,70
              117.2419394374,1.8914245030,70
              117.2419641661,1.8914384943,70
              117.2419714723,1.8914428755,70
              117.2419467470,1.8914534811,70.683
              117.2419467471,1.8914536224,70.692
              117.2419383178,1.8914558854,70.796
              117.2419231452,1.8914601284,71
              117.2418849327,1.8914711599,71.562
              117.2418680741,1.8914751204,71.59
              117.2418562731,1.8914778079,71.616
              117.2418427861,1.8914802130,71.475
              117.2418422242,1.8914803544,71.468
              117.2418231177,1.8914840325,71
              117.2418107545,1.8914855892,70.496
              117.2418107545,1.8914855892,70.488
              117.2418090687,1.8914858721,70.445
              117.2418051350,1.8914868622,70.337
              117.2417922101,1.8914896913,70
              117.2417950194,1.8914858741,70
              117.2417955811,1.8914838950,70
              117.2418023221,1.8914646689,70
              117.2418051308,1.8914566109,70
              117.2418062537,1.8914492599,70
              117.2418079380,1.8914371026,70
              117.2418000705,1.8914380932,69.671
              117.2417938889,1.8914386595,69.393
              117.2417854595,1.8914397916,69
              117.2417792779,1.8914406407,68.713
              117.2417646670,1.8914424804,68
              117.2417489319,1.8914436135,67.048
              117.2417478080,1.8914437550,67
              117.2417461221,1.8914438966,66.887
              117.2417281393,1.8914460196,66
              117.2417213959,1.8914471514,65.695
              117.2417191480,1.8914474344,65.606
              117.2417062229,1.8914491326,65
              117.2416938597,1.8914502652,64.271
              117.2416876782,1.8914512556,64
              117.2416859923,1.8914513972,63.922
              117.2416730670,1.8914516817,63
              117.2416646374,1.8914515416,62.298
              117.2416618276,1.8914515419,62.075
              117.2416601417,1.8914518249,62
              117.2416489023,1.8914523919,61.194
              117.2416466545,1.8914525336,61.061
              117.2416444067,1.8914530994,61
              117.2416196806,1.8914579091,60.026
              117.2416174328,1.8914584749,60
              117.2416067549,1.8914550837,60
              117.2415949537,1.8914566403,60
              117.2415887736,1.8914679501,60
              117.2415893357,1.8914687982,60
              117.2415882119,1.8914695052,60.069
              117.2415848403,1.8914716261,60.258
              117.2415730400,1.8914794026,61
              117.2415702304,1.8914809580,61.134
              117.2415629257,1.8914876030,62
              117.2415511252,1.8914943900,62.522
              117.2415483158,1.8914973590,63
              117.2415460681,1.8914990556,63.18
              117.2415398871,1.8915035800,63.631
              117.2415320202,1.8915085288,64
              117.2415146007,1.8915204056,64.996
              117.2415146007,1.8915204056,65
              117.2415005526,1.8915288893,65.637
              117.2414977430,1.8915308687,65.783
              117.2414915618,1.8915342622,66
              117.2414848188,1.8915390695,66.404
              117.2414713327,1.8915471290,67
              117.2414589704,1.8915554710,67.682
              117.2414516654,1.8915598543,68
              117.2414477321,1.8915629648,68.326
              117.2414426748,1.8915662168,68.599
              117.2414364938,1.8915710239,69
              117.2414269414,1.8915790829,69.835
              117.2414246937,1.8915809209,70
              117.2414291896,1.8915813443,70
              117.2414342475,1.8915828986,70
              117.2414522312,1.8915877024,70
              117.2414960666,1.8915995706,70
              117.2414943809,1.8916011258,70.169
              117.2414797710,1.8916107404,71
              117.2414769614,1.8916125785,71.137
              117.2414657230,1.8916196482,71.674
              117.2414634753,1.8916210621,71.775
              117.2414617896,1.8916229001,72
              117.2414589801,1.8916254450,72.265
              117.2414466180,1.8916343525,73
              117.2414359416,1.8916422702,73.67
              117.2414297606,1.8916467946,74
              117.2414286367,1.8916473602,74.041
              117.2414072837,1.8916607926,74.89
              117.2414044741,1.8916627720,75
              117.2413836828,1.8916746493,75.572
              117.2413791873,1.8916767703,75.617
              117.2413724442,1.8916803053,75.679
              117.2413696344,1.8916811539,75.626
              117.2413600815,1.8916853961,75.446
              117.2413527763,1.8916880829,75.252
              117.2413449091,1.8916907699,75
              117.2413319844,1.8916954367,74.57
              117.2413106310,1.8917061831,74.472
              117.2413005161,1.8917104254,74.309
              117.2412881534,1.8917157988,74.103
              117.2412830960,1.8917179200,74
              117.2412684858,1.8917252728,74
              117.2412493799,1.8917336158,73.663
              117.2412403889,1.8917377165,73.507
              117.2412235310,1.8917463419,73.297
              117.2412122924,1.8917522807,73.237
              117.2411954344,1.8917606234,73
              117.2411920628,1.8917623202,72.912
              117.2411707092,1.8917716530,72.383
              117.2411684615,1.8917727842,72.323
              117.2411555370,1.8917790060,72
              117.2411499177,1.8917814099,71.816
              117.2411476699,1.8917823997,71.74
              117.2411347455,1.8917891869,71.505
              117.2411223828,1.8917941363,71
              117.2411150776,1.8917972472,70.794
              117.2411049627,1.8918010654,70.263
              117.2411015910,1.8918021968,70.098
              117.2411004671,1.8918023383,70
              117.2410886645,1.8917938583,70
              117.2410689936,1.8917795835,70
              117.2410628109,1.8917725163,70
              117.2410560674,1.8917735068,69.431
              117.2410515717,1.8917740728,69
              117.2410510098,1.8917742143,68.949
              117.2410465142,1.8917753458,68.593
              117.2410408945,1.8917759120,68
              117.2410380847,1.8917763365,67.755
              117.2410375228,1.8917763366,67.696
              117.2410313412,1.8917770443,67
              117.2410223499,1.8917790246,66.253
              117.2410195402,1.8917797318,66
              117.2410178543,1.8917801561,65.876
              117.2410071772,1.8917825607,65
              117.2410060533,1.8917829850,64.896
              117.2410038055,1.8917836921,64.773
              117.2409942523,1.8917860966,64
              117.2409886329,1.8917879351,63.623
              117.2409796417,1.8917906222,63
              117.2409762700,1.8917917535,62.809
              117.2409695267,1.8917941576,62.385
              117.2409684028,1.8917945819,62.314
              117.2409633453,1.8917961376,62
              117.2409610976,1.8917972688,61.853
              117.2409498570,1.8917886473,61.498
              117.2409403025,1.8917815805,61.213
              117.2409358062,1.8917776230,61
              117.2409183831,1.8917634893,60.292
              117.2409155729,1.8917606625,60.124
              117.2409127627,1.8917585425,60
              117.2409110726,1.8917278673,60
              117.2409127567,1.8917148618,60
              117.2409133181,1.8917109036,60
              117.2409043272,1.8917151457,59.622
              117.2408947743,1.8917192465,59.217
              117.2408919646,1.8917205191,59.064
              117.2408908407,1.8917208020,59
              117.2408897168,1.8917213676,58.944
              117.2408762303,1.8917271653,58.332
              117.2408672378,1.8917200985,58
              117.2408666757,1.8917195331,57.973
              117.2408666757,1.8917193918,57.968
              117.2408633035,1.8917168477,57.856
              117.2408509388,1.8917066714,57.331
              117.2408464425,1.8917025726,57.122
              117.2408436323,1.8917003112,57
              117.2408318295,1.8916902762,56.438
              117.2408228369,1.8916825026,56
              117.2408087857,1.8916686511,55.084
              117.2408076616,1.8916675204,55
              117.2408149638,1.8916422156,55
              117.2408155256,1.8916409433,55
              117.2408177728,1.8916365608,55
              117.2408222675,1.8916287853,55
              117.2408239529,1.8916249683,55
              117.2408200185,1.8916207280,54.662
              117.2408115877,1.8916116820,54
              117.2408048432,1.8916051803,53.545
              117.2408042811,1.8916041909,53.475
              117.2407969745,1.8915971238,53
              117.2407964124,1.8915966998,52.976
              117.2407874198,1.8915883608,52.443
              117.2407812373,1.8915825658,52.052
              117.2407806752,1.8915818591,52
              117.2407728066,1.8915746507,51.563
              117.2407626899,1.8915656050,51
              117.2407531351,1.8915559938,50.354
              117.2407475146,1.8915506228,50
              117.2407340255,1.8915377608,49.166
              117.2407312154,1.8915353580,49
              117.2407199745,1.8915246161,48.304
              117.2407143540,1.8915193865,48
              117.2406997410,1.8915063833,47.216
              117.2406941206,1.8915017192,47
              117.2406856900,1.8914940868,46.52
              117.2406710772,1.8914824972,46
              117.2406671429,1.8914792465,45.856
              117.2406654569,1.8914783985,45.853
              117.2406542164,1.8914703425,45.628
              117.2406485961,1.8914659611,45.44
              117.2406351073,1.8914556436,45
              117.2406362311,1.8914539471,45
              117.2406474686,1.8914400921,45
              117.2406592668,1.8914173312,45
              117.2406519602,1.8914099815,44.483
              117.2406452156,1.8914033384,44.01
              117.2406452156,1.8914031971,44
              117.2406435295,1.8914015010,43.874
              117.2406322885,1.8913900522,43
              117.2406317263,1.8913889214,42.92
              117.2406283541,1.8913862360,42.766
              117.2406165513,1.8913757769,42.168
              117.2406098070,1.8913706889,42
              117.2406053109,1.8913684277,42
              117.2405980048,1.8913648947,42.117
              117.2405968807,1.8913641880,42.134
              117.2405940707,1.8913630575,42.199
              117.2405715908,1.8913550031,43
              117.2405676568,1.8913534486,43.172
              117.2405541688,1.8913487856,43.68
              117.2405468629,1.8913466662,44
              117.2405434909,1.8913455358,44.154
              117.2405406810,1.8913446880,44.261
              117.2405249451,1.8913398839,45
              117.2405221363,1.8913475178,45
              117.2405249517,1.8913879468,45
              117.2405249519,1.8913889363,45
              117.2405277624,1.8913936009,45
              117.2405215804,1.8913914813,45.222
              117.2405086546,1.8913878077,45.847
              117.2405052826,1.8913868186,46
              117.2404878606,1.8913803184,46.59
              117.2404783067,1.8913770685,47
              117.2404754966,1.8913759380,47.084
              117.2404513307,1.8913674596,48
              117.2404485208,1.8913666119,48.102
              117.2404249169,1.8913585575,49
              117.2404136769,1.8913546010,49.446
              117.2403923208,1.8913455568,50
              117.2403872628,1.8913438612,50.18
              117.2403715267,1.8913375021,50.642
              117.2403653447,1.8913349585,50.806
              117.2403552286,1.8913304363,51
              117.2403333105,1.8913211095,51.558
              117.2403097061,1.8913095212,51.918
              117.2403068961,1.8913082493,51.952
              117.2402709271,1.8912876155,52
              117.2402709271,1.8912876155,52
              117.2402467602,1.8912722105,51.736
              117.2402377679,1.8912661332,51.597
              117.2402237172,1.8912563812,51.294
              117.2402158487,1.8912497383,51
              117.2401933677,1.8912337676,50.48
              117.2401821270,1.8912242980,50
              117.2401647041,1.8912110124,49.457
              117.2401557115,1.8912032388,49
              117.2401545873,1.8912015426,48.827
              117.2401321060,1.8911834514,48
              117.2401287338,1.8911806247,47.814
              117.2401085005,1.8911638055,47.011
              117.2401079385,1.8911635228,47
              117.2400933255,1.8911509437,46.284
              117.2400781508,1.8911402023,46.001
              117.2400775889,1.8911402024,46
              117.2400545457,1.8911228182,45.381
              117.2400461154,1.8911178717,45.341
              117.2400286929,1.8911072720,45.269
              117.2400163286,1.8911007711,45.37
              117.2399989067,1.8910946950,46
              117.2399736167,1.8910848032,46.789
              117.2399657486,1.8910815530,47
              117.2399516985,1.8910756177,47.34
              117.2399466405,1.8910733566,47.481
              117.2399275324,1.8910654431,48
              117.2399185403,1.8910612035,48.15
              117.2398752658,1.8910414189,49
              117.2398600916,1.8910339288,49.235
              117.2398123209,1.8910111763,50
              117.2397982706,1.8910038274,50.132
              117.2397313915,1.8909704754,51
              117.2396903649,1.8909498423,51.565
              117.2396808107,1.8909450374,51.627
              117.2396572062,1.8909323181,51.799
              117.2396448419,1.8909255345,51.829
              117.2396375356,1.8909210119,51.821
              117.2396111211,1.8909070208,52
              117.2395830205,1.8908923231,52.266
              117.2395740284,1.8908879421,52.403
              117.2395442421,1.8908742342,53
              117.2395256960,1.8908664619,53.458
              117.2395088358,1.8908586894,53.775
              117.2395015298,1.8908557218,54
              117.2394784876,1.8908458297,54.574
              117.2394655616,1.8908410252,55
              117.2394391495,1.8908442802,55
              117.2394234149,1.8908485232,55
              117.2393992510,1.8908550292,55
              117.2393717130,1.8908448550,55.982
              117.2393711511,1.8908447137,56
              117.2393711510,1.8908445723,56.005
              117.2393705891,1.8908445724,56.019
              117.2393700271,1.8908442898,56.045
              117.2393509190,1.8908365175,56.577
              117.2393379929,1.8908308649,56.868
              117.2393357448,1.8908295929,56.895
              117.2393318107,1.8908274730,56.908
              117.2392829155,1.8907999143,57
              117.2392626830,1.8907886082,57.054
              117.2392598729,1.8907867709,57.05
              117.2392536907,1.8907828136,57
              117.2391755702,1.8907349029,56.494
              117.2391244266,1.8907039518,56.253
              117.2390524887,1.8906625429,56.296
              117.2390159577,1.8906413437,56.273
              117.2390007832,1.8906315919,56.099
              117.2389884189,1.8906249496,56.162
              117.2389783028,1.8906202861,56.355
              117.2389648147,1.8906142094,56.641
              117.2389518886,1.8906088394,57
              117.2389361525,1.8906023390,57.464
              117.2389159205,1.8905941428,58
              117.2389125485,1.8905927297,58.096
              117.2388698361,1.8905736518,59
              117.2388428598,1.8905609330,59.485
              117.2388164452,1.8905469419,59.693
              117.2388074531,1.8905422782,59.791
              117.2388018330,1.8905394517,59.829
              117.2387928407,1.8905343639,59.852
              117.2387091006,1.8904867367,60
              117.2386894301,1.8904755719,60.047
              117.2386849340,1.8904733107,60.104
              117.2386742559,1.8904685059,60.286
              117.2386647019,1.8904644077,60.535
              117.2386573958,1.8904614401,60.756
              117.2386495278,1.8904583313,61
              117.2386410977,1.8904543743,61.14
              117.2386113114,1.8904403837,61.641
              117.2386011952,1.8904352960,61.766
              117.2385893931,1.8904297846,62
              117.2385764671,1.8904249801,62.447
              117.2385579210,1.8904174905,63
              117.2385376893,1.8904116974,63.975
              117.2385371273,1.8904115562,64
              117.2385365653,1.8904115562,64.02
              117.2385219536,1.8904078829,64.816
              117.2385185817,1.8904070352,64.995
              117.2385185816,1.8904068938,65
              117.2384809359,1.8904529828,65
              117.2384781265,1.8904562345,65
              117.2384691386,1.8904826704,65
              117.2384539646,1.8904771594,65.529
              117.2384438487,1.8904740508,66
              117.2384320469,1.8904708011,66.598
              117.2384191209,1.8904658553,67
              117.2384112530,1.8904635946,67.365
              117.2383938310,1.8904572357,68
              117.2383854012,1.8904552578,68.469
              117.2383679792,1.8904483335,69
              117.2383623592,1.8904463552,69.184
              117.2383578631,1.8904439527,69.208
              117.2383483091,1.8904401373,69.519
              117.2383398788,1.8904347667,69.417
              117.2383280761,1.8904252971,69
              117.2382937935,1.8904077730,69.379
              117.2382853633,1.8904029679,69.346
              117.2382701891,1.8903956192,69.606
              117.2382623209,1.8903915208,69.659
              117.2382499569,1.8903864335,70
              117.2381988143,1.8903624091,70.943
              117.2381971283,1.8903619852,71
              117.2381858880,1.8903553428,71
              117.2381459849,1.8903323064,71
              117.2381139501,1.8903137924,71
              117.2380920311,1.8902983870,70.534
              117.2380729223,1.8902851017,70.168
              117.2380706742,1.8902835470,70.116
              117.2380684261,1.8902819924,70.05
              117.2380673021,1.8902811444,70
              117.2380656159,1.8902794482,69.915
              117.2380380765,1.8902579651,69
              117.2380212154,1.8902438313,68.274
              117.2380155950,1.8902388844,68
              117.2380032302,1.8902278599,67.345
              117.2379953617,1.8902213584,67
              117.2379790626,1.8902069417,66.133
              117.2379762524,1.8902045390,66
              117.2379734422,1.8902018535,65.846
              117.2379588291,1.8901882848,65
              117.2379616386,1.8901853158,65
              117.2379695045,1.8901734404,65
              117.2380099583,1.8901136389,65
              117.2380009656,1.8901051584,64.458
              117.2379953450,1.8900989393,64
              117.2379869145,1.8900914483,63.56
              117.2379807319,1.8900849465,63.061
              117.2379801698,1.8900840984,63
              117.2379700531,1.8900747700,62.359
              117.2379655566,1.8900698229,62
              117.2379531916,1.8900578089,61.22
              117.2379492574,1.8900545581,61
              117.2379368924,1.8900424027,60.187
              117.2379340822,1.8900395759,60
              117.2379205931,1.8900268552,59.157
              117.2379183450,1.8900245938,59
              117.2379104764,1.8900172440,58.541
              117.2379014837,1.8900087636,58
              117.2378868706,1.8899953363,57.171
              117.2378840604,1.8899926508,57
              117.2378778780,1.8899872799,56.69
              117.2378666371,1.8899766793,56
              117.2378480899,1.8899605667,55.098
              117.2378464038,1.8899590119,55
              117.2378475275,1.8899575982,55
              117.2378756225,1.8899313010,55
              117.2378806796,1.8899264941,55
              117.2378655045,1.8899129254,54.209
              117.2378610083,1.8899092507,54
              117.2378520157,1.8899016184,53.591
              117.2378520157,1.8899013357,53.576
              117.2378402129,1.8898913006,53
              117.2378368407,1.8898881911,52.831
              117.2378182935,1.8898723612,52
              117.2378031185,1.8898589339,51.217
              117.2377980602,1.8898548351,51
              117.2377958120,1.8898525737,50.873
              117.2377755788,1.8898358958,50
              117.2377643380,1.8898262848,49.507
              117.2377525353,1.8898165324,49
              117.2377429807,1.8898084762,48.596
              117.2377289299,1.8897967451,48
              117.2377120688,1.8897820458,47.184
              117.2377070105,1.8897780884,47
              117.2376997040,1.8897717281,46.642
              117.2376856531,1.8897597143,46
              117.2376738504,1.8897499620,45.479
              117.2376654198,1.8897421883,45
              117.2377008202,1.8897147593,45
              117.2377041917,1.8897122143,45
              117.2376845204,1.8896953950,44.073
              117.2376833964,1.8896942643,44
              117.2376654112,1.8896787170,43.121
              117.2376637250,1.8896768795,43
              117.2376614769,1.8896750421,42.898
              117.2376423677,1.8896586468,42
              117.2376316888,1.8896483289,41.319
              117.2376255064,1.8896429580,41
              117.2376142656,1.8896324988,40.357
              117.2376075211,1.8896264212,40
              117.2375985284,1.8896176580,39.42
              117.2375900979,1.8896105911,39
              117.2375811051,1.8896011211,38.334
              117.2375749226,1.8895956089,38
              117.2375715504,1.8895923580,37.807
              117.2375591854,1.8895804853,37
              117.2375530030,1.8895752558,36.722
              117.2375428862,1.8895649378,36
              117.2375333316,1.8895567402,35.527
              117.2375277111,1.8895512278,35.166
              117.2375249009,1.8895486837,35
              117.2376794124,1.8893250285,35
              117.2376794124,1.8893250285,35
              117.2376822224,1.8893261590,35.054
              117.2376906525,1.8893301160,35.242
              117.2377103228,1.8893405741,35.478
              117.2377226868,1.8893449546,36
              117.2377311169,1.8893487702,36.262
              117.2377429187,1.8893520198,37
              117.2377507866,1.8893548460,37.329
              117.2377597784,1.8893566825,38
              117.2377659602,1.8893575298,38.603
              117.2377749521,1.8893604971,39
              117.2377867540,1.8893641709,39.656
              117.2377901259,1.8893644532,40
              117.2378041756,1.8893681266,40.943
              117.2378047376,1.8893681266,41
              117.2378159774,1.8893708109,41.782
              117.2378176633,1.8893705279,42
              117.2378210352,1.8893710929,42.301
              117.2378289029,1.8893722227,43
              117.2378339609,1.8893740597,43.218
              117.2378401425,1.8893740589,44
              117.2378508202,1.8893757537,44.896
              117.2378525062,1.8893763189,45
              117.2378525044,1.8893631723,45
              117.2378463172,1.8893227438,45
              117.2378457549,1.8893203407,45
              117.2378508128,1.8893210468,45.438
              117.2378513747,1.8893210467,45.46
              117.2378541845,1.8893200568,46
              117.2378553083,1.8893190671,46.355
              117.2378614900,1.8893196317,47
              117.2378710437,1.8893211854,47.774
              117.2378744157,1.8893220331,48
              117.2378805976,1.8893238700,48.341
              117.2378895894,1.8893259891,49
              117.2379002673,1.8893293803,49.537
              117.2379092592,1.8893324891,50
              117.2379204992,1.8893365870,50.51
              117.2379300531,1.8893394129,51
              117.2379345491,1.8893409673,51.22
              117.2379502850,1.8893464782,52
              117.2379592769,1.8893497283,52.392
              117.2379710788,1.8893534020,53
              117.2379783848,1.8893562283,53.344
              117.2379913107,1.8893604673,54
              117.2379974927,1.8893627283,54.261
              117.2380115425,1.8893671085,55
              117.2380019818,1.8893135338,55
              117.2380014192,1.8893090103,55
              117.2380160311,1.8893139560,55.749
              117.2380171551,1.8893145213,55.802
              117.2380216511,1.8893160756,56
              117.2380272710,1.8893179126,56.304
              117.2380424449,1.8893229995,57
              117.2380587427,1.8893279449,57.924
              117.2380598667,1.8893285102,58
              117.2380761646,1.8893338797,58.822
              117.2380800986,1.8893352927,59
              117.2380823466,1.8893358579,59.109
              117.2381008924,1.8893422166,60
              117.2381155044,1.8893474450,60.659
              117.2381205623,1.8893487165,61
              117.2381267442,1.8893502706,61.38
              117.2381379841,1.8893539445,62
              117.2381452900,1.8893559225,62.48
              117.2381548438,1.8893587485,63
              117.2381632737,1.8893612918,63.488
              117.2381705796,1.8893629871,64
              117.2381818193,1.8893655301,64.806
              117.2381857533,1.8893668018,65
              117.2381846275,1.8893533726,65
              117.2381784351,1.8892744937,65
              117.2381801194,1.8892621951,65
              117.2381818050,1.8892602158,65
              117.2382009130,1.8892679880,65.698
              117.2382076571,1.8892708143,65.931
              117.2382093431,1.8892713795,66
              117.2382115910,1.8892720860,66.106
              117.2382132770,1.8892727926,66.187
              117.2382273270,1.8892781624,66.775
              117.2382335090,1.8892804233,67
              117.2382531790,1.8892881955,67.752
              117.2382632951,1.8892928590,68
              117.2382868994,1.8893035993,68.542
              117.2383138758,1.8893170249,69
              117.2383279257,1.8893223947,69.581
              117.2383414138,1.8893280473,70
              117.2383526537,1.8893318625,70.6
              117.2383616457,1.8893348298,71
              117.2383655796,1.8893359602,71.282
              117.2383785054,1.8893397752,72
              117.2383886212,1.8893420355,72.743
              117.2383925551,1.8893430245,73
              117.2384032330,1.8893459916,73.665
              117.2384094149,1.8893479699,74
              117.2384262748,1.8893536220,74.858
              117.2384296468,1.8893547524,75
              117.2384296466,1.8893536215,75
              117.2384358268,1.8893423117,75
              117.2384498743,1.8893297286,75
              117.2384554936,1.8893270420,75
              117.2384644846,1.8893230826,75
              117.2384650466,1.8893229412,75
              117.2384852788,1.8893321269,75.516
              117.2385032629,1.8893401820,76
              117.2385043869,1.8893408887,76
              117.2385055110,1.8893414540,76
              117.2385055110,1.8893415953,76
              117.2385066350,1.8893420193,76
              117.2385083211,1.8893432913,76
              117.2385740767,1.8893808843,76
              117.2385870031,1.8893885161,76
              117.2385971193,1.8893943105,76
              117.2385993674,1.8893957238,76
              117.2386027395,1.8893974197,76
              117.2386145421,1.8894070306,75.489
              117.2386190384,1.8894107054,75.274
              117.2386246587,1.8894152282,75
              117.2386190402,1.8894239934,75
              117.2386004992,1.8894533991,75
              117.2386128638,1.8894623032,74.614
              117.2386398409,1.8894809592,74
              117.2386741243,1.8895048446,73.125
              117.2386769345,1.8895071060,73.05
              117.2386791826,1.8895085193,73
              117.2387055978,1.8895277408,72.208
              117.2387129041,1.8895326874,72
              117.2387342611,1.8895483756,71.318
              117.2387438156,1.8895554423,71
              117.2387691069,1.8895746640,70.028
              117.2387696689,1.8895752294,70
              117.2387904640,1.8895913417,69.133
              117.2387932742,1.8895937445,69
              117.2388005806,1.8895998220,68.649
              117.2388151934,1.8896111289,68
              117.2388157555,1.8896116943,67.964
              117.2388219379,1.8896169238,67.616
              117.2388354266,1.8896278068,67
              117.2388399229,1.8896313402,66.781
              117.2388461052,1.8896362870,66.533
              117.2388708342,1.8896529642,66
              117.2388854467,1.8896625748,65.775
              117.2388972492,1.8896702067,65.606
              117.2389253503,1.8896894279,65
              117.2389405286,1.8897267453,65
              117.2389753788,1.8897855468,65
              117.2389781893,1.8897904941,65
              117.2390220311,1.8898492944,65
              117.2390394538,1.8898610250,64.714
              117.2390973417,1.8898976296,64
              117.2391130783,1.8899079468,63.787
              117.2391220706,1.8899131760,63.738
              117.2391586017,1.8899355060,63.525
              117.2391996289,1.8899599559,63.329
              117.2392221096,1.8899738062,63.174
              117.2392490864,1.8899902004,63
              117.2393182146,1.8900324579,62.52
              117.2393766643,1.8900677902,62.195
              117.2393952109,1.8900789551,62.108
              117.2394025171,1.8900834777,62
              117.2394457927,1.8901113199,61.422
              117.2394710836,1.8901279971,61
              117.2395182934,1.8901590900,60.232
              117.2395188554,1.8901595140,60.222
              117.2395340300,1.8901692659,60
              117.2395407742,1.8901735058,59.905
              117.2395947283,1.8902091214,59
              117.2396301356,1.8902322998,58.438
              117.2396509304,1.8902462917,58
              117.2396689152,1.8902585876,57.629
              117.2397031985,1.8902813421,57.044
              117.2397054466,1.8902827554,57
              117.2397520943,1.8903135657,56.181
              117.2397638968,1.8903211976,56
              117.2397976180,1.8903431039,55.508
              117.2398206609,1.8903582264,55.15
              117.2398257191,1.8903614770,55.067
              117.2398274051,1.8903626077,55.034
              117.2398290912,1.8903635970,55
              117.2398397739,1.8904024699,55
              117.2398459588,1.8904256523,55
              117.2398521410,1.8904297509,54.878
              117.2398650676,1.8904390790,54.531
              117.2398796803,1.8904493964,54.131
              117.2398830525,1.8904519404,54
              117.2398892348,1.8904564631,53.779
              117.2399150880,1.8904752606,53
              117.2399285766,1.8904850127,52.581
              117.2399426274,1.8904961783,52
              117.2399516199,1.8905031037,51.638
              117.2399628605,1.8905115838,51.199
              117.2399684808,1.8905158239,51
              117.2399729770,1.8905190746,50.847
              117.2399920861,1.8905341976,50
              117.2400005165,1.8905408404,49.633
              117.2400117572,1.8905501687,49.097
              117.2400140053,1.8905517234,49
              117.2400185016,1.8905555395,48.764
              117.2400359246,1.8905695319,48
              117.2400494134,1.8905805562,47.293
              117.2400572818,1.8905864923,47
              117.2400668364,1.8905939831,46.607
              117.2400763910,1.8906023221,46
              117.2400797632,1.8906052903,45.815
              117.2400971863,1.8906194240,45
              117.2400898822,1.8906303098,45
              117.2400837030,1.8906484050,45
              117.2400792089,1.8906608454,45
              117.2400820191,1.8906632482,44.899
              117.2401005662,1.8906780885,44
              117.2401061865,1.8906827527,43.733
              117.2401207994,1.8906946250,43
              117.2401286679,1.8907012679,42.578
              117.2401337262,1.8907056494,42.299
              117.2401393466,1.8907104549,42
              117.2401517113,1.8907204899,41.409
              117.2401550835,1.8907228925,41.287
              117.2401584556,1.8907252952,41.183
              117.2401601417,1.8907264259,41.162
              117.2401651998,1.8907289697,41.241
              117.2401747540,1.8907341987,41.297
              117.2401949861,1.8907425362,42
              117.2401966721,1.8907432428,42.033
              117.2401977961,1.8907438081,42.052
              117.2402157803,1.8907518632,42.542
              117.2402326404,1.8907593530,43
              117.2402393846,1.8907628861,43.083
              117.2402691711,1.8907781490,43.467
              117.2403085118,1.8907982168,44
              117.2403349265,1.8908134802,44
              117.2403534730,1.8908240797,44
              117.2403753920,1.8908390610,43.536
              117.2403973109,1.8908540423,43.078
              117.2404012450,1.8908565862,43
              117.2404040552,1.8908588476,42.859
              117.2404074274,1.8908616744,42.679
              117.2404237263,1.8908743946,42
              117.2404282225,1.8908776453,41.858
              117.2404439591,1.8908875384,41.696
              117.2404467692,1.8908893757,41.654
              117.2404557614,1.8908943221,41.737
              117.2404670015,1.8908995510,42
              117.2404782416,1.8909042143,42.365
              117.2404906054,1.8909080294,43
              117.2404973494,1.8909102902,43.374
              117.2405091513,1.8909139640,43.995
              117.2405091513,1.8909141053,44
              117.2405237632,1.8909184855,44.801
              117.2405271351,1.8909194745,45
              117.2405271344,1.8909139614,45
              117.2405265720,1.8909111343,45
              117.2405181377,1.8908766433,45
              117.2405074574,1.8908561473,45
              117.2405153255,1.8908593976,45.228
              117.2405344335,1.8908667457,46
              117.2405355575,1.8908670283,46.023
              117.2405574754,1.8908750828,47
              117.2405675915,1.8908793222,47.351
              117.2405698395,1.8908801701,47.465
              117.2405704010,1.8908769187,47.523
              117.2405743305,1.8908453945,48.116
              117.2405821944,1.8908188175,48.847
              117.2405850008,1.8907937961,49.371
              117.2405894903,1.8907485598,50.056
              117.2405939799,1.8907036062,50.734
              117.2405995960,1.8906775950,51.194
              117.2406029668,1.8906696782,51.521
              117.2406035269,1.8906566729,51.702
              117.2405945304,1.8906202029,51.689
              117.2405990204,1.8905786420,52.199
              117.2406063217,1.8905471174,52.393
              117.2406136222,1.8905097969,52.679
              117.2406259803,1.8904716276,53.416
              117.2406327212,1.8904521188,53.837
              117.2406349659,1.8904283697,54.137
              117.2406355223,1.8903885057,54.529
              117.2406372032,1.8903516101,55.063
              117.2406405703,1.8903175416,55.46
              117.2406416891,1.8902803633,56.042
              117.2406523621,1.8902481314,56.527
              117.2406591019,1.8902202823,57.217
              117.2406664039,1.8901935639,58.072
              117.2406675241,1.8901668465,59.3
              117.2406680831,1.8901453594,60.115
              117.2406686417,1.8901207625,60.929
              117.2406675136,1.8900900872,61.757
              117.2406635754,1.8900582814,62.755
              117.2406585123,1.8900196904,63.71
              117.2406528871,1.8899792618,64.678
              117.2406466994,1.8899357233,65.652
              117.2406455687,1.8898866711,66.983
              117.2406506198,1.8898386075,67.892
              117.2406607301,1.8898011453,68.678
              117.2406730889,1.8897676409,69.223
              117.2406815140,1.8897355506,70.015
              117.2406899379,1.8896945546,70.713
              117.2406994857,1.8896531344,71.523
              117.2407090338,1.8896141173,72.33
              117.2407163340,1.8895748178,73.227
              117.2407466743,1.8895300020,72.883
              117.2407787044,1.8895140236,73.109
              117.2408107353,1.8895036998,73.013
              117.2408601896,1.8895106196,72.982
              117.2408989667,1.8895188132,72.658
              117.2409371820,1.8895285618,72.229
              117.2409753974,1.8895387345,71.774
              117.2410113657,1.8895551274,70.899
              117.2410495817,1.8895695409,70.237
              117.2410861121,1.8895867819,69.362
              117.2411226424,1.8896028920,68.554
              117.2411602964,1.8896170229,67.891
              117.2411968267,1.8896332744,67.074
              117.2412344806,1.8896474053,66.411
              117.2412715726,1.8896613949,65.748
              117.2413092266,1.8896753844,65.085
              117.2413423847,1.8896889505,64.388
              117.2413772285,1.8897008200,63.829
              117.2414115106,1.8897150927,63.104
              117.2414457928,1.8897292240,62.395
              117.2414783889,1.8897425075,61.689
              117.2415025536,1.8897427868,61.556
              117.2415261563,1.8897423594,61.445
              117.2415643701,1.8897406577,61.007
              117.2415986496,1.8897357053,60.739
              117.2416363011,1.8897324487,60.325
              117.2416643989,1.8897267903,60.305
              117.2416863149,1.8897207087,60.33
              117.2417059827,1.8897126483,60.238
              117.2417329554,1.8896990739,60.025
              117.2417677951,1.8896809747,59.78
              117.2417908337,1.8896651390,59.978
              117.2418060053,1.8896538280,60.146
              117.2418245484,1.8896399719,60.095
              117.2418593864,1.8896097157,60.33
              117.2418829856,1.8895842673,60.781
              117.2418970320,1.8895634852,61.108
              117.2419110779,1.8895391691,61.564
              117.2419234366,1.8895056647,62.161
              117.2419296132,1.8894693339,62.708
              117.2419352272,1.8894276315,63.311
              117.2419391573,1.8894010550,63.831
              117.2419419643,1.8893808399,64.338
              117.2419442077,1.8893483265,64.914
              117.2419475741,1.8893088862,65.508
              117.2419498167,1.8892708596,66.196
              117.2419554312,1.8892331153,66.655
              117.2419621690,1.8891908473,67.075
              117.2419756499,1.8891451856,67.856
              117.2419913796,1.8891053195,68.349
              117.2420054232,1.8890646054,68.987
              117.2420217138,1.8890178125,69.602
              117.2420413778,1.8889814799,70.422
              117.2420509279,1.8889568816,70.868
              117.2420616005,1.8889221052,71.416
              117.2420722731,1.8888874702,71.964
              117.2420829457,1.8888526937,72.512
              117.2420941803,1.8888179172,73.06
              117.2421048540,1.8887907743,73.364
              117.2421155277,1.8887639142,73.662
              117.2421323811,1.8887230583,74.324
              117.2421481111,1.8886855954,74.932
              117.2421666510,1.8886484147,75.518
              117.2421863143,1.8886078412,75.593
              117.2422239661,1.8886068464,76.612
              117.2422689236,1.8886055678,76.436
              117.2423037658,1.8886062697,76.457
              117.2423380466,1.8886109299,76.22
              117.2423818833,1.8886331175,75.026
              117.2424167311,1.8886735420,73.268
              117.2424448331,1.8886994072,72.105
              117.2424796793,1.8887283814,70.965
              117.2425038483,1.8887593361,70.09
              117.2425246437,1.8887777102,69.592
              117.2425471253,1.8887976390,68.726
              117.2425724172,1.8888208188,67.809
              117.2426010817,1.8888503593,66.694
              117.2426269373,1.8888864028,65.975
              117.2426477347,1.8889183476,65.135
              117.2426690935,1.8889471823,64.43
              117.2426921387,1.8889792681,63.385
              117.2427174324,1.8890150290,62.667
              117.2427404783,1.8890520625,61.767
              117.2427624008,1.8890929129,61.051
              117.2427831994,1.8891340461,60.316
              117.2428000641,1.8891744731,59.382
              117.2428135552,1.8892023195,58.479
              117.2428281681,1.8892143331,57.793
              117.2428528995,1.8892481150,56.464
              117.2428680778,1.8892851496,55.515
              117.2428798833,1.8893146925,54.568
              117.2428905637,1.8893361779,53.779
              117.2429063014,1.8893541286,52.826
              117.2429304689,1.8893743399,52.094
              117.2429568851,1.8894004881,51.149
              117.2429838643,1.8894337042,50.553
              117.2430085950,1.8894622557,49.999
              117.2430271426,1.8894809128,49.425
              117.2430653595,1.8895021117,48.685
              117.2430973968,1.8895382957,48.782
              117.2431114503,1.8895684037,48.023
              117.2431198804,1.8895725020,47.719
              117.2431322420,1.8895599191,47.495
              117.2431665241,1.8895739091,46.635
              117.2432019297,1.8895840821,46.029
              117.2432215999,1.8895934092,45.675
              117.2432620645,1.8896127700,44.722
              117.2432839891,1.8896688874,43.782
              117.2432952305,1.8896833047,43.432
              117.2433165878,1.8897004064,42.603
              117.2433401931,1.8897190628,41.478
              117.2433548013,1.8896970084,41.715
              117.2434031258,1.8896619439,40.483
              117.2434205455,1.8896517634,40.59
              117.2434323461,1.8896463900,40.597
              117.2434598795,1.8896236270,40.338
              117.2434817934,1.8896025610,40.314
              117.2434964020,1.8895838992,40.313
              117.2435110103,1.8895626930,40.386
              117.2435273025,1.8895277744,40.582
              117.2435351650,1.8894910193,41.379
              117.2435362869,1.8894764589,41.636
              117.2435379684,1.8894446524,42.087
              117.2435469552,1.8894107243,42.917
              117.2435570665,1.8893808956,43.575
              117.2435716737,1.8893517731,43.952
              117.2435930233,1.8893141680,44.538
              117.2436166212,1.8892798138,44.913
              117.2436441526,1.8892426319,45.297
              117.2436699980,1.8892054502,45.801
              117.2436919097,1.8891684104,46.495
              117.2437042695,1.8891431049,46.976
              117.2437166295,1.8891189304,47.443
              117.2437284253,1.8890792061,48.176
              117.2437419066,1.8890363717,48.833
              117.2437525782,1.8889943859,49.655
              117.2437621269,1.8889600337,50.051
              117.2437671795,1.8889232790,50.759
              117.2437722321,1.8888865243,51.466
              117.2437784086,1.8888490627,52.084
              117.2437857096,1.8888164071,52.496
              117.2437980678,1.8887793687,53.207
              117.2438497551,1.8886791361,55.283
              117.2438840287,1.8886321993,55.68
              117.2439419024,1.8885661753,56.368
              117.2440020238,1.8884988788,57.036
              117.2440385464,1.8884599992,57.699
              117.2440593359,1.8884356821,58.246
              117.2440863043,1.8883918563,59.099
              117.2441042791,1.8883329060,60.084
              117.2441228145,1.8882640604,61.171
              117.2441396639,1.8881946495,62.355
              117.2441508926,1.8881177473,63.877
              117.2441536961,1.8880725112,64.613
              117.2441565005,1.8880334951,65.599
              117.2441615520,1.8879885414,66.581
              117.2441654813,1.8879564518,67.126
              117.2441772766,1.8879129108,67.916
              117.2441823317,1.8878943918,68.257
              117.2442042411,1.8878413781,69.145
              117.2442149124,1.8877975546,69.878
              117.2442199673,1.8877774805,70.327
              117.2442300766,1.8877333743,71.7
              117.2442351313,1.8877117453,71.552
              117.2442812118,1.8877045294,71.227
              117.2443239234,1.8877179527,70.53
              117.2443407832,1.8877233220,70.207
              117.2443829331,1.8877385831,69.603
              117.2444020410,1.8877455071,69.094
              117.2444385728,1.8877723606,68.082
              117.2444745426,1.8877992142,67.197
              117.2444840970,1.8878061396,66.962
              117.2445245616,1.8878259244,65.906
              117.2445509760,1.8878387846,65.573
              117.2445914404,1.8878577213,64.729
              117.2446167307,1.8878693094,64.239
              117.2446167307,1.8878691680,64.245
              117.2446386491,1.8878810393,63.788
              117.2446909162,1.8879088801,62.98
              117.2447504896,1.8879418089,62.142
              117.2447819603,1.8879449143,61.383
              117.2448314140,1.8879475932,60.092
              117.2448870524,1.8879716168,59.533
              117.2449511231,1.8880157125,58.967
              117.2449921514,1.8880479371,57.965
              117.2450258754,1.8880901993,56.81
              117.2450185757,1.8881317606,56.736
              117.2450022910,1.8882206793,55.429
              117.2449826285,1.8882666246,54.896
              117.2450326500,1.8883108636,52.601
              117.2450613157,1.8883484617,51.11
              117.2451023427,1.8883716391,49.874
              117.2451641660,1.8884189864,48.076
              117.2451911469,1.8884637942,47.417
              117.2451844139,1.8885397062,46.346
              117.2451720575,1.8885894672,44.903
              117.2451833052,1.8886486960,44.349
              117.2452198363,1.8886707432,43.655
              117.2452720931,1.8886250761,42.927
              117.2453080584,1.8886196992,42.333
              117.2453878579,1.8886179916,40.919
              117.2454491105,1.8886031399,40.455
              117.2454558541,1.8886027149,40.321
              117.2455024945,1.8885803732,40.063
              117.2455249692,1.8885518150,40.824
              117.2455401380,1.8885204306,41.552
              117.2455637316,1.8884555423,42.389
              117.2456013755,1.8883978615,43.354
              117.2456266591,1.8883619521,43.83
              117.2456614944,1.8883136015,44.218
              117.2457165601,1.8882608659,45.026
              117.2457733133,1.8882200044,45.271
              117.2458396213,1.8881886127,45.31
              117.2458913188,1.8881627362,45.425
              117.2459334619,1.8881297930,45.709
              117.2459772892,1.8880848338,46.394
              117.2460160586,1.8880383204,47.3
              117.2460463987,1.8879937872,48.492
              117.2460638155,1.8879636748,49.134
              117.2460761757,1.8879413379,49.915
              117.2460733621,1.8879149037,50.599
              117.2460514379,1.8878620377,51.774
              117.2460379425,1.8878042228,53.593
              117.2460345648,1.8877625216,54.872
              117.2460300628,1.8877177107,56.174
              117.2460086971,1.8876408131,58.21
              117.2460092579,1.8876327554,58.605
              117.2460103778,1.8876040589,60.079
              117.2459929463,1.8875291398,60.46
              117.2460137292,1.8874581734,61.104
              117.2460176620,1.8874513875,61.233
              117.2460322638,1.8873843801,62.089
              117.2460412399,1.8872748237,63.484
              117.2460783176,1.8871873157,65.912
              117.2461075350,1.8871522540,66.508
              117.2461502381,1.8871051745,66.565
              117.2461974446,1.8871129427,66.225
              117.2462862378,1.8871276316,64.445
              117.2463840228,1.8871445811,62.65
              117.2464655122,1.8871718522,61.818
              117.2465329529,1.8872026594,60.537
              117.2465936507,1.8872395461,59.215
              117.2466515382,1.8872720509,58.003
              117.2467038050,1.8872981953,56.894
              117.2467588819,1.8873261770,55.785
              117.2468184546,1.8873537340,54.501
              117.2468813995,1.8873846832,53.144
              117.2469437827,1.8874176115,51.672
              117.2470033563,1.8874520952,50.274
              117.2470511264,1.8874713135,49.066
              117.2471056397,1.8874874209,48.093
              117.2471286813,1.8874930721,47.577
              117.2471786964,1.8874920754,47.052
              117.2472124126,1.8874783585,47.237
              117.2472405083,1.8874588466,47.413
              117.2472882689,1.8874102114,48.527
              117.2473174844,1.8873618617,49.627
              117.2473534402,1.8872890554,50.725
              117.2473843376,1.8872121504,52.181
              117.2474000632,1.8871442946,53.631
              117.2474214079,1.8870729041,54.842
              117.2474478094,1.8869948688,56.147
              117.2474618498,1.8869318196,57.835
              117.2474629613,1.8868440340,59.722
              117.2474798073,1.8867518639,61.465
              117.2475050855,1.8866776456,63.075
              117.2475444099,1.8865829278,64.549
              117.2476433089,1.8865291963,64.62
              117.2477118771,1.8865860138,63.889
              117.2477551530,1.8866165416,62.589
              117.2477950574,1.8866487663,61.122
              117.2478574426,1.8866954067,58.971
              117.2479085903,1.8867557607,57.404
              117.2479580480,1.8867868531,56.484
              117.2480159363,1.8868257192,55.499
              117.2480653964,1.8868740577,54.274
              117.2481103619,1.8869303131,52.599
              117.2481592646,1.8870104580,50.952
              117.2481778199,1.8870832564,49.739
              117.2481913174,1.8871554902,47.19
              117.2482109907,1.8871865868,46.12
              117.2482419025,1.8872108966,45.215
              117.2482795556,1.8872193728,45.17
              117.2482930406,1.8872035384,45.236
              117.2483104604,1.8871942061,45.39
              117.2483655257,1.8871404808,45.905
              117.2484031715,1.8870967948,46.72
              117.2484250805,1.8870422261,48.225
              117.2484554213,1.8870033474,48.926
              117.2484762077,1.8869579674,49.67
              117.2484986780,1.8868980269,50.539
              117.2485183374,1.8868311601,51.613
              117.2485374370,1.8867794191,52.628
              117.2485593477,1.8867360180,53.29
              117.2485750774,1.8866977068,53.958
              117.2485874331,1.8866441291,55.051
              117.2486110299,1.8866028481,55.545
              117.2486531691,1.8865429049,56.246
              117.2486913755,1.8864901716,56.925
              117.2487352011,1.8864341861,57.663
              117.2487767799,1.8863856932,58.241
              117.2488548813,1.8862993102,59.199
              117.2488728626,1.8862871505,59.531
              117.2488936523,1.8862653778,59.693
              117.2489442231,1.8862197108,60.055
              117.2489683854,1.8862033094,60.387
              117.2489959196,1.8861876144,60.698
              117.2490588588,1.8861785582,61.343
              117.2490841472,1.8861767168,61.196
              117.2491431576,1.8862027188,60.532
              117.2491864363,1.8862526132,59.697
              117.2492297181,1.8863244185,58.452
              117.2492673785,1.8863837849,57.259
              117.2493016685,1.8864534711,55.658
              117.2493112240,1.8864676059,55.3
              117.2493280868,1.8864937553,54.325
              117.2493567586,1.8865737617,52.217
              117.2493871134,1.8866331291,50.672
              117.2494247727,1.8866854274,49.015
              117.2494967124,1.8867388516,47.691
              117.2495197547,1.8867500159,47.419
              117.2495585316,1.8867572197,46.89
              117.2495703338,1.8867634379,46.696
              117.2495860689,1.8867630115,46.395
              117.2495894407,1.8867628697,45.578
              117.2496136037,1.8867512746,45.411
              117.2496360805,1.8867371352,45.355
              117.2496574330,1.8867210169,45.394
              117.2496787853,1.8867036264,45.486
              117.2497006999,1.8866883562,45.483
              117.2497231766,1.8866736514,45.45
              117.2497422805,1.8866523030,45.721
              117.2497636329,1.8866356193,45.782
              117.2497855476,1.8866210559,45.748
              117.2498052137,1.8866006970,45.968
              117.2498293767,1.8865891019,45.801
              117.2498529777,1.8865775069,45.634
              117.2498765787,1.8865659118,45.468
              117.2499018660,1.8865565783,45.199
              117.2499316505,1.8865577049,44.463
              117.2499580622,1.8865513398,44.062
              117.2499839118,1.8865446921,43.677
              117.2500142584,1.8865466668,42.897
              117.2500412321,1.8865410084,42.468
              117.2500698924,1.8865401561,41.822
              117.2500957419,1.8865325189,41.476
              117.2501215913,1.8865247402,41.134
              117.2501474408,1.8865173857,40.778
              117.2501755390,1.8865152612,40.19
              117.2502047613,1.8865149743,39.516
              117.2502154393,1.8865190722,39.077
              117.2502407293,1.8865285398,38.221
              117.2502553415,1.8865360298,37.653
              117.2502795079,1.8865481834,36.659
              117.2502958063,1.8865569454,36.038
              117.2503194108,1.8865699473,35
              117.2503329029,1.8866038721,35
              117.2503969777,1.8866759571,35
              117.2504104663,1.8866852850,35
              117.2504228297,1.8866862727,35
              117.2504306966,1.8866813239,35
              117.2504374382,1.8866670455,35
              117.2504531497,1.8865020744,35
              117.2504480848,1.8864517505,35
              117.2504576332,1.8864159847,35
              117.2504778569,1.8863663639,35
              117.2504795396,1.8863437459,35
              117.2504744785,1.8863202806,35
              117.2504772871,1.8863113745,35
              117.2504907731,1.8863026081,35
              117.2505430374,1.8863112236,35
              117.2505778811,1.8863222447,35
              117.2505728271,1.8863485387,35.995
              117.2505683352,1.8863749739,36.98
              117.2505621572,1.8864008439,37.608
              117.2505554173,1.8864265727,38.079
              117.2505464293,1.8864515949,38.132
              117.2505380034,1.8864766171,38.132
              117.2505295774,1.8865016393,38.132
              117.2505200275,1.8865263789,37.938
              117.2505099156,1.8865509773,37.626
              117.2504998036,1.8865754343,37.279
              117.2504896917,1.8865998912,36.865
              117.2504790178,1.8866243483,36.44
              117.2504683438,1.8866486640,35.965
              117.2504582319,1.8866732623,35.617
              117.2504492441,1.8866987087,35.614
              117.2504307019,1.8867182193,35.67
              117.2504132837,1.8867382951,36.077
              117.2503975517,1.8867600670,37.03
              117.2503829438,1.8867829697,38.403
              117.2503711455,1.8868043170,40
              117.2504144200,1.8868246667,40
              117.2504127347,1.8868291905,40.382
              117.2503998130,1.8868537893,42.305
              117.2503863292,1.8868783881,44.214
              117.2503722833,1.8869015734,45.679
              117.2503587995,1.8869256068,47.368
              117.2503453157,1.8869494988,49.076
              117.2503391357,1.8869612327,50
              117.2503942098,1.8869695651,50
              117.2503925245,1.8869733821,50.32
              117.2503807270,1.8870001011,52.852
              117.2503655570,1.8870227211,54
              117.2503464528,1.8870418077,54
              117.2503267865,1.8870601875,53.762
              117.2503048720,1.8870760231,52.633
              117.2502823954,1.8870914348,51.383
              117.2502604809,1.8871075531,50.346
              117.2502520522,1.8871134915,50
              117.2502542906,1.8870471927,50
              117.2502340621,1.8870635936,49.27
              117.2502121476,1.8870797119,48.308
              117.2501902330,1.8870952649,47.182
              117.2501677564,1.8871101111,45.816
              117.2501447177,1.8871245333,44.299
              117.2501205550,1.8871381074,42.506
              117.2500969543,1.8871523884,40.947
              117.2500812207,1.8871629927,40
              117.2500834591,1.8870966939,40
              117.2500682873,1.8871060260,39.061
              117.2500458106,1.8871205894,37.618
              117.2500250202,1.8871374145,36.9
              117.2500064779,1.8871563596,36.9
              117.2499873736,1.8871751634,36.9
              117.2499688313,1.8871938258,36.828
              117.2499486029,1.8872110748,36.244
              117.2499294986,1.8872297372,36.186
              117.2499103944,1.8872492479,36.182
              117.2498946608,1.8872595695,36.935
              117.2498806133,1.8872718700,38.308
              117.2498631944,1.8872871396,40
              117.2498682588,1.8873339294,40
              117.2498570209,1.8873442504,41.149
              117.2498367925,1.8873613581,43.015
              117.2498160016,1.8873756386,44.151
              117.2497940868,1.8873890711,45.054
              117.2497716094,1.8873992524,45.144
              117.2497485701,1.8874088683,45.062
              117.2497260927,1.8874184841,45.061
              117.2497126064,1.8874251300,45.062
              117.2496985582,1.8874323415,45.061
              117.2496749571,1.8874440779,45.339
              117.2496519181,1.8874558142,45.699
              117.2496288790,1.8874676919,46.059
              117.2496058400,1.8874797109,46.457
              117.2495822388,1.8874904578,46.532
              117.2495580759,1.8875030425,46.946
              117.2495344750,1.8875153443,47.977
              117.2495119980,1.8875275046,49.063
              117.2494900828,1.8875389581,49.986
              117.2494895208,1.8875390995,50
              117.2494990806,1.8875834856,50
              117.2494794131,1.8875933837,50.782
              117.2494552500,1.8876042721,51.671
              117.2494305248,1.8876145950,52.401
              117.2494057995,1.8876240698,52.949
              117.2493810743,1.8876339686,53.592
              117.2493574732,1.8876451396,54.577
              117.2493349963,1.8876587135,55.961
              117.2493130817,1.8876739837,57.743
              117.2492911672,1.8876898194,59.682
              117.2492877957,1.8876923644,60
              117.2493293930,1.8877737825,60
              117.2493198405,1.8877805692,60.794
              117.2492984879,1.8877958394,62.624
              117.2492765730,1.8878096959,64.11
              117.2492546581,1.8878229871,65.452
              117.2492327431,1.8878355714,66.643
              117.2492091422,1.8878485800,67.757
              117.2491861033,1.8878613059,68.777
              117.2491625024,1.8878736077,69.712
              117.2491540734,1.8878779911,70
              117.2491804915,1.8879165790,70
              117.2491793676,1.8879171446,70.044
              117.2491557665,1.8879283156,70.728
              117.2491327273,1.8879392037,71.363
              117.2491091261,1.8879495265,71.832
              117.2490849626,1.8879581530,71.903
              117.2490607991,1.8879666382,71.903
              117.2490366356,1.8879749820,71.903
              117.2490124722,1.8879834672,71.903
              117.2489883085,1.8879906801,71.627
              117.2489635829,1.8879977517,71.275
              117.2489388572,1.8880049647,70.979
              117.2489141315,1.8880117536,70.562
              117.2488894058,1.8880184011,70.148
              117.2488787288,1.8880215126,70
              117.2487550937,1.8880082425,70
              117.2487466644,1.8880102227,69.934
              117.2487208147,1.8880163050,69.715
              117.2486955270,1.8880225285,69.503
              117.2486696773,1.8880291762,69.423
              117.2486443895,1.8880352584,69.212
              117.2486219117,1.8880419056,69.151
              117.2485988719,1.8880484116,68.979
              117.2485758321,1.8880554830,68.979
              117.2485527924,1.8880625543,68.979
              117.2485297526,1.8880694844,68.925
              117.2485067128,1.8880757076,68.732
              117.2484836729,1.8880819308,68.535
              117.2484583853,1.8880891439,68.302
              117.2484330977,1.8880963569,68.063
              117.2484078102,1.8881041354,67.988
              117.2483825226,1.8881113485,67.754
              117.2483577971,1.8881195510,67.754
              117.2483325096,1.8881276122,67.71
              117.2483077841,1.8881356734,67.71
              117.2482824966,1.8881438760,67.71
              117.2482577712,1.8881522199,67.766
              117.2482330458,1.8881611292,67.941
              117.2482077583,1.8881694731,67.985
              117.2481830329,1.8881779584,68.058
              117.2481583075,1.8881868677,68.248
              117.2481330200,1.8881952117,68.297
              117.2481082946,1.8882036969,68.361
              117.2480835691,1.8882120408,68.431
              117.2480582817,1.8882205261,68.503
              117.2480335562,1.8882290113,68.564
              117.2480082688,1.8882373553,68.609
              117.2479835432,1.8882454164,68.609
              117.2479588178,1.8882539016,68.667
              117.2479335303,1.8882622456,68.716
              117.2479088049,1.8882705895,68.76
              117.2478835174,1.8882787920,68.76
              117.2478587919,1.8882868532,68.76
              117.2478335043,1.8882942076,68.548
              117.2478070924,1.8882993004,67.8
              117.2477806805,1.8883039691,66.88
              117.2477542683,1.8883062347,65.603
              117.2477278560,1.8883082175,64.299
              117.2477014437,1.8883100590,62.957
              117.2476750313,1.8883116178,61.56
              117.2476486190,1.8883133179,60.164
              117.2476458092,1.8883134597,60
              117.2475845437,1.8882371333,60
              117.2475761143,1.8882382654,59.655
              117.2475497021,1.8882406723,58.462
              117.2475221657,1.8882416658,57.166
              117.2474957533,1.8882429418,55.982
              117.2474693409,1.8882442179,54.842
              117.2474429287,1.8882467662,53.982
              117.2474176409,1.8882528483,53.982
              117.2473946012,1.8882599197,54.357
              117.2473743719,1.8882712315,54.572
              117.2473524568,1.8882835331,54.844
              117.2473299798,1.8882958347,55.073
              117.2473075027,1.8883081364,55.322
              117.2472861498,1.8883217101,55.915
              117.2472647968,1.8883351425,56.44
              117.2472423198,1.8883477269,56.789
              117.2472198427,1.8883594631,56.87
              117.2471996140,1.8883750158,57.972
              117.2471799476,1.8883928301,59.688
              117.2471760143,1.8883963647,60
              117.2471642281,1.8885033770,60
              117.2471541137,1.8885110120,60.568
              117.2471327610,1.8885265648,61.609
              117.2471114084,1.8885421176,62.629
              117.2470894937,1.8885575291,63.564
              117.2470675790,1.8885719511,64.472
              117.2470462262,1.8885866557,65.505
              117.2470248733,1.8886006536,66.355
              117.2470023964,1.8886136620,66.917
              117.2469799192,1.8886252569,67.108
              117.2469568801,1.8886367105,67.288
              117.2469344030,1.8886487294,67.621
              117.2469119259,1.8886608897,67.961
              117.2468888868,1.8886729087,68.276
              117.2468658478,1.8886850691,68.595
              117.2468422468,1.8886969468,68.868
              117.2468186457,1.8887088245,69.117
              117.2467950445,1.8887195714,69.117
              117.2467708813,1.8887301769,69.049
              117.2467467181,1.8887406411,68.978
              117.2467225549,1.8887515294,68.978
              117.2466983917,1.8887624177,68.978
              117.2466747906,1.8887740127,69.205
              117.2466511895,1.8887851836,69.277
              117.2466275884,1.8887969200,69.526
              117.2466034253,1.8888085151,69.711
              117.2465792622,1.8888198274,69.785
              117.2465556611,1.8888311397,70
            </coordinates>
          </LinearRing>
        </outerBoundaryIs>
      </Polygon>
    </Placemark>
    <Placemark>
      <description>CROPLINE_COAL_2025_BDY_PIT</description>
      <styleUrl>#area1</styleUrl>
      <Polygon>
        <altitudeMode>relativeToGround</altitudeMode>
        <extrude>1</extrude>
        <outerBoundaryIs>
          <LinearRing>
            <coordinates>
              117.2530960372,1.8977746915,40
              117.2531685699,1.8980377542,39.651
              117.2531730683,1.8980554237,44
              117.2531314842,1.8980680110,43.901
              117.2530876511,1.8980732478,42
              117.2530483159,1.8980936097,43.83
              117.2530067320,1.8981074692,44.049
              117.2529651477,1.8981192083,43.726
              117.2529235638,1.8981332092,44
              117.2528819797,1.8981462205,44
              117.2528403956,1.8981586665,43.855
              117.2527988116,1.8981721019,44
              117.2527555406,1.8981784695,42.376
              117.2527133943,1.8981899260,42
              117.2526718102,1.8982029373,42
              117.2526302262,1.8982159487,42
              117.2525886421,1.8982289601,42
              117.2525470580,1.8982418300,42
              117.2525228944,1.8982504566,42.069
              117.2525155926,1.8982766096,41.998
              117.2525026734,1.8983194439,41.724
              117.2524875062,1.8983614305,40.779
              117.2524723391,1.8984035584,40
              117.2524605439,1.8984466753,40
              117.2524493107,1.8984899336,40.091
              117.2524363916,1.8985327679,39.817
              117.2524206624,1.8985747546,38.932
              117.2524066193,1.8986171650,38.273
              117.2523937001,1.8986599994,38
              117.2523819049,1.8987031164,38.086
              117.2523695478,1.8987460920,37.876
              117.2523566286,1.8987889264,37.603
              117.2523437095,1.8988317608,37.379
              117.2523257346,1.8988885907,36.939
              117.2523144957,1.8988924091,37.041
              117.2522729118,1.8989072581,36.65
              117.2522318898,1.8989211176,36.018
              117.2521903058,1.8989346944,35.321
              117.2521487218,1.8989486952,34.709
              117.2521077000,1.8989638269,34.389
              117.2520666782,1.8989788172,34.067
              117.2520262185,1.8989953624,34.092
              117.2519851969,1.8990116250,34.068
              117.2519447372,1.8990280289,34.093
              117.2519042775,1.8990442914,34.069
              117.2518638179,1.8990608366,34.096
              117.2518233582,1.8990770990,34.072
              117.2517828985,1.8990933615,34.048
              117.2517368197,1.8991140070,33.294
              117.2517368197,1.8991140070,33.294
              117.2517143504,1.8991808742,32.502
              117.2516980651,1.8992630076,31.991
              117.2516947052,1.8993457045,31.991
              117.2517104526,1.8994292467,32.791
              117.2517138722,1.8997594663,40
              117.2517144451,1.8998348118,40.879
              117.2517144580,1.8999242936,41.804
              117.2517139077,1.9000045869,42.518
              117.2517156038,1.9000751259,42.789
              117.2517156158,1.9001579637,43.068
              117.2517161898,1.9002406600,43.483
              117.2517178876,1.9003232148,44.236
              117.2517218334,1.9004059106,45.366
              117.2517280306,1.9005126375,47.181
              117.2516178864,1.9005306065,45.687
              117.2515313443,1.9005427763,44.025
              117.2514492977,1.9005535318,42.283
              117.2514279516,1.9006146030,43.5
              117.2514066062,1.9006811873,45.309
              117.2513858228,1.9007479129,47.278
              117.2513689716,1.9008027636,48.99
              117.2513594226,1.9008344299,50
              117.2514077513,1.9008274961,50
              117.2514122469,1.9008263646,50
              117.2514122469,1.9008263646,50
              117.2513835991,1.9009150023,52.327
              117.2513139195,1.9009502115,53.965
              117.2512470494,1.9009828758,55.312
              117.2511723117,1.9010158239,55.985
              117.2510947634,1.9010438248,55.41
              117.2510144041,1.9010641926,52.865
              117.2509419118,1.9010800357,50
              117.2509503365,1.9010459663,50
              117.2509525816,1.9010271650,50
              117.2509525816,1.9010271650,50
              117.2509081869,1.9010355118,47.902
              117.2508306352,1.9010400467,44.365
              117.2507603888,1.9010418946,40.613
              117.2507469016,1.9010426034,40
              117.2507513961,1.9010339797,40
              117.2507660012,1.9009911451,40
              117.2507660012,1.9009911451,40
              117.2507468941,1.9009907238,38.79
              117.2506536136,1.9010403552,35
              117.2506378789,1.9010440329,35
              117.2506052855,1.9010515298,35
              117.2505912367,1.9010549246,35
              117.2505209923,1.9010711914,35
              117.2505198684,1.9010714743,35
              117.2504709783,1.9010827903,35
              117.2504344513,1.9010912773,35
              117.2504192785,1.9010946722,35
              117.2504125350,1.9010963695,35
              117.2502085454,1.9011436140,35
              117.2501579688,1.9011505480,35
              117.2500511959,1.9011649825,35
              117.2500146677,1.9011659773,35
              117.2500090480,1.9011661195,35
              117.2499972466,1.9011665453,35
              117.2499595946,1.9011675403,35
              117.2499455453,1.9011679664,35
              117.2497730201,1.9011729392,35
              117.2497168229,1.9011745024,35
              117.2497038962,1.9011647503,35
              117.2496257733,1.9011055313,35
              117.2496094743,1.9010933765,35
              117.2495942994,1.9010819285,35
              117.2495830587,1.9010733071,35
              117.2495645128,1.9010680794,35
              117.2495639508,1.9010680795,35
              117.2495291071,1.9010583306,35
              117.2495268590,1.9010570587,35
              117.2495156186,1.9010504163,35
              117.2494470522,1.9010112692,35
              117.2494397459,1.9010070294,35
              117.2494307536,1.9010019417,35
              117.2494217612,1.9009965713,35
              117.2494116449,1.9009907769,35
              117.2494093967,1.9009889396,35
              117.2493824184,1.9009637812,35
              117.2493649949,1.9009478099,35
              117.2493627468,1.9009459725,35
              117.2493599365,1.9009432870,35
              117.2493571262,1.9009403189,35
              117.2493486955,1.9009326866,35
              117.2493166588,1.9009032881,35
              117.2493160967,1.9009025813,35
              117.2492919304,1.9008921241,35
              117.2492475317,1.9008729054,35
              117.2492306709,1.9008617403,35
              117.2492222405,1.9008559457,35
              117.2492205544,1.9008550978,35
              117.2492194304,1.9008546739,35
              117.2492177444,1.9008541087,35
              117.2492138105,1.9008534024,35.04
              117.2491963891,1.9008522741,35.179
              117.2491885215,1.9008522752,35.231
              117.2491812160,1.9008534072,35.26
              117.2491812160,1.9008534072,35.26
              117.2491800921,1.9008534073,35.258
              117.2491508706,1.9008613278,35.441
              117.2491435652,1.9008635906,35.483
              117.2491261458,1.9008754675,35.473
              117.2490632108,1.9009178851,35.436
              117.2490530961,1.9009235410,35.379
              117.2490457908,1.9009262279,35.31
              117.2490396092,1.9009270770,35.272
              117.2490182546,1.9009293419,35.111
              117.2490176926,1.9009294833,35.106
              117.2489873469,1.9009357076,35
              117.2489834133,1.9009366977,35
              117.2489834133,1.9009368391,35
              117.2489676787,1.9009415063,35
              117.2489244085,1.9009542351,35
              117.2488423639,1.9009785611,35
              117.2487833629,1.9010221090,36
              117.2488013498,1.9010486823,36
              117.2488170861,1.9010553240,36
              117.2488176482,1.9010567376,36
              117.2488345138,1.9011012639,36
              117.2488345138,1.9011012639,36
              117.2488339517,1.9010999918,35.857
              117.2488092260,1.9011084770,35.957
              117.2487288695,1.9011482112,37.643
              117.2486501997,1.9011935996,39.999
              117.2485720940,1.9012543963,43.978
              117.2485024134,1.9012831028,45.81
              117.2484518346,1.9012753352,44.019
              117.2483911459,1.9013065849,42.181
              117.2483130377,1.9013491460,40
              117.2482388638,1.9013959473,38.462
              117.2481759325,1.9014638099,39.511
              117.2480989475,1.9015022713,40
              117.2480202744,1.9015243350,38.76
              117.2479460985,1.9015568589,38.76
              117.2478646184,1.9016001272,39.523
              117.2477803201,1.9015841656,40.392
              117.2477066998,1.9015721605,41.363
              117.2476313942,1.9015648206,42.868
              117.2475572122,1.9015542292,44
              117.2474830242,1.9015020775,40.727
              117.2474313109,1.9014199540,38.708
              117.2473801620,1.9013545110,37.983
              117.2473222702,1.9012950062,38.213
              117.2472576343,1.9012321097,38.742
              117.2472284015,1.9011611505,40.412
              117.2471952339,1.9010825584,42.307
              117.2472536655,1.9009862828,41.719
              117.2472497314,1.9009843044,41.809
              117.2471496932,1.9009361145,43.68
              117.2471356429,1.9009291898,43.91
              117.2470659532,1.9008944250,45
              117.2470271743,1.9008750640,45.572
              117.2470108842,1.9009256738,44.957
              117.2469872932,1.9010093631,43.338
              117.2469620162,1.9010926286,41.264
              117.2469468496,1.9011394214,40
              117.2469035758,1.9011267051,40
              117.2468996440,1.9011407004,39.701
              117.2468777379,1.9012173215,38.069
              117.2468620137,1.9012950725,38.069
              117.2468507854,1.9013738124,39.001
              117.2467490739,1.9014146805,39.871
              117.2466681533,1.9014402785,41.832
              117.2465816117,1.9014566889,44.714
              117.2465585827,1.9015408022,49.414
              117.2464641633,1.9014861089,48.715
              117.2464040272,1.9014516254,48.292
              117.2463573801,1.9014287315,48.293
              117.2463253456,1.9014140345,48.283
              117.2462719568,1.9014051364,48.678
              117.2461826007,1.9013891754,49.123
              117.2461230263,1.9013529954,48.47
              117.2460752549,1.9013275572,48.665
              117.2460145571,1.9012944874,49.625
              117.2459903903,1.9012813442,50
              117.2460162446,1.9013060788,50
              117.2460302965,1.9013240297,50
              117.2460353552,1.9013306729,50
              117.2460381656,1.9013344893,50
              117.2459847821,1.9013626278,53.936
              117.2459808486,1.9013648902,54.248
              117.2459696099,1.9013704049,55
              117.2459415135,1.9013863828,57.316
              117.2459066738,1.9014053302,60
              117.2459145426,1.9014139521,60
              117.2459179152,1.9014191820,60
              117.2459347782,1.9014456142,60
              117.2458836416,1.9014669671,62.477
              117.2458673453,1.9014736134,63.23
              117.2458291333,1.9014893100,65
              117.2458223900,1.9014919968,65.3
              117.2458111509,1.9014951084,65.456
              117.2457734998,1.9015028886,65.432
              117.2457459643,1.9015116570,66.116
              117.2456757202,1.9015304681,67.043
              117.2456487461,1.9015347128,66.693
              117.2456448124,1.9015358443,66.772
              117.2456139042,1.9015386759,65.922
              117.2456099705,1.9015392419,65.872
              117.2455908634,1.9015395274,65
              117.2455633271,1.9015423585,64.289
              117.2455043197,1.9015416602,61.272
              117.2454795929,1.9015413810,60
              117.2455116188,1.9014945858,60
              117.2455166755,1.9014873756,60
              117.2454261975,1.9014859750,55.254
              117.2454205778,1.9014861171,55
              117.2454183299,1.9014861175,54.891
              117.2453840495,1.9014864051,53.299
              117.2453222324,1.9014865553,50.316
              117.2453160507,1.9014865562,50
              117.2453463878,1.9014192638,50
              117.2454098749,1.9013061656,50
              117.2454177390,1.9012812849,50
              117.2454188608,1.9012664417,50
              117.2454199831,1.9012544259,50
              117.2454205444,1.9012496195,50
              117.2454306573,1.9012313824,50
              117.2454329046,1.9012269999,50
              117.2454649335,1.9012011262,50
              117.2454722377,1.9011909471,50
              117.2454801039,1.9011807680,50
              117.2454851606,1.9011736992,50
              117.2454475088,1.9011763904,48.821
              117.2454306497,1.9011772410,48.193
              117.2454126667,1.9011782331,47.517
              117.2453856923,1.9011806401,46.784
              117.2453491640,1.9011807867,45
              117.2453345528,1.9011817783,44.527
              117.2452963392,1.9011861660,43.684
              117.2452553157,1.9011899886,42.55
              117.2452513819,1.9011904132,42.493
              117.2452435140,1.9011887180,42.322
              117.2452300263,1.9011863168,42.139
              117.2452249684,1.9011850453,41.993
              117.2452244064,1.9011847626,41.941
              117.2452232823,1.9011840560,41.785
              117.2452193483,1.9011830670,41.693
              117.2452148525,1.9011823609,41.641
              117.2452092326,1.9011815135,41.603
              117.2452002408,1.9011802425,41.573
              117.2451878772,1.9011785480,41.549
              117.2451614641,1.9011762899,41.754
              117.2451597782,1.9011764315,41.859
              117.2451502246,1.9011761502,42.066
              117.2451294316,1.9011761532,42.651
              117.2451131342,1.9011755900,42.978
              117.2450822270,1.9011846416,43.57
              117.2450451382,1.9011951076,44.207
              117.2449900668,1.9012100998,45
              117.2449035265,1.9012362640,46.855
              117.2448894778,1.9012405069,47.13
              117.2448557608,1.9012504070,47.78
              117.2448034993,1.9012655401,48.741
              117.2447596669,1.9012767139,49.226
              117.2447411225,1.9012819469,49.511
              117.2447366269,1.9012833612,49.59
              117.2447338172,1.9012840684,49.624
              117.2447326932,1.9012842099,49.628
              117.2447321313,1.9012843513,49.626
              117.2447270737,1.9012853416,49.599
              117.2447242639,1.9012859074,49.593
              117.2446860509,1.9012951014,49.896
              117.2446860510,1.9012952427,49.899
              117.2446680684,1.9012994861,50
              117.2446382864,1.9013178674,50
              117.2446270479,1.9013249370,50
              117.2445849036,1.9013518017,50
              117.2445573693,1.9013689104,50
              117.2445393877,1.9013802219,50
              117.2445208442,1.9013918161,50
              117.2444910640,1.9014230612,50
              117.2444629712,1.9014646255,50
              117.2444466793,1.9015030781,50
              117.2444371324,1.9015501528,50
              117.2444326473,1.9016262059,50
              117.2444247800,1.9016288929,50.231
              117.2444107318,1.9016369525,50.653
              117.2444028648,1.9016413358,50.878
              117.2443646539,1.9016649486,52.423
              117.2443466723,1.9016759774,53.142
              117.2443017185,1.9017056697,55
              117.2441994488,1.9017733964,59.225
              117.2441898961,1.9017797590,59.602
              117.2441820292,1.9017847078,59.866
              117.2441797815,1.9017861217,59.941
              117.2441775337,1.9017872529,60
              117.2441780957,1.9017875356,60
              117.2441876500,1.9017926232,60
              117.2442073212,1.9018073220,60
              117.2442219340,1.9018180634,60
              117.2441960859,1.9018368681,61.351
              117.2441550659,1.9018664185,63.464
              117.2441522563,1.9018686807,63.625
              117.2441235985,1.9018886167,65
              117.2441123604,1.9018985136,65.904
              117.2441084270,1.9019016241,66.171
              117.2440831409,1.9019214183,67.819
              117.2440685309,1.9019307503,68.282
              117.2440601021,1.9019364059,68.654
              117.2440454921,1.9019454551,69.121
              117.2440415586,1.9019481416,69.259
              117.2440269482,1.9019547876,69.031
              117.2440190809,1.9019573332,68.733
              117.2440089663,1.9019634132,68.892
              117.2440044708,1.9019659584,68.921
              117.2439971656,1.9019693521,68.854
              117.2439898604,1.9019721804,68.659
              117.2439848030,1.9019747256,68.618
              117.2438415109,1.9020553220,70
              117.2440488678,1.9019735856,70
              117.2440471835,1.9019848947,70
              117.2440674152,1.9019894154,70
              117.2440516811,1.9019974753,70
              117.2440438140,1.9020015759,70
              117.2439494092,1.9020503590,70
              117.2438819755,1.9020732691,70
              117.2438212852,1.9020937751,70
              117.2437420506,1.9021206451,70
              117.2437398069,1.9021501899,70
              117.2437398075,1.9021545721,70
              117.2437369989,1.9021639024,70
              117.2436858644,1.9022002395,71.633
              117.2436774357,1.9022068847,72.005
              117.2436706927,1.9022121161,72.294
              117.2436583305,1.9022208822,72.678
              117.2436234917,1.9022467563,74.056
              117.2435998913,1.9022644298,75
              117.2435965197,1.9022664094,75
              117.2435914623,1.9022690960,75
              117.2435397648,1.9022980824,75
              117.2435290881,1.9023038797,75
              117.2435009915,1.9023194335,75
              117.2434773899,1.9023283426,74.095
              117.2434639032,1.9023337162,73.58
              117.2434498546,1.9023389486,72.951
              117.2434290625,1.9023454542,71.703
              117.2434127659,1.9023505455,70.791
              117.2433987172,1.9023550711,70
              117.2433953388,1.9023084223,70
              117.2433947763,1.9023047470,70
              117.2433295903,1.9023256777,66.421
              117.2432981214,1.9023375565,65
              117.2432486700,1.9023542442,62.475
              117.2432104576,1.9023673962,60.503
              117.2431801131,1.9023828089,60
              117.2432025865,1.9023432245,60
              117.2432070803,1.9023289464,60
              117.2432126976,1.9023111341,60
              117.2431874104,1.9023227293,59.306
              117.2431694283,1.9023307894,58.824
              117.2431553798,1.9023367286,58.264
              117.2431098628,1.9023579393,57.124
              117.2430941285,1.9023644441,56.552
              117.2430536690,1.9023836750,55.613
              117.2430463638,1.9023869274,55.382
              117.2430334392,1.9023927250,55
              117.2430311914,1.9023935735,54.901
              117.2430227622,1.9023966846,54.525
              117.2430222003,1.9023972502,54.549
              117.2429963507,1.9024058769,53.185
              117.2429912930,1.9024060190,52.612
              117.2429592629,1.9024232696,52.251
              117.2429519580,1.9024292078,52.597
              117.2429120628,1.9024645538,55
              117.2428772247,1.9024950928,57.044
              117.2428547485,1.9025151693,58.396
              117.2428294628,1.9025379321,60
              117.2428373322,1.9025505121,60
              117.2428502598,1.9025662014,60
              117.2428564427,1.9025742582,60
              117.2428131768,1.9026183691,63.746
              117.2427980056,1.9026333555,65
              117.2427350727,1.9026924535,69.429
              117.2427227107,1.9027023506,70
              117.2427339509,1.9027077207,70
              117.2427440675,1.9027154941,70
              117.2427626146,1.9027293449,70
              117.2427637387,1.9027304757,70
              117.2427378912,1.9027540867,71.661
              117.2427339579,1.9027579040,71.917
              117.2427114820,1.9027795355,73.343
              117.2426800154,1.9028079536,75
              117.2426743962,1.9028117711,75
              117.2426620338,1.9028195478,75
              117.2426474238,1.9028290211,75
              117.2426080891,1.9028541890,75
              117.2425474013,1.9028932133,75
              117.2425299814,1.9029025456,74.653
              117.2425282956,1.9029035354,74.619
              117.2424822173,1.9029294110,73.893
              117.2424664835,1.9029398740,73.906
              117.2424490640,1.9029523163,74.144
              117.2424361396,1.9029593862,73.932
              117.2424147865,1.9029735253,74.002
              117.2424046718,1.9029790399,73.829
              117.2423799469,1.9029936036,73.535
              117.2423467927,1.9030097235,72.519
              117.2423394877,1.9030146722,72.568
              117.2423018386,1.9030378608,72.358
              117.2422934100,1.9030446473,72.659
              117.2422754289,1.9030597755,73.329
              117.2422681239,1.9030648656,73.452
              117.2422383420,1.9030840949,73.459
              117.2422287892,1.9030897507,73.325
              117.2422136168,1.9030963969,72.696
              117.2422012545,1.9031048803,72.812
              117.2421883299,1.9031102539,72.28
              117.2421770916,1.9031185958,72.487
              117.2421276416,1.9031458855,71.604
              117.2421040379,1.9031402344,70.939
              117.2420995420,1.9031396696,70.925
              117.2420433435,1.9031320440,70.721
              117.2420298558,1.9031302082,70.672
              117.2419922027,1.9031241350,70.323
              117.2419747810,1.9031207448,70
              117.2419832087,1.9031070315,70
              117.2420146773,1.9030924668,70
              117.2420287265,1.9030913340,70
              117.2420691882,1.9030883597,70
              117.2420787417,1.9030876515,70
              117.2420641300,1.9030852504,69.826
              117.2420236669,1.9030781881,69.33
              117.2420157991,1.9030774824,69.382
              117.2420124272,1.9030769174,69.344
              117.2420051213,1.9030750807,69.114
              117.2419753356,1.9030678755,68.262
              117.2419410537,1.9030575610,66.83
              117.2419033997,1.9030452678,65
              117.2418758619,1.9030374968,63.951
              117.2418427040,1.9030276062,62.55
              117.2418387700,1.9030263345,62.381
              117.2418022401,1.9030154548,60.849
              117.2417853801,1.9030098027,60
              117.2417859417,1.9030069754,60
              117.2417870647,1.9030001899,60
              117.2417893117,1.9029941111,60
              117.2417954912,1.9029778536,60
              117.2417966148,1.9029755917,60
              117.2418033572,1.9029664022,60
              117.2417645796,1.9029560883,58.653
              117.2416656682,1.9029285368,55
              117.2416600483,1.9029274067,54.875
              117.2416594863,1.9029272654,54.868
              117.2416330726,1.9029210492,54.151
              117.2414796486,1.9028848823,50
              117.2415009886,1.9027768791,50
              117.2415088507,1.9027371555,50
              117.2415313289,1.9027317806,50
              117.2415762842,1.9027122664,50
              117.2416324774,1.9026817244,50
              117.2416392203,1.9026763517,50
              117.2416538299,1.9026639098,50
              117.2416768669,1.9026353516,50
              117.2416763049,1.9026350689,49.979
              117.2415936933,1.9026251853,49.979
              117.2415110816,1.9026153016,49.979
              117.2414385857,1.9026065474,50
              117.2414329708,1.9026411817,50
              117.2414340965,1.9026539041,50
              117.2414352225,1.9026686055,50
              117.2414408441,1.9026816100,50
              117.2414526494,1.9027094565,50
              117.2413683610,1.9027655889,50
              117.2413402608,1.9027545667,50
              117.2413177827,1.9027612138,50
              117.2412773249,1.9027928845,50
              117.2412469796,1.9028017945,50
              117.2412391122,1.9028040574,50
              117.2412346168,1.9028068853,50
              117.2412211307,1.9028156516,50
              117.2412160736,1.9028211654,50
              117.2412042727,1.9028249838,50.339
              117.2411935987,1.9028502890,50
              117.2411801089,1.9028329034,51.093
              117.2411615647,1.9028395500,51.822
              117.2411576311,1.9028411056,52
              117.2411469541,1.9028449238,52.403
              117.2411312196,1.9028505805,53
              117.2411126753,1.9028569444,53.657
              117.2410221962,1.9028481927,57.234
              117.2409350883,1.9028353410,59.534
              117.2408491036,1.9028165520,60.391
              117.2407636808,1.9027970561,61.057
              117.2406782579,1.9027769948,61.6
              117.2405928349,1.9027562267,61.946
              117.2405074122,1.9027375789,62.85
              117.2404231124,1.9027114389,61.888
              117.2403399362,1.9026828955,60.335
              117.2402567602,1.9026557658,59.16
              117.2401730222,1.9026284947,57.908
              117.2400898461,1.9026000927,56.418
              117.2400077932,1.9025671670,53.784
              117.2399234936,1.9025417337,53
              117.2398363858,1.9025291647,55.378
              117.2397492777,1.9025141926,57.166
              117.2396632933,1.9024976653,58.539
              117.2395773087,1.9024800071,59.672
              117.2395177405,1.9024875076,60
              117.2394688516,1.9025081532,60
              117.2394682896,1.9025082947,60
              117.2394637935,1.9025058921,60.093
              117.2394637935,1.9025058921,60.096
              117.2394519905,1.9024947262,60.461
              117.2394233286,1.9024863899,60.924
              117.2394177086,1.9024846944,61
              117.2394148986,1.9024838466,61.041
              117.2393609470,1.9024684457,62
              117.2393519550,1.9024659025,62.146
              117.2393103672,1.9024534685,62.812
              117.2392991273,1.9024505014,63
              117.2392631594,1.9024396216,63.532
              117.2392541675,1.9024369370,63.695
              117.2392159515,1.9024245025,64
              117.2392052735,1.9024211113,64.108
              117.2392047115,1.9024208287,64.116
              117.2391850415,1.9024141874,64.253
              117.2391260314,1.9023944051,64.622
              117.2390939975,1.9023843729,65
              117.2390687076,1.9023764601,65.302
              117.2390484755,1.9023695363,65.422
              117.2390355495,1.9023651558,65.511
              117.2390349875,1.9023650146,65.51
              117.2390198113,1.9023438125,65.738
              117.2390186871,1.9023422576,65.756
              117.2389787840,1.9023204935,65.876
              117.2389692301,1.9023182331,65.808
              117.2389383204,1.9023107452,65.649
              117.2389090967,1.9023028331,65.336
              117.2389029147,1.9023011376,65.268
              117.2388860548,1.9022963336,65
              117.2388450291,1.9022848891,64.438
              117.2388203012,1.9022775417,64
              117.2388023173,1.9022723138,63.722
              117.2387910769,1.9022651060,63.626
              117.2387640996,1.9022468741,63.313
              117.2387371223,1.9022286422,63
              117.2387303780,1.9022241196,62.924
              117.2387095831,1.9022105518,62.71
              117.2386871020,1.9021951465,62.388
              117.2386837300,1.9021940161,62.325
              117.2386550682,1.9021863866,62.026
              117.2386545062,1.9021862453,62.019
              117.2386545062,1.9021862453,62.018
              117.2386533822,1.9021859627,62.017
              117.2386505723,1.9021852563,62
              117.2386084228,1.9021750841,61.814
              117.2385887531,1.9021707047,61.801
              117.2385831332,1.9021695745,61.803
              117.2385437939,1.9021616638,62
              117.2385089505,1.9021547419,62.159
              117.2384988347,1.9021524815,62.182
              117.2384881569,1.9021503626,62.231
              117.2384786031,1.9021486676,62.324
              117.2384448837,1.9021423110,62.598
              117.2384179084,1.9021380739,63
              117.2384077926,1.9021365203,63.138
              117.2383909330,1.9021338368,63.37
              117.2383707015,1.9021304469,63.641
              117.2383572138,1.9021283284,63.82
              117.2383510319,1.9021271984,63.888
              117.2383487840,1.9021267746,63.909
              117.2383454120,1.9021260683,63.925
              117.2383409162,1.9021255034,64
              117.2383364203,1.9021249386,64.111
              117.2382768497,1.9021156170,65
              117.2382375109,1.9021109576,65.934
              117.2382352629,1.9021106751,65.986
              117.2382347010,1.9021106752,66
              117.2382330150,1.9021103927,66.048
              117.2381964861,1.9021064397,67
              117.2381919902,1.9021057335,67.067
              117.2381846845,1.9021050277,67.281
              117.2381644522,1.9020961247,68
              117.2381369137,1.9020834060,68.86
              117.2381307315,1.9020804383,69
              117.2381043171,1.9020682849,69.827
              117.2380970109,1.9020646105,70
              117.2380880235,1.9020950045,70
              117.2380880236,1.9020957113,70
              117.2380852157,1.9021101305,70
              117.2380795956,1.9021075868,70.19
              117.2380526191,1.9020952921,71
              117.2380520571,1.9020950095,71.027
              117.2380447510,1.9020917592,71.237
              117.2380183378,1.9020890770,72
              117.2379913627,1.9020863948,72.744
              117.2379806850,1.9020851241,73
              117.2379705693,1.9020839946,73.243
              117.2379419082,1.9020808886,74
              117.2379323545,1.9020799004,74.283
              117.2379205529,1.9020786298,74.59
              117.2379048174,1.9020770770,75
              117.2378677265,1.9020731240,76
              117.2378666025,1.9020729828,76.038
              117.2378379416,1.9020708663,77
              117.2378205201,1.9020690311,77.488
              117.2378059086,1.9020680435,78
              117.2377890492,1.9020667736,78.559
              117.2377738757,1.9020652208,79
              117.2377598261,1.9020633850,79.285
              117.2377491485,1.9020628210,79.679
              117.2377407188,1.9020622568,80
              117.2377440927,1.9020773820,80
              117.2377491534,1.9020988682,80
              117.2377485930,1.9021103186,80
              117.2376794681,1.9020952025,80.052
              117.2376097814,1.9020817828,80.522
              117.2375530193,1.9020622828,80.523
              117.2374973809,1.9020405208,80
              117.2375001903,1.9020367036,80
              117.2375142367,1.9020150734,80
              117.2375204164,1.9020006537,80
              117.2375114243,1.9019965554,79.785
              117.2374990601,1.9019911854,79.546
              117.2374883817,1.9019849670,79
              117.2374771414,1.9019791727,78.543
              117.2374569090,1.9019695629,78
              117.2374355526,1.9019595292,77.402
              117.2374259984,1.9019544415,77
              117.2374097000,1.9019461035,76.419
              117.2373956497,1.9019394614,76.021
              117.2373950877,1.9019388960,76
              117.2373827229,1.9019292852,75.599
              117.2373624897,1.9019137382,75
              117.2373540592,1.9019072367,74.725
              117.2373304538,1.9018888630,74
              117.2373141548,1.9018760014,73.457
              117.2373040382,1.9018682279,73.127
              117.2373012279,1.9018655424,73
              117.2372815567,1.9018498540,72.276
              117.2372742502,1.9018439178,72
              117.2372596372,1.9018316214,71.381
              117.2372483965,1.9018229999,71
              117.2372405280,1.9018166397,70.704
              117.2372337835,1.9018109862,70.441
              117.2372231048,1.9018022233,70
              117.2372231046,1.9018005269,70
              117.2372219792,1.9017897836,70
              117.2372191652,1.9017596740,70
              117.2372197255,1.9017470927,70
              117.2372141051,1.9017424286,69.765
              117.2372067985,1.9017360683,69.406
              117.2371983679,1.9017288601,69
              117.2371949957,1.9017257506,68.864
              117.2371893751,1.9017193901,68.651
              117.2371747614,1.9017022874,68
              117.2371618339,1.9016871635,67.468
              117.2371522787,1.9016752904,67
              117.2371455339,1.9016672338,66.655
              117.2371309202,1.9016495656,66
              117.2371224893,1.9016399542,65.643
              117.2371118100,1.9016270917,65.162
              117.2371084376,1.9016229927,65
              117.2371000066,1.9016126745,64.538
              117.2370910134,1.9016009427,64
              117.2370859547,1.9015944408,63.677
              117.2370758374,1.9015812956,63
              117.2370640338,1.9015654647,62.173
              117.2370612234,1.9015617897,62
              117.2370589752,1.9015596696,61.92
              117.2370432372,1.9015394571,61
              117.2370409889,1.9015367715,60.87
              117.2370381783,1.9015311175,60.674
              117.2370331194,1.9015226365,60.376
              117.2370241257,1.9015076534,60
              117.2370246835,1.9014766951,60
              117.2370252441,1.9014665170,60
              117.2370286121,1.9014385270,60
              117.2370201806,1.9014249575,59.653
              117.2370184943,1.9014218477,59.572
              117.2370100637,1.9014146395,59.244
              117.2370033192,1.9014091273,59
              117.2370033192,1.9014088446,58.989
              117.2369859007,1.9014286376,58.701
              117.2369308353,1.9014881584,56.732
              117.2368611481,1.9014703565,57
              117.2368083215,1.9014630130,58.592
              117.2367785301,1.9014131165,60
              117.2367060306,1.9013780688,62.535
              117.2366329694,1.9013442935,65.439
              117.2365644029,1.9013030254,66.206
              117.2364924639,1.9012566687,66.438
              117.2364452470,1.9011756751,65.417
              117.2364058990,1.9011031620,63.978
              117.2364058990,1.9011031620,63.978
              117.2364025270,1.9011020316,63.986
              117.2363862310,1.9011116464,64.449
              117.2363154302,1.9011696144,66.784
              117.2362491220,1.9012046812,68.128
              117.2361766348,1.9012595394,69.635
              117.2360996495,1.9012982831,70.801
              117.2360445770,1.9013050760,71.142
              117.2359962478,1.9013097476,71.142
              117.2359512864,1.9012843087,69.856
              117.2359186822,1.9012126429,67.054
              117.2358860780,1.9011411184,64.338
              117.2358236918,1.9010891060,60.885
              117.2357972688,1.9010136226,60.126
              117.2357461211,1.9009543991,60.573
              117.2356708106,1.9009107287,62.171
              117.2355904429,1.9008704517,64.02
              117.2356758522,1.9007911362,64.238
              117.2357005709,1.9007313369,64.947
              117.2356977610,1.9007306305,65
              117.2356932650,1.9007290761,65.103
              117.2356814630,1.9007255437,65.344
              117.2356511152,1.9007165007,66
              117.2356342553,1.9007112727,66.332
              117.2356224533,1.9007075989,66.572
              117.2356022214,1.9007013818,67
              117.2355921054,1.9006979905,67.201
              117.2355550135,1.9006862626,67.899
              117.2355505176,1.9006848496,68
              117.2355066817,1.9006711435,68.89
              117.2355016238,1.9006697306,69
              117.2354965658,1.9006681763,69.099
              117.2354797059,1.9006630896,69.455
              117.2354746478,1.9006608285,69.576
              117.2354572255,1.9006527733,70
              117.2354319399,1.9006765255,70
              117.2354246352,1.9006840187,70
              117.2354145194,1.9006816169,70.173
              117.2353785508,1.9006653652,71
              117.2353493264,1.9006519399,71.644
              117.2353397722,1.9006475590,71.854
              117.2353319041,1.9006440261,72
              117.2353257220,1.9006410583,72.122
              117.2353212257,1.9006375249,72.227
              117.2352908759,1.9006137803,73
              117.2352801973,1.9006054414,73.278
              117.2352655844,1.9005939932,73.656
              117.2352453510,1.9005770326,74
              117.2352172493,1.9005544186,74.622
              117.2352003882,1.9005404261,75
              117.2351919577,1.9005337832,75.21
              117.2351739717,1.9005130056,75.779
              117.2351621682,1.9004978815,76
              117.2351593577,1.9004937824,76
              117.2351531748,1.9004847361,76
              117.2351469920,1.9004765380,76
              117.2351458677,1.9004744177,76
              117.2351379985,1.9004625444,75.862
              117.2351374365,1.9004622618,75.859
              117.2351059592,1.9004120828,75.124
              117.2351025861,1.9004030361,75
              117.2351020240,1.9004024707,74.988
              117.2350997752,1.9003954029,74.841
              117.2350935912,1.9003782990,74.461
              117.2350902181,1.9003691110,74.157
              117.2350890935,1.9003643049,74
              117.2350817846,1.9003402744,73.157
              117.2350806600,1.9003360337,73
              117.2350306352,1.9002681870,70
              117.2350930143,1.9002681785,70
              117.2350744638,1.9002287412,69
              117.2350649088,1.9002177163,68.553
              117.2350542295,1.9002044298,68
              117.2350401778,1.9001869029,67.248
              117.2350345572,1.9001805424,67
              117.2350227537,1.9001658424,66.35
              117.2350154469,1.9001573617,66
              117.2350042054,1.9001426616,65.323
              117.2349980227,1.9001353117,65
              117.2349918400,1.9001276790,64.662
              117.2349879055,1.9001225905,64.443
              117.2349777884,1.9001110003,63.935
              117.2349727299,1.9001054879,63.738
              117.2349614888,1.9000936150,63.311
              117.2349558682,1.9000873959,63.085
              117.2349524959,1.9000840037,63
              117.2349423790,1.9000734029,62.652
              117.2349036004,1.9000563035,62.382
              117.2347074606,1.8999751888,62.048
              117.2347040886,1.8999737756,62.043
              117.2346973445,1.8999710907,62.028
              117.2346945345,1.8999698188,62
              117.2346568799,1.8999528606,61.668
              117.2346484498,1.8999489036,61.521
              117.2346506969,1.8999429661,60
              117.2346675504,1.8999009795,60
              117.2346832804,1.8998618202,50
              117.2347844017,1.8996101828,50
              117.2348001317,1.8995710235,40
              117.2345095754,1.8994530263,47.826
              117.2345264322,1.8994353539,47.606
              117.2345354231,1.8994305463,47.669
              117.2345590243,1.8994176792,46.741
              117.2345826255,1.8994046707,45.924
              117.2346062266,1.8993918036,45.576
              117.2346298278,1.8993787951,45.326
              117.2346539909,1.8993657866,45.302
              117.2346624196,1.8993592828,45.259
              117.2346837724,1.8993431647,45.332
              117.2347056872,1.8993269051,45.406
              117.2347270400,1.8993106456,45.479
              117.2347489548,1.8992943860,45.83
              117.2347635618,1.8992628604,46.203
              117.2347669306,1.8992402421,46.699
              117.2347714228,1.8992135242,47.055
              117.2347753552,1.8992027801,47.286
              117.2347843433,1.8991773338,47.552
              117.2348017612,1.8991530173,47.73
              117.2348203033,1.8991306796,47.858
              117.2348247973,1.8991172497,47.981
              117.2348084797,1.8989659951,49.264
              117.2348056673,1.8989477598,49.823
              117.2348017299,1.8989209017,50.458
              117.2347977925,1.8988940435,50.951
              117.2348129623,1.8988688791,51.303
              117.2348022815,1.8988444250,50.533
              117.2347910387,1.8988196883,49.895
              117.2347803579,1.8987949515,50.353
              117.2347691151,1.8987702147,52.422
              117.2347578723,1.8987454780,54.473
              117.2347471914,1.8987205998,55.283
              117.2347359486,1.8986958631,55.932
              117.2347247058,1.8986711264,56.727
              117.2347140250,1.8986463896,57.636
              117.2347027822,1.8986216528,58.003
              117.2347252594,1.8986086445,58.003
              117.2347477366,1.8985957775,58.003
              117.2347702138,1.8985829106,58.003
              117.2347910046,1.8985663684,58.104
              117.2348039260,1.8985368221,58.582
              117.2348286516,1.8985277716,58.468
              117.2348303373,1.8985264991,58.468
              117.2348556255,1.8985219721,58.246
              117.2348826001,1.8985206961,57.928
              117.2349106989,1.8985218232,57.544
              117.2349281199,1.8985208313,57.572
              117.2349444140,1.8984973630,57.856
              117.2349612702,1.8984750256,58.101
              117.2349781263,1.8984525468,58.353
              117.2349955446,1.8984307748,58.577
              117.2349977920,1.8984273818,58.613
              117.2350101523,1.8984040554,58.919
              117.2350191399,1.8983746510,59.408
              117.2350309380,1.8983503352,59.749
              117.2350500434,1.8983373273,59.749
              117.2350674623,1.8983207857,59.841
              117.2350815089,1.8983007104,60.044
              117.2350983657,1.8982828966,60.162
              117.2351096030,1.8982667798,59.686
              117.2351253353,1.8982447253,60.239
              117.2351405056,1.8982226708,60.8
              117.2351534275,1.8981973653,61.145
              117.2351601666,1.8981630135,61.763
              117.2351714024,1.8981357292,62.172
              117.2351669048,1.8981227246,62.145
              117.2351584717,1.8980969979,62.857
              117.2351494767,1.8980712714,63.874
              117.2351410436,1.8980455447,64.457
              117.2351421674,1.8980439896,64.445
              117.2351595857,1.8980230657,65.152
              117.2351770041,1.8980022832,65.85
              117.2351944224,1.8979815006,66.422
              117.2352118408,1.8979607181,67.109
              117.2352292591,1.8979399356,67.356
              117.2352461155,1.8979191531,67.602
              117.2352635339,1.8978983706,67.622
              117.2352809523,1.8978775881,67.518
              117.2352983706,1.8978568056,67.4
              117.2353157890,1.8978358817,67.292
              117.2353332073,1.8978150991,67.101
              117.2353365788,1.8978124128,67.101
              117.2353584936,1.8977964360,67.051
              117.2353804084,1.8977806005,67.156
              117.2354023232,1.8977646236,67.582
              117.2354236760,1.8977486468,67.789
              117.2354455908,1.8977326700,67.846
              117.2354680685,1.8977233371,67.846
              117.2354888594,1.8977082085,68.003
              117.2355113371,1.8976988756,68.003
              117.2355321282,1.8976850193,68.123
              117.2355512330,1.8976683360,68.323
              117.2355703375,1.8976488255,68.484
              117.2355782040,1.8976407668,68.556
              117.2355984326,1.8976225284,68.729
              117.2356220338,1.8976106508,68.729
              117.2356439487,1.8975953808,68.817
              117.2356624908,1.8975731845,69.104
              117.2356804708,1.8975498574,69.42
              117.2357046342,1.8975393933,69.378
              117.2357254249,1.8975221444,69.521
              117.2357546474,1.8975215749,69.203
              117.2357793728,1.8975111108,69.161
              117.2357962315,1.8975072917,69.03
              117.2358147752,1.8974971111,69.03
              117.2358243280,1.8974913140,69.03
              117.2358462429,1.8974760439,69.095
              117.2358692820,1.8974628942,69.095
              117.2359013149,1.8974664238,68.626
              117.2359266025,1.8974573732,68.51
              117.2359434584,1.8974330567,68.832
              117.2359440171,1.8974088838,69.476
              117.2359445754,1.8973817423,69.925
              117.2359591828,1.8973536094,70.355
              117.2359619911,1.8973420173,70.818
              117.2359681693,1.8973155819,71.069
              117.2359878356,1.8972957886,71.258
              117.2360159338,1.8972925334,70.978
              117.2360451562,1.8972906917,70.661
              117.2360676332,1.8972769765,70.68
              117.2360816785,1.8972471473,71.158
              117.2360934755,1.8972146326,71.714
              117.2361086451,1.8971872064,72.122
              117.2361311221,1.8971730671,72.155
              117.2361558476,1.8971633098,72.058
              117.2361777626,1.8971490293,72.092
              117.2361968677,1.8971346078,72.166
              117.2362165342,1.8971155213,72.325
              117.2362418216,1.8971054811,72.227
              117.2362575533,1.8970793271,72.586
              117.2362839650,1.8970718313,72.412
              117.2362968861,1.8970404473,72.921
              117.2363148662,1.8970182510,73.166
              117.2363266647,1.8969967625,73.453
              117.2363401482,1.8969680642,73.882
              117.2363536317,1.8969395073,74.305
              117.2363676772,1.8969116572,74.71
              117.2363783502,1.8968785771,75.269
              117.2363805966,1.8968672679,75.423
              117.2363862127,1.8968406912,75.962
              117.2363878964,1.8968245757,76.2
              117.2363907026,1.8967975753,76.814
              117.2363918240,1.8967787741,77.073
              117.2363935062,1.8967516324,77.749
              117.2363940655,1.8967314176,78.122
              117.2363957477,1.8967042760,78.72
              117.2363951852,1.8967001766,78.761
              117.2363929336,1.8966731768,79.296
              117.2363906821,1.8966461771,80.012
              117.2363878698,1.8966286487,80.323
              117.2363828084,1.8966019320,80.993
              117.2363777471,1.8965752154,81.678
              117.2363715624,1.8965537293,82.195
              117.2363636913,1.8965278612,82.776
              117.2363558202,1.8965018518,83.377
              117.2363479490,1.8964758424,84.17
              117.2363451370,1.8964598689,84.618
              117.2363406376,1.8964330108,85.28
              117.2363361382,1.8964062941,85.796
              117.2363378218,1.8963893305,86.163
              117.2363400660,1.8963623301,86.671
              117.2363518632,1.8963313704,87.161
              117.2363687192,1.8963079020,87.427
              117.2363962550,1.8963016783,87.19
              117.2364277255,1.8963015327,86.772
              117.2364575096,1.8962987013,86.433
              117.2364827971,1.8962888025,86.302
              117.2365075225,1.8962784798,86.18
              117.2365249405,1.8962557182,86.43
              117.2365406724,1.8962308364,86.738
              117.2365564042,1.8962059546,87.05
              117.2365743844,1.8961843238,87.262
              117.2365929267,1.8961635411,87.453
              117.2366114690,1.8961430411,87.633
              117.2366305734,1.8961233893,87.791
              117.2366496778,1.8961037374,87.949
              117.2366721547,1.8960893154,87.949
              117.2366946317,1.8960748935,87.949
              117.2367171086,1.8960606129,87.949
              117.2367362131,1.8960412437,88.097
              117.2367586900,1.8960268217,88.097
              117.2367811670,1.8960125411,88.097
              117.2368002713,1.8959920411,88.277
              117.2368188136,1.8959716825,88.452
              117.2368367938,1.8959503344,88.661
              117.2368592707,1.8959359124,88.661
              117.2368750026,1.8959110307,88.974
              117.2368901723,1.8958847353,89.322
              117.2369053420,1.8958590054,89.656
              117.2369199496,1.8958318620,90.035
              117.2369424266,1.8958175814,90.035
              117.2369649035,1.8958031594,90.035
              117.2369733306,1.8957844986,90.012
              117.2369851287,1.8957600414,90.547
              117.2369963648,1.8957354430,91.081
              117.2370081629,1.8957109858,91.42
              117.2370182739,1.8956784712,91.976
              117.2370396268,1.8956633426,91.976
              117.2370581702,1.8956504762,91.99
              117.2370750285,1.8956442539,92
              117.2371003160,1.8956349206,91.876
              117.2371256035,1.8956254459,91.605
              117.2371531392,1.8956187981,91.381
              117.2371812371,1.8956137052,91.112
              117.2372104592,1.8956100258,90.796
              117.2372391192,1.8956056397,90.505
              117.2372728379,1.8956087450,89.993
              117.2372953149,1.8955944643,89.993
              117.2373234128,1.8955890887,89.729
              117.2373324046,1.8955907838,89.662
              117.2373593799,1.8955957278,89.113
              117.2373919745,1.8955974196,88.639
              117.2374234450,1.8955975566,88.22
              117.2374318761,1.8956082989,88.217
              117.2374487381,1.8956293595,88.326
              117.2374656001,1.8956504200,88
              117.2374830242,1.8956716218,88
              117.2374998862,1.8956926824,86.658
              117.2375167483,1.8957137429,85.186
              117.2375336103,1.8957348035,83.877
              117.2375504724,1.8957560054,83.238
              117.2375678964,1.8957770658,82.519
              117.2376010532,1.8957803126,82.004
              117.2376235301,1.8957658906,82.004
              117.2376454450,1.8957506205,82.004
              117.2376628645,1.8957387437,82.004
              117.2376819691,1.8957209295,82.064
              117.2376864636,1.8957114577,82.176
              117.2376864634,1.8957100441,82.155
              117.2376819640,1.8956833274,82.749
              117.2376774645,1.8956564693,83.397
              117.2376724042,1.8956375276,83.84
              117.2376903847,1.8956180172,83.944
              117.2376915087,1.8956187239,84
              117.2377139896,1.8956335637,83.593
              117.2377370325,1.8956485449,82.666
              117.2377595135,1.8956633847,81.995
              117.2377752469,1.8956502359,81.995
              117.2377965995,1.8956331282,81.995
              117.2378173902,1.8956163033,81.995
              117.2378387428,1.8955993370,81.995
              117.2378595335,1.8955825121,81.995
              117.2378853827,1.8955716237,81.798
              117.2379196630,1.8955716190,81.262
              117.2379303407,1.8955726070,81.188
              117.2379567537,1.8955752892,80.611
              117.2379927201,1.8955765565,80.028
              117.2380135108,1.8955597316,80.028
              117.2380348634,1.8955427653,80.028
              117.2380556541,1.8955259404,80.028
              117.2380764448,1.8955089742,80.028
              117.2380977974,1.8954920078,80.028
              117.2381185881,1.8954751829,80.028
              117.2381399407,1.8954582166,80.028
              117.2381360034,1.8954326307,80.653
              117.2381320659,1.8954057726,81.162
              117.2381320635,1.8953879610,81.602
              117.2381314978,1.8953608197,82.049
              117.2381522885,1.8953439948,82.049
              117.2381607136,1.8953114805,82.545
              117.2381691410,1.8952952227,82.791
              117.2381820631,1.8952713309,82.99
              117.2381944232,1.8952472977,83.282
              117.2382067830,1.8952214268,83.599
              117.2382202670,1.8951966867,83.884
              117.2382326269,1.8951710986,84.193
              117.2382416143,1.8951411287,84.647
              117.2382584707,1.8951207703,84.79
              117.2382781376,1.8951052178,84.79
              117.2384725797,1.8951032118,80.945
              117.2384781998,1.8951061796,80.805
              117.2385023663,1.8951183334,80.155
              117.2385265328,1.8951304871,79.567
              117.2385349630,1.8951350095,79.365
              117.2385591295,1.8951477287,78.784
              117.2385827341,1.8951603066,78.109
              117.2386057762,1.8951694919,77.556
              117.2386305043,1.8951795252,76.992
              117.2386496123,1.8951861665,76.548
              117.2386754642,1.8951949273,75.996
              117.2386945729,1.8952069404,75.469
              117.2387176158,1.8952213561,74.84
              117.2387400966,1.8952356305,74.191
              117.2387485268,1.8952398702,73.983
              117.2387721313,1.8952524481,73.36
              117.2387962978,1.8952650259,72.75
              117.2388142814,1.8952679920,72.338
              117.2388412566,1.8952723704,71.807
              117.2388676699,1.8952766076,71.43
              117.2389002643,1.8952764617,70.945
              117.2389103800,1.8952781567,70.915
              117.2389373553,1.8952826765,70.263
              117.2389643290,1.8952757460,69.989
              117.2389851198,1.8952600520,69.989
              117.2390165901,1.8952587754,69.539
              117.2390312019,1.8952627315,69.335
              117.2390576156,1.8952697959,68.705
              117.2390688553,1.8952719148,68.514
              117.2390952687,1.8952770001,67.994
              117.2391160595,1.8952611647,67.994
              117.2391419090,1.8952525381,67.774
              117.2391745034,1.8952526749,67.283
              117.2392048496,1.8952502676,66.87
              117.2392177748,1.8952492762,66.699
              117.2392441872,1.8952472935,66.34
              117.2392498074,1.8952504027,66.368
              117.2392734120,1.8952635460,65.646
              117.2392975786,1.8952766893,64.969
              117.2393189349,1.8952864403,64.419
              117.2393436632,1.8952974630,63.862
              117.2393588371,1.8953022672,63.529
              117.2393846890,1.8953104626,62.996
              117.2394037970,1.8953178107,62.517
              117.2394285252,1.8953277026,61.997
              117.2394751717,1.8953484762,62
              117.2394858500,1.8953548360,62
              117.2395088928,1.8953685449,61.222
              117.2395324975,1.8953822536,60.477
              117.2395386797,1.8953857868,60.146
              117.2395622843,1.8953985061,59.669
              117.2395864508,1.8954113666,59.099
              117.2396145486,1.8954048601,58.816
              117.2396302844,1.8954096642,58.718
              117.2396561362,1.8954174355,57.948
              117.2396623185,1.8954216754,57.809
              117.2396836757,1.8954377877,57.091
              117.2397055948,1.8954538998,56.065
              117.2397269520,1.8954700121,55.846
              117.2397460599,1.8954766534,55.539
              117.2397713499,1.8954855556,54.882
              117.2397882098,1.8954909250,54.572
              117.2398140616,1.8954989790,53.986
              117.2398354144,1.8954832849,53.986
              117.2398567672,1.8954675908,53.986
              117.2398562025,1.8954479417,54.387
              117.2398556368,1.8954208003,54.942
              117.2398550721,1.8954010098,55.383
              117.2398545064,1.8953738685,55.901
              117.2398415778,1.8953502629,56.333
              117.2398292111,1.8953263746,56.911
              117.2398162825,1.8953023449,57.34
              117.2398039158,1.8952784565,58.237
              117.2397909871,1.8952544269,58.87
              117.2397786205,1.8952305385,59.829
              117.2397656918,1.8952065089,60.565
              117.2397583834,1.8951867193,61.098
              117.2397482645,1.8951614170,61.872
              117.2397387074,1.8951359732,62.401
              117.2397291504,1.8951106709,63.03
              117.2397280235,1.8950891841,63.516
              117.2397268959,1.8950621842,64.041
              117.2397274558,1.8950473412,64.308
              117.2397291380,1.8950201995,64.847
              117.2397291356,1.8950030948,65.064
              117.2397296939,1.8949759533,65.727
              117.2397285691,1.8949697336,65.783
              117.2397240696,1.8949430169,66.427
              117.2397195702,1.8949163002,67.075
              117.2397060799,1.8948946737,67.545
              117.2396920274,1.8948714924,68.035
              117.2396779749,1.8948484524,68.658
              117.2396639224,1.8948252711,69.355
              117.2396498699,1.8948020898,70.145
              117.2396358174,1.8947789085,71.133
              117.2396217650,1.8947557271,72.302
              117.2396077125,1.8947325458,73.263
              117.2395936600,1.8947093645,73.898
              117.2395796075,1.8946861832,74.465
              117.2395655550,1.8946630018,74.902
              117.2395515025,1.8946398205,75.095
              117.2395509403,1.8946378415,75.209
              117.2395430691,1.8946119735,75.933
              117.2395346360,1.8945859641,76.448
              117.2395267648,1.8945600961,77.065
              117.2395222675,1.8945485050,77.319
              117.2395132724,1.8945229199,77.92
              117.2395042773,1.8944973347,78.603
              117.2394952823,1.8944718909,79.298
              117.2394885355,1.8944488499,79.883
              117.2394812262,1.8944228404,80.613
              117.2394733551,1.8943966896,81.127
              117.2394716659,1.8943730825,81.82
              117.2394694143,1.8943459414,82.203
              117.2394705364,1.8943323705,82.492
              117.2394727805,1.8943052288,82.97
              117.2394744652,1.8942958987,83.234
              117.2394795193,1.8942693221,83.595
              117.2394918787,1.8942409067,83.984
              117.2395092970,1.8942199828,84.146
              117.2395233438,1.8942017452,84.293
              117.2395424482,1.8941828001,84.386
              117.2395638009,1.8941668233,84.386
              117.2395851537,1.8941507051,84.386
              117.2396059444,1.8941347283,84.386
              117.2396272972,1.8941187515,84.386
              117.2396486499,1.8941027747,84.386
              117.2396671923,1.8940834056,84.489
              117.2396857347,1.8940637538,84.606
              117.2397037149,1.8940428298,84.758
              117.2397200090,1.8940202097,84.962
              117.2397351789,1.8939961761,85.213
              117.2397497867,1.8939710117,85.498
              117.2397632704,1.8939445753,85.817
              117.2397767541,1.8939181388,86.143
              117.2397902378,1.8938922678,86.451
              117.2398048456,1.8938671034,86.734
              117.2398188914,1.8938412323,87.035
              117.2398273187,1.8938246918,87.234
              117.2398408025,1.8937993862,87.519
              117.2398554104,1.8937747873,87.788
              117.2398683321,1.8937482095,88.111
              117.2398823780,1.8937236107,88.377
              117.2398981100,1.8937005666,88.596
              117.2399132800,1.8936766744,88.836
              117.2399239534,1.8936475524,89.244
              117.2399335027,1.8936165929,89.711
              117.2399413658,1.8935839373,90.227
              117.2399509151,1.8935529778,90.699
              117.2399593402,1.8935206049,91.203
              117.2399683273,1.8934885146,91.704
              117.2399778766,1.8934576964,92.16
              117.2399806853,1.8934490730,92.273
              117.2399913587,1.8934198097,92.681
              117.2400054046,1.8933952108,92.94
              117.2400216988,1.8933734389,93.112
              117.2400402412,1.8933543525,93.194
              117.2400615941,1.8933390825,93.062
              117.2400863202,1.8933348382,92.732
              117.2401132939,1.8933281905,92.4
              117.2401267812,1.8933280472,92.357
              117.2401537558,1.8933274780,92.082
              117.2401807304,1.8933270502,91.888
              117.2402077049,1.8933266223,91.692
              117.2402346795,1.8933260531,91.36
              117.2402616541,1.8933256253,90.865
              117.2402886286,1.8933251974,90.37
              117.2403156032,1.8933246282,89.884
              117.2403425778,1.8933242004,89.394
              117.2403695523,1.8933237725,88.793
              117.2403965269,1.8933232033,88.191
              117.2404235015,1.8933227755,87.623
              117.2404482283,1.8933234788,87.236
              117.2404499142,1.8933233372,87.21
              117.2404763263,1.8933193754,86.674
              117.2405033004,1.8933154136,86.227
              117.2405297125,1.8933114517,85.912
              117.2405566866,1.8933074899,85.709
              117.2405830987,1.8933035281,85.506
              117.2406100728,1.8932995662,85.303
              117.2406364849,1.8932956044,85.1
              117.2406612110,1.8932907946,84.856
              117.2406836889,1.8932838648,84.69
              117.2407072909,1.8932777829,84.491
              117.2407219013,1.8932719851,84.407
              117.2407466267,1.8932618036,84.209
              117.2407719140,1.8932517634,84.093
              117.2407966393,1.8932415819,83.971
              117.2408219267,1.8932315417,83.86
              117.2408472140,1.8932215015,83.821
              117.2408691294,1.8932110377,83.76
              117.2408904829,1.8932005740,83.704
              117.2409140845,1.8931920890,83.583
              117.2409376862,1.8931838867,83.461
              117.2409562301,1.8931752611,83.277
              117.2409809552,1.8931639487,83.021
              117.2410051185,1.8931527778,82.6
              117.2410298436,1.8931414654,82.437
              117.2410545688,1.8931302944,82.5
              117.2410787321,1.8931189821,82.526
              117.2411034573,1.8931078111,82.552
              117.2411281824,1.8930964987,82.819
              117.2411529076,1.8930853277,83.007
              117.2411770708,1.8930740154,83.248
              117.2412017960,1.8930628444,83.059
              117.2412169683,1.8930556328,83.059
              117.2412349510,1.8930533685,83.078
              117.2412619252,1.8930499721,82.786
              117.2412883374,1.8930465757,82.649
              117.2413153115,1.8930431792,82.48
              117.2413417237,1.8930397829,82.183
              117.2413686979,1.8930363864,82.015
              117.2413979205,1.8930373718,81.716
              117.2414316404,1.8930488174,81.141
              117.2414344506,1.8930512202,81.126
              117.2414546839,1.8930686048,80.621
              117.2414754793,1.8930859893,79.87
              117.2414822242,1.8930951769,79.697
              117.2414974005,1.8931175099,79.041
              117.2415131388,1.8931397014,78.333
              117.2415283151,1.8931618930,77.664
              117.2415440534,1.8931842259,76.97
              117.2415603531,1.8932027420,76.344
              117.2415783390,1.8932229542,75.699
              117.2415963249,1.8932431663,75.119
              117.2416019433,1.8932338357,74.995
              117.2416098128,1.8932475467,74.777
              117.2416238653,1.8932707280,74.404
              117.2416384798,1.8932937678,73.941
              117.2416525323,1.8933169491,73.195
              117.2416665848,1.8933401305,72.433
              117.2416806373,1.8933633118,71.675
              117.2416946897,1.8933863517,70.965
              117.2417087422,1.8934095330,70.256
              117.2417227947,1.8934327143,69.667
              117.2417368472,1.8934558956,69.278
              117.2417508997,1.8934789356,68.814
              117.2417649522,1.8935021169,68.317
              117.2417790047,1.8935252982,67.742
              117.2417930572,1.8935484795,67.026
              117.2418071097,1.8935715195,66.312
              117.2418211622,1.8935947008,65.577
              117.2418352147,1.8936178821,64.73
              117.2418498291,1.8936409219,64
              117.2418638816,1.8936641032,62.346
              117.2418779341,1.8936872846,61.451
              117.2418919867,1.8937104659,60.799
              117.2419060391,1.8937335058,60.449
              117.2419375102,1.8937383077,59.962
              117.2419594254,1.8937260062,59.962
              117.2419599873,1.8937257234,59.969
              117.2419616734,1.8937268540,60
              117.2419847163,1.8937414110,59.786
              117.2420071971,1.8937559681,58.731
              117.2420212472,1.8937614792,58.497
              117.2420465373,1.8937713709,57.92
              117.2420690143,1.8937582212,57.927
              117.2420920533,1.8937450713,57.934
              117.2421145304,1.8937319216,57.941
              117.2421375694,1.8937187717,57.948
              117.2421600464,1.8937056219,57.955
              117.2421825234,1.8936924721,57.962
              117.2422055625,1.8936793223,57.969
              117.2422280395,1.8936661725,57.976
              117.2422420920,1.8936892125,57.38
              117.2422600780,1.8937101314,57.034
              117.2422752543,1.8937321817,56.544
              117.2422938022,1.8937526765,56.255
              117.2423117881,1.8937731714,55.954
              117.2423331456,1.8937915454,55.914
              117.2423528173,1.8938110505,55.744
              117.2423713652,1.8938314039,55.478
              117.2423876654,1.8938531713,55.014
              117.2424028417,1.8938753629,54.516
              117.2424168942,1.8938984028,53.919
              117.2424388136,1.8939166354,53.909
              117.2424612950,1.8939345851,53.908
              117.2424832144,1.8939526763,53.908
              117.2425017622,1.8939727470,53.663
              117.2425197482,1.8939936660,53.325
              117.2425382961,1.8940140194,53.055
              117.2425562821,1.8940345143,52.762
              117.2425742680,1.8940551505,52.45
              117.2425922540,1.8940757868,52.134
              117.2426113638,1.8940954333,51.938
              117.2426332832,1.8941136659,51.912
              117.2426557645,1.8941314742,51.944
              117.2426518355,1.8941656843,50
              117.2426731930,1.8941843410,49.92
              117.2426951125,1.8942025735,49.909
              117.2427091649,1.8942254721,49.313
              117.2426945569,1.8942483747,47.056
              117.2426799488,1.8942711360,45.355
              117.2426754540,1.8942784874,45.09
              117.2426726488,1.8943119904,43.214
              117.2426838917,1.8943367271,42.404
              117.2427007538,1.8943580703,42.003
              117.2427164921,1.8943801205,41.521
              117.2427311064,1.8944023122,40.984
              117.2427434731,1.8944260592,40.324
              117.2427547160,1.8944505131,39.581
              117.2427631492,1.8944768051,38.629
              117.2427693348,1.8945045111,37.493
              117.2427732726,1.8945334897,36.211
              117.2427794578,1.8945585098,35.218
              117.2428098019,1.8945418248,33.85
              117.2432110196,1.8943252025,45.014
              117.2432863172,1.8942782599,45.149
              117.2433481245,1.8942094081,46.589
              117.2434127422,1.8941447968,47.78
              117.2434773615,1.8940910703,48.559
              117.2435324277,1.8940408792,49.41
              117.2435897421,1.8939933737,50.103
              117.2436532399,1.8939576003,50.103
              117.2437071818,1.8939048648,51.113
              117.2437886582,1.8938371411,52.295
              117.2438594623,1.8938063143,52.06
              117.2439308287,1.8937774665,51.714
              117.2440010707,1.8937457916,51.53
              117.2440246721,1.8937358929,51.436
              117.2440611985,1.8937233066,51.252
              117.2441359340,1.8936755159,51.346
              117.2442123557,1.8936298453,51.298
              117.2442910259,1.8935878498,51.023
              117.2443770029,1.8935547590,50.164
              117.2444657904,1.8935263328,49.014
              117.2445523295,1.8934945142,48.083
              117.2446231305,1.8934416350,48.499
              117.2446838139,1.8933743383,49.843
              117.2447546149,1.8933214591,50.26
              117.2448186754,1.8932911986,49.957
              117.2448838622,1.8932779014,49.721
              117.2449737724,1.8932411346,47.541
              117.2450636826,1.8932040852,45.387
              117.2451125710,1.8931816017,44.492
              117.2451946135,1.8931442707,41.9
              117.2452317017,1.8931301292,41.179
              117.2453159929,1.8930981696,39.954
              117.2453822988,1.8930505213,39.954
              117.2454486047,1.8930028731,39.955
              117.2455149106,1.8929552248,39.959
              117.2455806544,1.8929068699,40
              117.2456761719,1.8927818928,37.258
              117.2458132844,1.8927219360,37.279
              117.2460599871,1.8927039479,35.993
              117.2465623653,1.8925341011,34.433
              117.2466680024,1.8924388084,35.38
              117.2467949952,1.8923495911,36.408
              117.2470456115,1.8921889687,36.4
              117.2472681365,1.8920798058,35.946
              117.2474164781,1.8919483184,36.919
              117.2474507492,1.8918834286,37.424
              117.2475552139,1.8914471723,44.892
              117.2477035330,1.8911569361,48.731
              117.2478080371,1.8909995858,49.585
              117.2479693091,1.8909040024,50.862
              117.2482890557,1.8908016107,49.265
              117.2484025735,1.8907998981,49.449
              117.2486672651,1.8908254464,47.8
              117.2490949415,1.8909442696,41.06
              117.2495338478,1.8909965099,37.797
              117.2496580363,1.8909480050,35.697
              117.2497833713,1.8910572592,35.562
              117.2499036382,1.8910934303,34.814
              117.2501621635,1.8912257071,32.313
              117.2502970377,1.8912347347,31.317
              117.2503509835,1.8912115436,31.289
              117.2503683970,1.8911588133,32.097
              117.2503621817,1.8909238715,35.433
              117.2504233712,1.8904683963,44.551
              117.2504733620,1.8902970591,46.801
              117.2505402125,1.8901301016,48.113
              117.2506671564,1.8897023237,53.589
              117.2508087252,1.8893705280,55.816
              117.2508980553,1.8892093630,55.946
              117.2509086802,1.8888436596,65.184
              117.2509266443,1.8887113427,67.243
              117.2510126171,1.8886520998,67.623
              117.2511705338,1.8886746947,65.451
              117.2513756788,1.8888564556,62.286
              117.2514734686,1.8889057765,60.805
              117.2515886772,1.8889395451,59.109
              117.2517139932,1.8889173331,58.994
              117.2519207866,1.8888377165,59.885
              117.2519691109,1.8888023691,60.395
              117.2520775513,1.8886656569,62.026
              117.2521432942,1.8886134849,62.807
              117.2523186304,1.8886250510,62.18
              117.2524495793,1.8886944403,63.006
              117.2525012957,1.8888003124,61.257
              117.2525215599,1.8890310111,57.558
              117.2524294464,1.8893739672,51.946
              117.2524244848,1.8900392145,40.979
              117.2523334452,1.8900359765,42.27
              117.2522873711,1.8900874388,41.418
              117.2524497759,1.8900567396,40.32
              117.2525464433,1.8901155318,39.106
              117.2525206028,1.8901860749,40
              117.2525239750,1.8901884775,40
              117.2525537653,1.8902293266,40
              117.2525408494,1.8902944961,41.988
              117.2525290597,1.8903747911,45.246
              117.2525195179,1.8904559339,49.067
              117.2525178345,1.8904734629,50
              117.2525560524,1.8905004573,50
              117.2525504400,1.8905507828,52.515
              117.2525313442,1.8906288171,54
              117.2525010052,1.8906794289,52.972
              117.2524998846,1.8907026123,52.28
              117.2524813461,1.8907478506,51.388
              117.2524791037,1.8907860185,50.761
              117.2524768634,1.8908378985,50
              117.2524768634,1.8908378985,50
              117.2524543839,1.8908335196,50
              117.2524319060,1.8908400255,50
              117.2524285396,1.8908769213,49.062
              117.2524066304,1.8909297936,48.148
              117.2523903401,1.8909775762,47.96
              117.2523555094,1.8910570263,45.958
              117.2523240507,1.8911374655,44.843
              117.2522880961,1.8912166332,42.643
              117.2522538273,1.8912960832,40.688
              117.2522307955,1.8913582856,40
              117.2522302336,1.8913582857,40
              117.2522223661,1.8913589936,40
              117.2522105638,1.8913523514,40
              117.2521965144,1.8913519294,40
              117.2521858366,1.8913489623,40
              117.2521835898,1.8913563135,40
              117.2521678606,1.8913980173,39.56
              117.2521543792,1.8914385900,39.558
              117.2521425839,1.8914807174,39.196
              117.2521296648,1.8915241173,38.599
              117.2521144978,1.8915670933,37.462
              117.2520987688,1.8916099281,36.234
              117.2521145115,1.8916616641,34
              117.2520954085,1.8916897978,32
              117.2520768689,1.8917268372,30
              117.2520550483,1.8923937832,30
              117.2520331370,1.8924323781,32
              117.2520393253,1.8924784610,33.685
              117.2520595633,1.8925273690,36.934
              117.2520708096,1.8925745821,39.208
              117.2520747458,1.8925915449,40
              117.2520758699,1.8925922515,40
              117.2520775557,1.8925919685,40
              117.2520938524,1.8925884321,40
              117.2521073400,1.8925908333,40
              117.2521112738,1.8925905500,40
              117.2521315112,1.8926352172,42.422
              117.2521309556,1.8926791807,42.525
              117.2521202844,1.8927228629,41.495
              117.2521219767,1.8927668260,41.846
              117.2521169253,1.8928106488,41.478
              117.2521382866,1.8928554572,43.999
              117.2521534663,1.8928999838,45.853
              117.2521714558,1.8929445100,48.019
              117.2521748340,1.8929886143,48.555
              117.2521832700,1.8930330005,49.63
              117.2521815904,1.8930769641,49.63
              117.2521838454,1.8931264403,50
              117.2521877782,1.8931196544,50
              117.2522040713,1.8930910970,50
              117.2522001365,1.8930841709,50
              117.2521933882,1.8930522242,50
              117.2522209190,1.8930122149,50
              117.2522411463,1.8929870496,50
              117.2522400214,1.8929799817,50
              117.2522433916,1.8929689550,50
              117.2522473253,1.8929686717,50
              117.2522473253,1.8929685304,50
              117.2522501412,1.8930103729,51.475
              117.2522597010,1.8930536281,53.659
              117.2522625168,1.8930951879,55.098
              117.2522653327,1.8931368891,56.545
              117.2522720826,1.8931795792,58.432
              117.2522743364,1.8932209978,59.783
              117.2522754663,1.8932622751,61.072
              117.2522737863,1.8933028461,62
              117.2522681682,1.8933141558,62
              117.2522490656,1.8933445513,60.797
              117.2522389552,1.8933798931,60.697
              117.2522305307,1.8934145279,60.691
              117.2522327817,1.8934361558,60.696
              117.2522333483,1.8934682448,60.697
              117.2522327909,1.8935000512,60.583
              117.2522327955,1.8935318575,60.482
              117.2522260574,1.8935701674,59.657
              117.2522181953,1.8936083361,58.714
              117.2522148290,1.8936466455,58.226
              117.2522153965,1.8936846716,58.226
              117.2521805599,1.8937235511,54.28
              117.2521603345,1.8937620044,51.943
              117.2521845067,1.8938135977,54.166
              117.2521963113,1.8938353656,54.211
              117.2521845155,1.8938739590,51.801
              117.2521783371,1.8938968604,50
              117.2521670968,1.8938909249,50
              117.2521631627,1.8938888051,50
              117.2521586670,1.8938892298,50
              117.2521479876,1.8938759434,50
              117.2521474250,1.8938717027,50
              117.2521418056,1.8938733998,50
              117.2521373106,1.8938790549,50
              117.2521170794,1.8938776443,50
              117.2521092144,1.8938950329,50
              117.2521075285,1.8938955986,50
              117.2520929152,1.8938814646,50
              117.2520788650,1.8938748226,50
              117.2520642558,1.8938889609,50
              117.2520507721,1.8939137011,50
              117.2520356015,1.8939323630,50
              117.2520361638,1.8939342006,50
              117.2520254871,1.8939395739,50
              117.2520075036,1.8939364666,50
              117.2520030082,1.8939390118,50
              117.2519900830,1.8939404273,50
              117.2519855870,1.8939387316,50
              117.2519855870,1.8939387316,50
              117.2519698522,1.8939411371,49.814
              117.2519698522,1.8939411371,50
              117.2519698522,1.8939411371,49.814
              117.2519715435,1.8939784562,48.492
              117.2519698641,1.8940236921,46.051
              117.2519782999,1.8940670888,46.001
              117.2519867357,1.8941103441,46.001
              117.2519940477,1.8941540237,45.626
              117.2519974259,1.8941982693,44.485
              117.2519951846,1.8942437880,41.753
              117.2520024965,1.8942873262,41.51
              117.2520047508,1.8943318547,40
              117.2519985687,1.8943290284,40
              117.2519833930,1.8943117845,40
              117.2519772092,1.8942966598,40
              117.2519715889,1.8942931266,40
              117.2519614713,1.8942781437,40
              117.2519462937,1.8942480360,40
              117.2519417974,1.8942442199,40
              117.2519423674,1.8942999162,37.556
              117.2519474317,1.8943450097,36.661
              117.2519446285,1.8943915180,33.909
              117.2519519406,1.8944361871,33.49
              117.2519615005,1.8944804318,33.698
              117.2519710604,1.8945245352,33.895
              117.2519828681,1.8945682141,34.663
              117.2519957997,1.8946117515,35.7
              117.2520047977,1.8946559963,35.7
              117.2520087380,1.8947012314,34.604
              117.2520121164,1.8947466079,33.358
              117.2520160568,1.8947919843,32.111
              117.2520205591,1.8948372192,31.046
              117.2520289950,1.8948814641,31.046
              117.2520379930,1.8949258503,31.046
              117.2520464290,1.8949700951,31.046
              117.2520582367,1.8950139154,31.692
              117.2520722922,1.8950571699,32.98
              117.2520880337,1.8951001415,34.714
              117.2521037751,1.8951429717,36.433
              117.2521167067,1.8951865091,37.493
              117.2521352579,1.8952289148,39.825
              117.2521487515,1.8952721694,41.038
              117.2521532538,1.8953174043,40
              117.2521622517,1.8953616491,40
              117.2521706877,1.8954060353,40
              117.2521796857,1.8954504215,40
              117.2521881217,1.8954946663,40
              117.2521971197,1.8955390525,40
              117.2522055556,1.8955832974,40
              117.2522145536,1.8956276835,40
              117.2522229896,1.8956719284,40
              117.2522241141,1.8956760277,40
              117.2522314196,1.8956753198,40
              117.2522381641,1.8956809733,40
              117.2522510898,1.8956835159,40
              117.2522679523,1.8957064139,40
              117.2522769445,1.8957105121,40
              117.2523005531,1.8957509380,44.466
              117.2523078649,1.8957936281,44.828
              117.2523196724,1.8958357520,46.408
              117.2523314799,1.8958777346,48
              117.2523359819,1.8959207078,47.788
              117.2523432937,1.8959633978,48.184
              117.2523494816,1.8960062294,48.42
              117.2523573501,1.8960124482,50
              117.2524040004,1.8960578183,50
              117.2524090591,1.8960644616,50
              117.2524248027,1.8961224174,51.944
              117.2524422325,1.8961824934,54.248
              117.2524355014,1.8962691489,55.366
              117.2524214642,1.8963522714,54.706
              117.2524074269,1.8964355353,53.943
              117.2523928277,1.8965186579,53.089
              117.2523754186,1.8966013569,51.638
              117.2523574474,1.8966840559,50
              117.2523473336,1.8966953663,50
              117.2523299167,1.8967250547,50
              117.2523304853,1.8967702903,50
              117.2523181265,1.8968020984,50
              117.2523164442,1.8968268369,50
              117.2523198191,1.8968484647,50
              117.2523046578,1.8969308805,51.544
              117.2522900585,1.8970134377,53.119
              117.2522760212,1.8970961362,54.915
              117.2522642318,1.8971793997,57.207
              117.2522591786,1.8972105000,58
              117.2522569324,1.8972225160,58.173
              117.2522709817,1.8972223726,57.759
              117.2523524670,1.8972178371,54.739
              117.2524350773,1.8972203694,50.038
              117.2524457612,1.8972644726,50
              117.2525283719,1.8972696909,44.674
              117.2526109818,1.8972695374,40.604
              117.2526452614,1.8972647260,40
              117.2526992157,1.8972993516,40
              117.2528970633,1.8975290347,41.163
              117.2529302253,1.8975673388,42.007
              117.2530960372,1.8977746915,40
            </coordinates>
          </LinearRing>
        </outerBoundaryIs>
      </Polygon>
    </Placemark>
    <Placemark>
      <description>CROPLINE_COAL_2025_BDY_PIT</description>
      <styleUrl>#area1</styleUrl>
      <Polygon>
        <altitudeMode>relativeToGround</altitudeMode>
        <extrude>1</extrude>
        <outerBoundaryIs>
          <LinearRing>
            <coordinates>
              117.2766105989,1.9291741416,70.451
              117.2765521552,1.9291889941,71.787
              117.2765156277,1.9291971990,72.36
              117.2765060745,1.9291998864,72.628
              117.2764931494,1.9292028571,72.85
              117.2764835961,1.9292054032,73.09
              117.2764656133,1.9292089401,73.246
              117.2764487544,1.9292127596,73.512
              117.2764358294,1.9292161544,73.843
              117.2764054840,1.9292259133,75
              117.2763172586,1.9292611266,80
              117.2763346839,1.9292854378,80
              117.2763464883,1.9293023992,80
              117.2762723120,1.9293354898,85
              117.2762031935,1.9293677314,90
              117.2762217420,1.9293869535,90
              117.2762599634,1.9294280833,90
              117.2762762640,1.9294477298,90
              117.2762768263,1.9294495674,90.123
              117.2762734557,1.9294573428,90.596
              117.2762700851,1.9294658251,91.077
              117.2762672763,1.9294727522,91.636
              117.2762633438,1.9294809518,91.971
              117.2762616583,1.9294834966,92.11
              117.2762560396,1.9294905655,92.502
              117.2762560396,1.9294909896,92.513
              117.2762526691,1.9294994718,92.958
              117.2762492986,1.9295079540,93.528
              117.2762419941,1.9295160128,93.96
              117.2762335655,1.9295226581,94.299
              117.2762256987,1.9295285966,94.594
              117.2762172697,1.9295329802,94.787
              117.2762088405,1.9295363742,94.918
              117.2762004113,1.9295396269,95.041
              117.2761914198,1.9295410420,95.041
              117.2761829906,1.9295438706,95.132
              117.2761739991,1.9295452856,95.132
              117.2761655698,1.9295479729,95.219
              117.2761565783,1.9295493880,95.219
              117.2761481491,1.9295524993,95.327
              117.2761391576,1.9295539143,95.327
              117.2761307284,1.9295568843,95.434
              117.2761222991,1.9295599956,95.543
              117.2761133079,1.9295629657,95.645
              117.2761048786,1.9295656529,95.733
              117.2760964495,1.9295693297,95.881
              117.2760874580,1.9295707448,95.881
              117.2760790288,1.9295739974,96.001
              117.2760705993,1.9295754124,96.001
              117.2760616078,1.9295768275,96.001
              117.2760531786,1.9295799388,96.113
              117.2760441871,1.9295813539,96.113
              117.2760351956,1.9295827690,96.113
              117.2760267662,1.9295841840,96.113
              117.2760183370,1.9295877194,96.254
              117.2760093455,1.9295891344,96.254
              117.2760009164,1.9295928112,96.402
              117.2759919249,1.9295942263,96.402
              117.2759834957,1.9295974790,96.53
              117.2759745042,1.9295988940,96.53
              117.2759660747,1.9296003090,96.53
              117.2759570835,1.9296035618,96.646
              117.2759486540,1.9296048354,96.646
              117.2759396625,1.9296062505,96.646
              117.2759306711,1.9296076656,96.646
              117.2759222416,1.9296090806,96.646
              117.2759132501,1.9296104956,96.646
              117.2759042586,1.9296119107,96.646
              117.2758952671,1.9296131844,96.646
              117.2758862754,1.9296129032,96.533
              117.2758778459,1.9296143182,96.533
              117.2758688541,1.9296143196,96.447
              117.2758598627,1.9296157347,96.447
              117.2758508712,1.9296171498,96.447
              117.2758418797,1.9296185648,96.447
              117.2758334502,1.9296198385,96.447
              117.2758244587,1.9296212536,96.447
              117.2758154672,1.9296226686,96.447
              117.2758070377,1.9296240836,96.447
              117.2757974839,1.9296232370,96.302
              117.2757890544,1.9296246520,96.302
              117.2757795006,1.9296240881,96.175
              117.2757710711,1.9296255031,96.175
              117.2757620794,1.9296252218,96.068
              117.2757530879,1.9296266369,96.068
              117.2757440961,1.9296263557,95.963
              117.2757351047,1.9296277707,95.963
              117.2757261129,1.9296274895,95.853
              117.2757171214,1.9296287632,95.853
              117.2757081297,1.9296286233,95.749
              117.2756991382,1.9296300384,95.749
              117.2756935184,1.9296301806,95.704
              117.2756873369,1.9296317366,95.629
              117.2756783455,1.9296337171,95.516
              117.2756693541,1.9296358390,95.403
              117.2756603627,1.9296378195,95.291
              117.2756513713,1.9296399414,95.174
              117.2756423799,1.9296417806,95.046
              117.2756333885,1.9296436197,94.925
              117.2756243972,1.9296458830,94.818
              117.2756154058,1.9296478635,94.704
              117.2756069764,1.9296501267,94.604
              117.2755979850,1.9296519658,94.477
              117.2755895559,1.9296556426,94.477
              117.2755805645,1.9296574817,94.35
              117.2755726973,1.9296611584,94.35
              117.2755637059,1.9296631389,94.223
              117.2755552768,1.9296668157,94.223
              117.2755462854,1.9296686548,94.096
              117.2755378562,1.9296723316,94.096
              117.2755288648,1.9296741708,93.969
              117.2755209977,1.9296778474,93.969
              117.2755120063,1.9296796866,93.843
              117.2755035771,1.9296833633,93.843
              117.2754945857,1.9296852025,93.715
              117.2754861566,1.9296888793,93.715
              117.2754771652,1.9296908598,93.591
              117.2754692980,1.9296945365,93.591
              117.2754603066,1.9296962342,93.456
              117.2754518775,1.9296999110,93.456
              117.2754428861,1.9297021742,93.352
              117.2754350190,1.9297058509,93.352
              117.2754260275,1.9297075487,93.216
              117.2754175984,1.9297112255,93.216
              117.2754091693,1.9297149022,93.216
              117.2754001778,1.9297166000,93.081
              117.2753923107,1.9297202767,93.081
              117.2753838815,1.9297239535,93.081
              117.2753748901,1.9297256513,92.944
              117.2753664610,1.9297293280,92.944
              117.2753585938,1.9297330047,92.944
              117.2753496024,1.9297348438,92.812
              117.2753411733,1.9297385206,92.812
              117.2753321818,1.9297402184,92.674
              117.2753237527,1.9297438952,92.674
              117.2753147613,1.9297457343,92.543
              117.2753068941,1.9297494110,92.543
              117.2752973406,1.9297506848,92.374
              117.2752894735,1.9297543614,92.374
              117.2752799200,1.9297556353,92.213
              117.2752720529,1.9297593119,92.213
              117.2752624993,1.9297604444,92.027
              117.2752540702,1.9297641211,92.027
              117.2752450788,1.9297659603,91.898
              117.2752360874,1.9297677994,91.77
              117.2752270960,1.9297696386,91.64
              117.2752181046,1.9297714777,91.52
              117.2752091131,1.9297728928,91.361
              117.2751995595,1.9297737425,91.164
              117.2751900059,1.9297744509,90.955
              117.2751810145,1.9297758660,90.79
              117.2751708988,1.9297760090,90.55
              117.2751613452,1.9297762933,90.314
              117.2751512294,1.9297755881,90
              117.2751512294,1.9297755881,90
              117.2751163831,1.9297543896,90
              117.2750770411,1.9297337573,90
              117.2750545602,1.9297240071,90
              117.2749775721,1.9297449410,87.977
              117.2749545319,1.9297518714,87.217
              117.2749326156,1.9297578122,86.407
              117.2749017078,1.9297651680,85
              117.2748708000,1.9297729478,83.667
              117.2748567510,1.9297759187,82.959
              117.2748011167,1.9297879434,80.123
              117.2747983069,1.9297885093,80
              117.2747988629,1.9297513313,80
              117.2747988609,1.9297387502,80
              117.2747381689,1.9297519066,76.933
              117.2746965838,1.9297615259,75
              117.2746538749,1.9297721349,73.157
              117.2746038607,1.9297855723,71.194
              117.2745965552,1.9297872699,70.849
              117.2745780105,1.9297915137,70
              117.2745757614,1.9297845874,70
              117.2745858705,1.9297435910,70
              117.2745864317,1.9297385020,70
              117.2745139389,1.9297566079,66.909
              117.2745077573,1.9297577398,66.583
              117.2745055094,1.9297580229,66.374
              117.2744987659,1.9297597203,66.112
              117.2744908986,1.9297621248,65.891
              117.2744880888,1.9297632561,65.847
              117.2744864030,1.9297639632,65.857
              117.2744841553,1.9297655185,65.922
              117.2744830314,1.9297658014,65.926
              117.2744796596,1.9297665088,65.997
              117.2744689821,1.9297672173,65.905
              117.2744420076,1.9297713212,66.171
              117.2744352640,1.9297724531,66.281
              117.2744290825,1.9297738678,66.471
              117.2744144715,1.9297772628,66.881
              117.2743903072,1.9297832039,67.685
              117.2743807540,1.9297861740,68.16
              117.2743745724,1.9297877300,68.354
              117.2743543417,1.9297916914,68.803
              117.2743408546,1.9297942381,69.053
              117.2743245574,1.9297959370,69.035
              117.2743150040,1.9297977763,69.261
              117.2743105082,1.9297984838,69.32
              117.2743076984,1.9297989084,69.334
              117.2743043265,1.9297991916,69.312
              117.2742958968,1.9297991930,69.098
              117.2742694839,1.9298004695,68.741
              117.2742559964,1.9298007544,68.476
              117.2742475666,1.9298007558,68.253
              117.2742307072,1.9298008999,67.87
              117.2741795665,1.9297987878,66.096
              117.2741497812,1.9297972376,65
              117.2741419133,1.9297959667,64.496
              117.2741278628,1.9297901731,62.767
              117.2741132514,1.9297908823,62.57
              117.2740907723,1.9297918755,62.274
              117.2740806567,1.9297927253,62.211
              117.2740722271,1.9297931507,62.079
              117.2740199636,1.9297983896,62.033
              117.2740126581,1.9297999457,62.201
              117.2740076004,1.9298007947,62.261
              117.2740008567,1.9298016440,62.298
              117.2739176859,1.9298173485,63.951
              117.2738997035,1.9298237127,65
              117.2738721679,1.9298327642,66.288
              117.2738721678,1.9298326229,66.286
              117.2738721679,1.9298327642,66.288
              117.2738744172,1.9298416696,66.587
              117.2738761046,1.9298505751,66.795
              117.2738783539,1.9298594805,67.01
              117.2738794793,1.9298683860,67.087
              117.2738811667,1.9298772915,67.267
              117.2738828541,1.9298861970,67.446
              117.2738845414,1.9298951025,67.632
              117.2738789231,1.9299045746,68.024
              117.2738733047,1.9299134812,68.518
              117.2738676864,1.9299225292,68.984
              117.2738620680,1.9299315772,69.463
              117.2738564496,1.9299404839,70
              117.2738564496,1.9299404839,70
              117.2738851175,1.9299830289,70
              117.2738761263,1.9299861403,70.538
              117.2738676971,1.9299898171,71.165
              117.2738592679,1.9299930698,71.737
              117.2738502768,1.9299967466,72.393
              117.2738418476,1.9299999993,72.935
              117.2738328564,1.9300032520,73.493
              117.2738244273,1.9300069288,74.118
              117.2738159981,1.9300104642,74.743
              117.2738070069,1.9300137169,75.286
              117.2737985777,1.9300169696,75.854
              117.2737895865,1.9300200810,76.357
              117.2737811572,1.9300229096,76.822
              117.2737721660,1.9300258796,77.308
              117.2737637367,1.9300288496,77.788
              117.2737547455,1.9300319610,78.287
              117.2737463163,1.9300354964,78.901
              117.2737378871,1.9300384663,79.4
              117.2737288959,1.9300420018,79.999
              117.2737525060,1.9300849717,80
              117.2737435148,1.9300880831,80.502
              117.2737350856,1.9300910531,81.003
              117.2737260943,1.9300938817,81.443
              117.2737176651,1.9300968517,81.945
              117.2737092358,1.9300996803,82.393
              117.2737002445,1.9301025090,82.854
              117.2736918153,1.9301054789,83.313
              117.2736828240,1.9301081662,83.736
              117.2736743947,1.9301107121,84.131
              117.2736654034,1.9301133994,84.541
              117.2736569741,1.9301159453,84.933
              117.2736479827,1.9301182085,85.251
              117.2736395533,1.9301204716,85.566
              117.2736305620,1.9301227349,85.868
              117.2736221326,1.9301249980,86.196
              117.2736131413,1.9301272612,86.509
              117.2736047119,1.9301293830,86.782
              117.2735957205,1.9301313635,87.034
              117.2735867290,1.9301324959,87.085
              117.2735782995,1.9301344763,87.325
              117.2735693080,1.9301356086,87.376
              117.2735608786,1.9301375890,87.624
              117.2735518871,1.9301387214,87.668
              117.2735428957,1.9301405605,87.883
              117.2735344661,1.9301418342,87.946
              117.2735254745,1.9301426838,87.946
              117.2735164832,1.9301446643,88.173
              117.2735074916,1.9301457966,88.232
              117.2734990621,1.9301469289,88.275
              117.2734900705,1.9301480612,88.318
              117.2734810790,1.9301491936,88.367
              117.2734720875,1.9301501845,88.367
              117.2734636579,1.9301510341,88.367
              117.2734546663,1.9301520251,88.367
              117.2734456748,1.9301530160,88.367
              117.2734372453,1.9301547137,88.569
              117.2734282538,1.9301558461,88.622
              117.2734192624,1.9301579679,88.902
              117.2734108330,1.9301599484,89.135
              117.2734018416,1.9301617875,89.341
              117.2733928501,1.9301636267,89.568
              117.2733844207,1.9301657484,89.835
              117.2733782391,1.9301668803,89.985
              117.2734333149,1.9301763426,90
              117.2735232326,1.9301800035,90
              117.2735457130,1.9301869265,90
              117.2735592016,1.9301934269,90
              117.2735502102,1.9301955488,90.296
              117.2735417808,1.9301975292,90.549
              117.2735327894,1.9301993684,90.775
              117.2735243600,1.9302013488,91.001
              117.2735153686,1.9302037534,91.353
              117.2735069391,1.9302048856,91.414
              117.2734979477,1.9302068661,91.667
              117.2734889562,1.9302079985,91.71
              117.2734805267,1.9302099789,91.964
              117.2734715352,1.9302109699,91.964
              117.2734631058,1.9302129503,92.208
              117.2734541142,1.9302140826,92.255
              117.2734456848,1.9302159217,92.498
              117.2734366933,1.9302170540,92.545
              117.2734282639,1.9302190345,92.785
              117.2734192723,1.9302200254,92.785
              117.2734102809,1.9302217232,92.988
              117.2734018513,1.9302227141,92.988
              117.2733928599,1.9302245533,93.215
              117.2733844303,1.9302255442,93.215
              117.2733754389,1.9302273833,93.442
              117.2733664473,1.9302283743,93.442
              117.2733580179,1.9302302133,93.65
              117.2733490264,1.9302313457,93.697
              117.2733405970,1.9302336088,94.013
              117.2733316055,1.9302347412,94.064
              117.2733231760,1.9302365802,94.291
              117.2733141845,1.9302377126,94.337
              117.2733057550,1.9302395516,94.563
              117.2732967635,1.9302406840,94.609
              117.2732877721,1.9302426645,94.859
              117.2732832764,1.9302436547,94.981
              117.2732984507,1.9302487413,95
              117.2734333284,1.9302607352,95
              117.2734659248,1.9302699183,95
              117.2734653631,1.9302714734,95.094
              117.2734619925,1.9302799556,95.614
              117.2734586220,1.9302884378,96.124
              117.2734501927,1.9302915491,96.27
              117.2734423262,1.9302989012,96.681
              117.2734333350,1.9303020126,96.818
              117.2734254684,1.9303097887,97.26
              117.2734170392,1.9303126173,97.384
              117.2734086107,1.9303203935,97.82
              117.2734001811,1.9303213844,97.82
              117.2733923148,1.9303301501,98.329
              117.2733838862,1.9303376436,98.745
              117.2733754566,1.9303384931,98.745
              117.2733664651,1.9303394841,98.745
              117.2733574735,1.9303404751,98.745
              117.2733490439,1.9303413246,98.745
              117.2733400521,1.9303409020,98.656
              117.2733310606,1.9303418929,98.656
              117.2733220688,1.9303413289,98.566
              117.2733130772,1.9303423199,98.566
              117.2733046474,1.9303417558,98.473
              117.2732956555,1.9303406264,98.341
              117.2732861016,1.9303393557,98.201
              117.2732771097,1.9303378022,98.041
              117.2732681177,1.9303365314,97.897
              117.2732591259,1.9303355433,97.776
              117.2732501340,1.9303345552,97.654
              117.2732411421,1.9303337085,97.533
              117.2732321503,1.9303327205,97.41
              117.2732231584,1.9303315910,97.286
              117.2732141665,1.9303304616,97.151
              117.2732051745,1.9303286253,96.973
              117.2731961829,1.9303296163,96.973
              117.2731871909,1.9303277801,96.8
              117.2731781987,1.9303246716,96.536
              117.2731686445,1.9303215632,96.278
              117.2731596524,1.9303187374,96.037
              117.2731506603,1.9303166185,95.845
              117.2731411057,1.9303109656,95.419
              117.2731321135,1.9303081398,95.178
              117.2731225596,1.9303063036,95
              117.2731203137,1.9303190265,95.026
              117.2731090738,1.9303174733,94.848
              117.2731000818,1.9303162026,94.708
              117.2730910899,1.9303149318,94.569
              117.2730815361,1.9303138024,94.43
              117.2730725441,1.9303125316,94.291
              117.2730635522,1.9303112608,94.152
              117.2730635522,1.9303112608,94.188
              117.2730545604,1.9303108382,94.051
              117.2730455687,1.9303105569,93.98
              117.2730450067,1.9303104156,94
              117.2730365766,1.9303080139,94
              117.2730275844,1.9303054708,93.884
              117.2730185925,1.9303037759,93.884
              117.2730101624,1.9303019396,93.884
              117.2730017321,1.9302982656,93.756
              117.2729927401,1.9302965707,93.756
              117.2729843098,1.9302927553,93.621
              117.2729758798,1.9302910603,93.621
              117.2729668878,1.9302892241,93.621
              117.2729584576,1.9302861155,93.528
              117.2729494656,1.9302844206,93.528
              117.2729404736,1.9302825844,93.528
              117.2729320432,1.9302786276,93.386
              117.2729236132,1.9302769327,93.386
              117.2729151828,1.9302728346,93.23
              117.2729061908,1.9302709983,93.23
              117.2728977604,1.9302669002,93.074
              117.2728893304,1.9302652052,93.074
              117.2728809000,1.9302609658,92.915
              117.2728719080,1.9302592709,92.915
              117.2728634777,1.9302551728,92.766
              117.2728550477,1.9302534778,92.766
              117.2728460557,1.9302517829,92.766
              117.2728370637,1.9302499467,92.766
              117.2728286337,1.9302482517,92.766
              117.2728196417,1.9302465568,92.766
              117.2728106497,1.9302447206,92.766
              117.2728022197,1.9302430256,92.766
              117.2727937894,1.9302397757,92.664
              117.2727847974,1.9302379394,92.664
              117.2727758054,1.9302362445,92.664
              117.2727673754,1.9302345496,92.664
              117.2727589452,1.9302314410,92.577
              117.2727499532,1.9302297461,92.577
              117.2727415230,1.9302266375,92.49
              117.2727325310,1.9302249426,92.49
              117.2727241008,1.9302218341,92.402
              117.2727151088,1.9302199978,92.402
              117.2727061168,1.9302183029,92.402
              117.2726976868,1.9302166080,92.402
              117.2726881331,1.9302166095,92.521
              117.2726797031,1.9302149145,92.521
              117.2726707111,1.9302132196,92.521
              117.2726617194,1.9302129384,92.618
              117.2726527274,1.9302112435,92.618
              117.2726442974,1.9302094072,92.618
              117.2726353054,1.9302077123,92.618
              117.2726263136,1.9302074310,92.715
              117.2726173216,1.9302057361,92.715
              117.2726083296,1.9302038999,92.715
              117.2725998996,1.9302022049,92.715
              117.2725909076,1.9302005100,92.715
              117.2725819161,1.9302013596,92.883
              117.2725729241,1.9301995234,92.883
              117.2725633705,1.9302005145,93.054
              117.2725549405,1.9301986781,93.054
              117.2725453868,1.9301989624,93.182
              117.2725369568,1.9301972674,93.182
              117.2725279648,1.9301954312,93.182
              117.2725189729,1.9301937363,93.182
              117.2725105429,1.9301920413,93.182
              117.2725021126,1.9301886500,93.077
              117.2724931206,1.9301869551,93.077
              117.2724841286,1.9301851189,93.077
              117.2724756986,1.9301834239,93.077
              117.2724667066,1.9301817290,93.077
              117.2724577146,1.9301798928,93.077
              117.2724492846,1.9301781978,93.077
              117.2724402926,1.9301765029,93.077
              117.2724313009,1.9301766457,93.2
              117.2724223090,1.9301749508,93.2
              117.2724127553,1.9301752351,93.333
              117.2724043253,1.9301733988,93.333
              117.2723947717,1.9301741071,93.488
              117.2723863417,1.9301724121,93.488
              117.2723767881,1.9301729791,93.646
              117.2723677961,1.9301712842,93.646
              117.2723588044,1.9301715684,93.773
              117.2723498124,1.9301697322,93.773
              117.2723413824,1.9301680372,93.773
              117.2723323904,1.9301663423,93.773
              117.2723233984,1.9301645061,93.773
              117.2723144067,1.9301643661,93.874
              117.2723059767,1.9301626712,93.874
              117.2722969847,1.9301608349,93.874
              117.2722879927,1.9301591400,93.874
              117.2722795627,1.9301574451,93.874
              117.2722705707,1.9301556088,93.874
              117.2722615787,1.9301539139,93.874
              117.2722525870,1.9301537740,93.981
              117.2722435950,1.9301520791,93.981
              117.2722346033,1.9301519392,94.087
              117.2722256113,1.9301502443,94.087
              117.2722166196,1.9301501044,94.193
              117.2722081896,1.9301484095,94.193
              117.2721986358,1.9301482696,94.301
              117.2721902058,1.9301465747,94.301
              117.2721806521,1.9301462935,94.399
              117.2721722221,1.9301445985,94.399
              117.2721626685,1.9301451655,94.546
              117.2721542385,1.9301433291,94.546
              117.2721446849,1.9301441788,94.715
              117.2721356929,1.9301424840,94.715
              117.2721306352,1.9301429089,95
              117.2721323197,1.9301340028,95
              117.2721233280,1.9301338629,95.099
              117.2721143360,1.9301321680,95.099
              117.2721053443,1.9301321695,95.21
              117.2720969143,1.9301304745,95.21
              117.2720879225,1.9301303346,95.321
              117.2720789305,1.9301286397,95.321
              117.2720699388,1.9301286412,95.433
              117.2720615088,1.9301269462,95.433
              117.2720525171,1.9301268063,95.539
              117.2720435251,1.9301251114,95.539
              117.2720345335,1.9301255369,95.674
              117.2720255415,1.9301237007,95.674
              117.2720171115,1.9301220057,95.674
              117.2720081198,1.9301222899,95.798
              117.2719991278,1.9301204536,95.798
              117.2719906978,1.9301187586,95.798
              117.2719817060,1.9301186187,95.9
              117.2719727141,1.9301169238,95.9
              117.2719642841,1.9301152289,95.9
              117.2719552921,1.9301135340,95.9
              117.2719468621,1.9301116976,95.9
              117.2719378701,1.9301100027,95.9
              117.2719305641,1.9301084489,95.897
              117.2719232583,1.9301084501,95.9
              117.2719142666,1.9301083102,95.9
              117.2719058368,1.9301083116,95.9
              117.2718968451,1.9301081716,95.9
              117.2718878534,1.9301080317,95.9
              117.2718794236,1.9301078917,95.9
              117.2718704319,1.9301078932,95.9
              117.2718620021,1.9301077532,95.9
              117.2718530102,1.9301060583,95.801
              117.2718440184,1.9301059184,95.801
              117.2718355887,1.9301059197,95.801
              117.2718265970,1.9301057798,95.801
              117.2718181672,1.9301056398,95.801
              117.2718091752,1.9301039449,95.695
              117.2718001835,1.9301038050,95.695
              117.2717917537,1.9301036650,95.695
              117.2717827620,1.9301036664,95.695
              117.2717743323,1.9301035264,95.695
              117.2717653405,1.9301033865,95.695
              117.2717563491,1.9301050843,95.81
              117.2717479193,1.9301049443,95.81
              117.2717389276,1.9301049457,95.81
              117.2717304979,1.9301048057,95.81
              117.2717215064,1.9301062208,95.904
              117.2717170105,1.9301059388,95.852
              117.2717080187,1.9301053748,95.863
              117.2717029605,1.9301029725,95.965
              117.2716950921,1.9300990156,96.081
              117.2716872237,1.9300947760,96.211
              117.2716782314,1.9300913848,96.411
              117.2716686773,1.9300887005,96.673
              117.2716596851,1.9300860161,96.934
              117.2716501310,1.9300834731,97.2
              117.2716405769,1.9300807888,97.466
              117.2716310228,1.9300778217,97.706
              117.2716225924,1.9300741477,97.875
              117.2716141621,1.9300703323,98.047
              117.2716062937,1.9300662341,98.183
              117.2715978633,1.9300619946,98.32
              117.2715899949,1.9300578964,98.456
              117.2715815645,1.9300536569,98.593
              117.2715736961,1.9300495587,98.729
              117.2715652657,1.9300453193,98.867
              117.2715573973,1.9300410797,98.998
              117.2715484050,1.9300375471,99.18
              117.2715399747,1.9300338731,99.355
              117.2715315443,1.9300300577,99.531
              117.2715231140,1.9300263836,99.707
              117.2715141217,1.9300227097,99.883
              117.2715056914,1.9300190357,100.059
              117.2714972611,1.9300155030,100.246
              117.2714888308,1.9300115462,100.398
              117.2714804004,1.9300075895,100.551
              117.2714719700,1.9300034914,100.704
              117.2714641017,1.9299995345,100.85
              117.2714545475,1.9299964261,101.077
              117.2714478028,1.9299906314,101.077
              117.2714399344,1.9299866745,101.235
              117.2714326277,1.9299808799,101.235
              117.2714241974,1.9299772059,101.409
              117.2714174527,1.9299714112,101.409
              117.2714095843,1.9299671716,101.543
              117.2714005920,1.9299636390,101.725
              117.2713915998,1.9299605305,101.953
              117.2713831695,1.9299568565,102.134
              117.2713747391,1.9299528997,102.289
              117.2713668707,1.9299485188,102.401
              117.2713590022,1.9299439965,102.51
              117.2713511337,1.9299394742,102.622
              117.2713443890,1.9299336795,102.622
              117.2713410170,1.9299326905,102.698
              117.2713382069,1.9299314187,102.601
              117.2713292153,1.9299322683,102.601
              117.2713202235,1.9299315629,102.51
              117.2713112317,1.9299309989,102.419
              117.2713022398,1.9299298695,102.297
              117.2712938102,1.9299307190,102.297
              117.2712842562,1.9299290242,102.138
              117.2712758266,1.9299298737,102.138
              117.2712668348,1.9299288856,102.026
              117.2712578432,1.9299297353,102.026
              117.2712488516,1.9299305849,102.026
              117.2712404220,1.9299312930,102.026
              117.2712314304,1.9299321426,102.026
              117.2712224386,1.9299315786,101.936
              117.2712134470,1.9299324282,101.936
              117.2712050174,1.9299331364,101.936
              117.2711960258,1.9299339860,101.936
              117.2711870340,1.9299329979,101.817
              117.2711780424,1.9299337062,101.817
              117.2711690508,1.9299345558,101.817
              117.2711600588,1.9299331436,101.674
              117.2711516292,1.9299339931,101.674
              117.2711426374,1.9299328637,101.549
              117.2711336455,1.9299317342,101.424
              117.2711246536,1.9299304634,101.298
              117.2711156617,1.9299293340,101.172
              117.2711061076,1.9299269324,100.967
              117.2710976780,1.9299277819,100.967
              117.2710886864,1.9299286315,100.967
              117.2710796948,1.9299294811,100.967
              117.2710707032,1.9299301893,100.967
              117.2710617111,1.9299277876,100.756
              117.2710527190,1.9299249619,100.524
              117.2710437268,1.9299221361,100.297
              117.2710341728,1.9299198758,100.091
              117.2710251808,1.9299183223,99.941
              117.2710223705,1.9299156369,99.741
              117.2710156257,1.9299095595,99.332
              117.2710122534,1.9299067328,99.134
              117.2710060706,1.9299005139,98.703
              117.2710026983,1.9298978286,98.497
              117.2709959535,1.9298917511,98.085
              117.2709959535,1.9298917511,98.043
              117.2709908945,1.9298842598,97.585
              117.2709858355,1.9298767685,97.075
              117.2709824631,1.9298736591,96.857
              117.2709762803,1.9298674402,96.422
              117.2709729079,1.9298643308,96.204
              117.2709667251,1.9298579705,95.769
              117.2709627906,1.9298535889,95.458
              117.2709566077,1.9298468046,95
              117.2709981866,1.9297976043,95
              117.2709880707,1.9297966164,94.558
              117.2709790789,1.9297957696,94.162
              117.2709700871,1.9297950643,93.788
              117.2709610952,1.9297943589,93.427
              117.2709521033,1.9297932295,92.984
              117.2709431115,1.9297923827,92.578
              117.2709341196,1.9297913947,92.161
              117.2709251278,1.9297905479,91.756
              117.2709161359,1.9297895598,91.329
              117.2709071440,1.9297885718,90.904
              117.2708981522,1.9297875837,90.47
              117.2708891603,1.9297864542,90
              117.2709279293,1.9297373957,90
              117.2709178134,1.9297364078,89.542
              117.2709088216,1.9297355611,89.13
              117.2708992677,1.9297345731,88.714
              117.2708902759,1.9297337264,88.323
              117.2708812841,1.9297328796,87.912
              117.2708706062,1.9297317505,87.429
              117.2708604903,1.9297299144,87.005
              117.2708514983,1.9297280781,86.58
              117.2708425062,1.9297262419,86.169
              117.2708335142,1.9297244056,85.763
              117.2708245223,1.9297227107,85.373
              117.2708155303,1.9297208745,84.986
              117.2708065383,1.9297190382,84.559
              117.2707981083,1.9297173432,84.186
              117.2707891163,1.9297157897,83.825
              117.2707801243,1.9297140948,83.47
              117.2707711323,1.9297123999,83.09
              117.2707621404,1.9297107050,82.696
              117.2707525864,1.9297087275,82.256
              117.2707430320,1.9297047709,81.81
              117.2707346018,1.9297012382,81.409
              117.2707261715,1.9296977056,81.024
              117.2707177412,1.9296943142,80.661
              117.2707093109,1.9296909229,80.314
              117.2707008807,1.9296876730,80
              117.2707233534,1.9296463919,80
              117.2707211054,1.9296455441,79.914
              117.2707126752,1.9296427183,79.681
              117.2707048070,1.9296398923,79.448
              117.2706963768,1.9296370664,79.215
              117.2706885087,1.9296343818,78.982
              117.2706800785,1.9296315560,78.752
              117.2706722103,1.9296287300,78.522
              117.2706643421,1.9296260454,78.292
              117.2706559119,1.9296232195,78.062
              117.2706480438,1.9296205349,77.859
              117.2706368036,1.9296170027,77.58
              117.2706266870,1.9296112085,77.284
              117.2706188186,1.9296069689,77.06
              117.2706109501,1.9296025880,76.82
              117.2706030817,1.9295982071,76.573
              117.2705952132,1.9295936848,76.326
              117.2705873448,1.9295891625,76.052
              117.2705794763,1.9295847815,75.802
              117.2705716079,1.9295804006,75.561
              117.2705637394,1.9295760197,75.313
              117.2705564330,1.9295714973,75.053
              117.2705485645,1.9295668336,74.719
              117.2705395719,1.9295611806,74.308
              117.2705317030,1.9295542552,73.912
              117.2705255202,1.9295478949,73.466
              117.2705187754,1.9295415348,73.018
              117.2705125926,1.9295353159,72.578
              117.2705058478,1.9295288143,72.095
              117.2704996650,1.9295220300,71.514
              117.2704940441,1.9295152455,70.922
              117.2704872993,1.9295087440,70.437
              117.2704811165,1.9295025251,70
              117.2705266331,1.9294780624,70
              117.2705187638,1.9294680270,69.034
              117.2705131429,1.9294613839,68.418
              117.2705075220,1.9294543168,67.701
              117.2705024630,1.9294466841,66.811
              117.2704957177,1.9294374967,65.805
              117.2704906583,1.9294271781,64.83
              117.2704867230,1.9294184144,63.885
              117.2704833498,1.9294097919,63.014
              117.2704794145,1.9294013109,62.125
              117.2704754793,1.9293929712,61.36
              117.2704698585,1.9293863281,61.1
              117.2704636758,1.9293805333,61.1
              117.2704569311,1.9293747386,61.1
              117.2704507484,1.9293689437,61.1
              117.2704445656,1.9293630076,61.1
              117.2704378210,1.9293574956,61.172
              117.2704293905,1.9293528320,61.732
              117.2704220838,1.9293468960,62.381
              117.2704147772,1.9293415255,63.015
              117.2704080325,1.9293358721,63.563
              117.2704012878,1.9293300774,64.081
              117.2703945431,1.9293242826,64.556
              117.2703877985,1.9293187706,65.159
              117.2703810538,1.9293131173,65.686
              117.2703759954,1.9293095840,66.139
              117.2703776735,1.9292598247,69.996
              117.2703782370,1.9292694371,69.059
              117.2703776766,1.9292794739,68.312
              117.2703771162,1.9292893692,67.556
              117.2703765558,1.9292994060,66.822
              117.2703759954,1.9293095840,66.139
              117.2703776735,1.9292598247,70
              117.2703360812,1.9292243497,74.461
              117.2703310226,1.9292196856,75
              117.2703180951,1.9292072479,76.189
              117.2703141606,1.9292034318,76.582
              117.2702787505,1.9291703589,80
              117.2702573961,1.9291760168,80
              117.2702410993,1.9291804016,80
              117.2702349180,1.9291833711,80
              117.2702304220,1.9291826651,80.178
              117.2701832138,1.9291716464,82.51
              117.2701393767,1.9291553969,84.445
              117.2701101481,1.9291203440,84.964
              117.2700944055,1.9290752523,84.603
              117.2700904645,1.9290301588,84.203
              117.2700870855,1.9289847824,83.733
              117.2700904500,1.9289378500,82.834
              117.2700999960,1.9288895030,81.512
              117.2701011127,1.9288429950,80.741
              117.2700960477,1.9287981843,80.414
              117.2700859237,1.9287451756,80.246
              117.2700735519,1.9286928739,80.246
              117.2700600561,1.9286408552,80.344
              117.2700493701,1.9285879879,80.229
              117.2700577914,1.9285342693,79.976
              117.2700656507,1.9284809749,79.976
              117.2700560889,1.9284296624,80.252
              117.2700364131,1.9283886708,80.853
              117.2700167373,1.9283478206,81.459
              117.2700105471,1.9282945284,81.047
              117.2700054814,1.9282444874,81.14
              117.2700026644,1.9281991109,81.742
              117.2700060288,1.9281518958,81.984
              117.2700054597,1.9281063776,81.291
              117.2700150061,1.9280605751,80
              117.2700155679,1.9280593028,80
              117.2700239936,1.9280335737,80
              117.2700301723,1.9280140649,80
              117.2700341008,1.9279801376,80
              117.2700374706,1.9279668491,80
              117.2700020552,1.9278999910,76.352
              117.2699840602,1.9278263447,73.925
              117.2699834983,1.9278266275,73.873
              117.2700087747,1.9277454822,72.859
              117.2700351768,1.9276756456,71.679
              117.2700694468,1.9276067973,70
              117.2701172092,1.9275686222,70
              117.2701188948,1.9275663601,70
              117.2701452975,1.9275003403,69.246
              117.2701694552,1.9274526978,69.734
              117.2701919268,1.9274043487,69.88
              117.2702143985,1.9273561410,70
              117.2702295661,1.9273191019,70
              117.2702981173,1.9272519445,72
              117.2703571148,1.9271853540,74
              117.2704340955,1.9271176297,76
              117.2705251257,1.9270493378,78
              117.2706251474,1.9269803376,80
              117.2706335761,1.9269738336,80.191
              117.2706420046,1.9269657747,80.429
              117.2706504330,1.9269574331,80.677
              117.2706588614,1.9269490914,80.927
              117.2706656041,1.9269425877,81.117
              117.2706672897,1.9269404670,81.185
              117.2706762801,1.9269324080,81.424
              117.2706847088,1.9269256213,81.62
              117.2706931375,1.9269194001,81.801
              117.2707021285,1.9269147337,81.937
              117.2707105574,1.9269099261,82.071
              117.2707195484,1.9269052598,82.204
              117.2707279774,1.9269005935,82.334
              117.2707369684,1.9268960685,82.464
              117.2707453973,1.9268914022,82.594
              117.2707543883,1.9268867359,82.724
              117.2707628173,1.9268819283,82.86
              117.2707718082,1.9268774033,82.991
              117.2707802374,1.9268735852,83.095
              117.2707892290,1.9268730183,83.095
              117.2707982206,1.9268724514,83.095
              117.2708072117,1.9268690573,83.188
              117.2708162034,1.9268686318,83.188
              117.2708246330,1.9268680650,83.188
              117.2708341875,1.9268731525,83.01
              117.2708431797,1.9268765437,82.887
              117.2708527341,1.9268810657,82.725
              117.2708617268,1.9268871428,82.515
              117.2708712814,1.9268935025,82.297
              117.2708802742,1.9269000037,82.077
              117.2708898288,1.9269063634,81.856
              117.2708993836,1.9269131472,81.626
              117.2709083764,1.9269200725,81.389
              117.2709179312,1.9269269976,81.152
              117.2709274859,1.9269339228,80.915
              117.2709364785,1.9269397172,80.717
              117.2709460330,1.9269446633,80.544
              117.2709550254,1.9269491854,80.385
              117.2709640177,1.9269525766,80.258
              117.2709735719,1.9269562505,80.125
              117.2709825642,1.9269597831,80
              117.2710286491,1.9269753254,79.421
              117.2710747336,1.9269887474,78.916
              117.2711202562,1.9270021694,78.405
              117.2711472331,1.9270134739,78
              117.2712118637,1.9270308510,77.33
              117.2712579484,1.9270451211,76.796
              117.2713113358,1.9270398822,76.867
              117.2713489825,1.9270018500,78
              117.2713529103,1.9269635405,79.241
              117.2713085102,1.9269409299,80
              117.2713203017,1.9268770328,82
              117.2713197297,1.9268138445,84
              117.2713118521,1.9267512228,86
              117.2713371310,1.9266864753,88
              117.2714124257,1.9266188927,90
              117.2714865965,1.9265514516,92
              117.2716214607,1.9264804667,94
              117.2717664404,1.9264089147,96
              117.2719108582,1.9263375042,98
              117.2720766310,1.9262646766,100
              117.2721204628,1.9262477063,100.46
              117.2721637328,1.9262318669,100.882
              117.2722075643,1.9262127761,101.407
              117.2722513968,1.9262001879,101.722
              117.2723042214,1.9261902841,101.942
              117.2723480536,1.9261759996,102.315
              117.2723918860,1.9261625633,102.658
              117.2724357177,1.9261450275,103.135
              117.2724795497,1.9261291880,103.554
              117.2725228192,1.9261105214,104.068
              117.2725756440,1.9261017485,104.246
              117.2726290319,1.9260997608,104.212
              117.2726745543,1.9261119106,103.747
              117.2727195141,1.9261203850,103.396
              117.2727655998,1.9261411576,102.658
              117.2728111236,1.9261622131,101.905
              117.2728572095,1.9261841166,101.128
              117.2729392636,1.9262150615,100
              117.2731073044,1.9262686103,98
              117.2731871150,1.9263272622,96
              117.2732185957,1.9263886079,94
              117.2732500764,1.9264500948,92
              117.2734141733,1.9264405972,92
              117.2736839115,1.9263618155,94
              117.2736850254,1.9262986269,96
              117.2736934449,1.9262348717,98
              117.2736844432,1.9261722502,100
              117.2736765655,1.9261094872,102
              117.2737192655,1.9260437474,104
              117.2737917503,1.9259764479,106
              117.2738220868,1.9259114169,108
              117.2738473657,1.9258468108,110
              117.2738602810,1.9257829135,112
              117.2738681386,1.9257191584,114
              117.2738861117,1.9256549776,116
              117.2738832917,1.9255919310,118
              117.2738388856,1.9255312943,120
              117.2737540172,1.9254729259,122
              117.2736747686,1.9254142738,124
              117.2736101314,1.9253547713,126
              117.2735853944,1.9252930005,128
              117.2735145754,1.9252339230,130
              117.2734965822,1.9251717270,132
              117.2735359104,1.9251062705,134
              117.2735426514,1.9250894475,134.626
              117.2735611942,1.9250734707,134.993
              117.2735729923,1.9250512751,135.775
              117.2735949077,1.9250396799,136
              117.2736218825,1.9250381206,136
              117.2736404289,1.9250450443,135.746
              117.2736589758,1.9250543711,135.417
              117.2736775226,1.9250635566,135.092
              117.2736955058,1.9250625642,135.092
              117.2737185480,1.9250687804,134.858
              117.2737415918,1.9250848918,134.303
              117.2737601385,1.9250933705,134
              117.2738388251,1.9251520226,132
              117.2739220075,1.9252103913,130
              117.2740563296,1.9252659244,128
              117.2742052632,1.9253206071,126
              117.2743581306,1.9253750063,124
              117.2744132142,1.9254349345,122
              117.2744997685,1.9254931612,120
              117.2745840749,1.9255515297,118
              117.2746565799,1.9256106069,116
              117.2748178769,1.9256645806,114
              117.2750696519,1.9257131680,112
              117.2751320413,1.9257728122,110
              117.2751550866,1.9257978294,109.168
              117.2752006088,1.9258091309,108.727
              117.2752410747,1.9258297630,108
              117.2752922171,1.9258430426,107.488
              117.2753383020,1.9258588676,106.903
              117.2753838246,1.9258725722,106.385
              117.2754377743,1.9258695949,106.384
              117.2754911618,1.9258660521,106.397
              117.2755355570,1.9258577046,106.579
              117.2755895068,1.9258558582,106.54
              117.2756333387,1.9258397359,106.971
              117.2756777330,1.9258261580,107.318
              117.2757215648,1.9258094703,107.766
              117.2757412327,1.9258009854,108
              117.2758092273,1.9257697335,108.866
              117.2758524947,1.9257379203,109.794
              117.2758968898,1.9257291487,109.992
              117.2759339856,1.9257612316,108.921
              117.2759817581,1.9257872342,108
              117.2760267181,1.9257965567,107.623
              117.2760722403,1.9258077168,107.187
              117.2761177624,1.9258183115,106.766
              117.2761627221,1.9258257963,106.448
              117.2762020626,1.9258376642,106
              117.2762537658,1.9258437343,105.715
              117.2762992873,1.9258506536,105.413
              117.2763442469,1.9258579970,105.101
              117.2763897679,1.9258615236,104.904
              117.2764347269,1.9258649089,104.713
              117.2764886766,1.9258620729,104.709
              117.2765420632,1.9258527344,104.906
              117.2765960134,1.9258531497,104.794
              117.2766494007,1.9258480520,104.857
              117.2766954863,1.9258676936,104.154
              117.2767404450,1.9258692412,104.021
              117.2767938327,1.9258668294,104
              117.2768213797,1.9259284583,102
              117.2768281336,1.9259912215,100
              117.2768343256,1.9260541261,98
              117.2768141046,1.9261184487,96
              117.2767511736,1.9261853227,94
              117.2767303907,1.9262497867,92
              117.2767365826,1.9263125500,90
              117.2764376219,1.9263930332,88
              117.2764320124,1.9264565053,86
              117.2764269648,1.9265199772,84
              117.2764106777,1.9265841577,82
              117.2764140597,1.9266472042,80
              117.2764269953,1.9267096837,78
              117.2764472367,1.9267717378,76
              117.2765388489,1.9268296809,74
              117.2766051722,1.9268890417,72
              117.2766681236,1.9269485444,70
              117.2766669986,1.9269420420,70
              117.2766551941,1.9269238083,70
              117.2766439487,1.9268881872,70
              117.2766360792,1.9268768796,70
              117.2766102265,1.9268671299,70
              117.2766046058,1.9268620418,70
              117.2765984210,1.9268433832,70
              117.2765933622,1.9268370228,70
              117.2765849290,1.9268153959,70
              117.2765922312,1.9267936251,70
              117.2766169540,1.9267664798,70
              117.2766315601,1.9267329748,70
              117.2766596586,1.9267295776,70
              117.2766810159,1.9267420139,70
              117.2766888876,1.9267668921,70
              117.2767001290,1.9267779164,70
              117.2767203623,1.9267903529,70
              117.2767259820,1.9267897865,70
              117.2767417188,1.9267981243,70
              117.2767439674,1.9268020820,70
              117.2767602656,1.9268068856,70
              117.2768333221,1.9268006538,70
              117.2767990352,1.9267629160,70
              117.2768254440,1.9267363358,70
              117.2768563501,1.9267189434,70
              117.2768636534,1.9267036752,70
              117.2768810631,1.9266310128,70
              117.2768990377,1.9265767272,70
              117.2769394912,1.9265201762,70
              117.2769619620,1.9264681517,70
              117.2769844391,1.9264550014,70
              117.2770406360,1.9264480655,70
              117.2770518779,1.9264619171,70
              117.2770535678,1.9264862309,70
              117.2770176138,1.9265653989,70
              117.2769799786,1.9266741117,70
              117.2769462707,1.9267418291,70
              117.2769226728,1.9267746288,70
              117.2769013203,1.9267915956,70
              117.2768973880,1.9268012088,70
              117.2768850265,1.9268142160,70
              117.2768810940,1.9268226983,70
              117.2768440080,1.9268516834,70
              117.2768288381,1.9268738795,70
              117.2768226592,1.9268916920,70
              117.2767996243,1.9269312769,70
              117.2767996259,1.9269410308,70
              117.2768333385,1.9269024337,71.158
              117.2768766054,1.9268675105,72.185
              117.2769198738,1.9268419171,72.917
              117.2769738235,1.9268387983,72.917
              117.2770317088,1.9268469878,72.414
              117.2770373358,1.9268917983,71.009
              117.2770418374,1.9269269964,70
              117.2770452090,1.9269254409,70
              117.2770457699,1.9269185141,70
              117.2770626268,1.9269032444,70
              117.2770777997,1.9268995665,70
              117.2770946604,1.9269076213,71.503
              117.2771390598,1.9269254256,76.126
              117.2771767185,1.9269623146,76.352
              117.2772121297,1.9270020313,75.701
              117.2772492264,1.9270390618,75.927
              117.2772902545,1.9270605419,79.243
              117.2773048677,1.9270710003,80
              117.2773082382,1.9270628008,80
              117.2773087988,1.9270537536,80
              117.2773177882,1.9270401814,80
              117.2773200345,1.9270297204,80
              117.2773160963,1.9270028624,80
              117.2773076653,1.9269950889,80
              117.2772997974,1.9269939593,80
              117.2772745019,1.9269548065,80
              117.2772677528,1.9269215878,80
              117.2772581946,1.9268940239,80
              117.2772565055,1.9268740923,80
              117.2772975216,1.9268216406,80
              117.2773166273,1.9268117422,80
              117.2773216857,1.9268149927,80
              117.2773301137,1.9268046720,80
              117.2773492192,1.9267932186,80
              117.2773632763,1.9268397241,82.285
              117.2773767783,1.9269293448,83.738
              117.2773773550,1.9270202398,81.891
              117.2773976007,1.9271092939,84.913
              117.2774245859,1.9271714883,90
              117.2774498728,1.9271580549,90
              117.2774965083,1.9271029165,90
              117.2775071823,1.9270802969,90
              117.2775296720,1.9271453193,94.039
              117.2775589055,1.9272099165,99.604
              117.2775611542,1.9272145811,100
              117.2775617161,1.9272140155,100
              117.2776038609,1.9271909668,100
              117.2776808514,1.9271855824,103.802
              117.2777258096,1.9271840201,106.567
              117.2777617762,1.9271827419,109.585
              117.2777977427,1.9271814638,112.644
              117.2778185425,1.9272213242,113.564
              117.2778134920,1.9272662778,112.971
              117.2777904575,1.9273077004,111.712
              117.2777544928,1.9273209942,108.93
              117.2777196546,1.9273492721,106.543
              117.2776825682,1.9273762781,104.074
              117.2776218808,1.9274164346,100
              117.2776140129,1.9274151637,100
              117.2775769216,1.9274122012,100
              117.2775634407,1.9274527740,96.063
              117.2775443477,1.9275418345,90
              117.2775128755,1.9275336408,90
              117.2774538682,1.9275381740,90
              117.2774527455,1.9275458077,89.544
              117.2774381480,1.9276326057,84.531
              117.2774302928,1.9277096487,80
              117.2773853347,1.9277124833,80
              117.2773797283,1.9277950391,75.862
              117.2773729999,1.9278900348,71.001
              117.2773696315,1.9279115222,70
              117.2773494019,1.9279224103,70
              117.2773241142,1.9279313202,70
              117.2774061930,1.9281135211,70
              117.2774376609,1.9280951390,70
              117.2774882366,1.9280785915,70
              117.2775427430,1.9280429596,70
              117.2775899466,1.9280259885,70
              117.2776079417,1.9280977969,75
              117.2776253747,1.9281696055,80
              117.2776663934,1.9281332690,80
              117.2776770699,1.9281260578,80
              117.2777225931,1.9281425896,82.934
              117.2778068953,1.9281735338,88.753
              117.2778838939,1.9282183326,93.953
              117.2779620167,1.9282635553,98.95
              117.2779580974,1.9283534615,98.95
              117.2779182090,1.9284290962,96.92
              117.2778766354,1.9285092547,94.157
              117.2778148246,1.9285535109,92.329
              117.2777417756,1.9286062505,90.992
              117.2776664791,1.9286616764,89.269
              117.2775984879,1.9287145565,87.842
              117.2775243141,1.9287622074,85.87
              117.2774439577,1.9288053357,83.404
              117.2774091153,1.9288080272,81.865
              117.2773720250,1.9288108605,80.03
              117.2773669643,1.9287931912,80
              117.2773557210,1.9287704339,80
              117.2773512242,1.9287647802,80
              117.2773012156,1.9288122857,76.831
              117.2772517691,1.9288607807,73.752
              117.2771955775,1.9289015018,70
              117.2771534218,1.9288574041,70
              117.2771084571,1.9288193854,70
              117.2770747362,1.9288069511,70
              117.2770505690,1.9287945153,70
              117.2770174207,1.9288473898,66.821
              117.2769730328,1.9289006901,63.296
              117.2769033447,1.9288860000,61.712
              117.2768432097,1.9288679156,60
              117.2768364630,1.9288498225,60
              117.2768252161,1.9288045888,60
              117.2768246500,1.9287791439,60
              117.2768274549,1.9287480441,60
              117.2768257592,1.9286876832,60
              117.2767616935,1.9286886832,58
              117.2767257289,1.9287026838,60
              117.2767302262,1.9287117302,60
              117.2767375360,1.9287364672,60
              117.2767420328,1.9287421209,60
              117.2767487765,1.9287418371,60
              117.2767420328,1.9287421209,60
              117.2767487765,1.9287418371,60
              117.2767448456,1.9287603560,60
              117.2767347328,1.9287781691,60
              117.2767341714,1.9287818446,60
              117.2767347352,1.9287927293,60
              117.2766746056,1.9288078648,61.411
              117.2766678624,1.9288113999,62.01
              117.2766392035,1.9288249752,64.199
              117.2766161634,1.9288319057,65
              117.2765700825,1.9288416671,65.681
              117.2765588437,1.9288464753,66.395
              117.2765341177,1.9288542542,67.362
              117.2765172595,1.9288614663,68.449
              117.2765133285,1.9288794198,68.399
              117.2765127675,1.9288854984,68.389
              117.2765133316,1.9288989276,68.372
              117.2765206423,1.9289294604,68.39
              117.2765251391,1.9289353968,68.419
              117.2765408801,1.9289694623,68.504
              117.2765436903,1.9289708754,68.528
              117.2765661762,1.9290120078,68.71
              117.2765746062,1.9290137028,68.776
              117.2766077713,1.9290648700,69.002
              117.2766280065,1.9290883326,69.147
              117.2766403748,1.9291178751,69.22
              117.2766167727,1.9291249470,70
              117.2766190214,1.9291294702,70
              117.2766268917,1.9291455840,70
              117.2766268922,1.9291486940,70
              117.2766263336,1.9291696155,70
              117.2766105989,1.9291741416,70.451
            </coordinates>
          </LinearRing>
        </outerBoundaryIs>
      </Polygon>
    </Placemark>
    <Placemark>
      <description>CROPLINE_COAL_2025_BDY_PIT</description>
      <styleUrl>#area1</styleUrl>
      <Polygon>
        <altitudeMode>relativeToGround</altitudeMode>
        <extrude>1</extrude>
        <outerBoundaryIs>
          <LinearRing>
            <coordinates>
              117.2932329456,1.9295740787,57.287
              117.2932087877,1.9296169152,55.832
              117.2931930591,1.9296569231,55.192
              117.2931750825,1.9296962245,53.999
              117.2931604779,1.9297366562,53.645
              117.2931492454,1.9297782182,54.17
              117.2931346408,1.9298185086,53.732
              117.2931189122,1.9298585164,53.118
              117.2931020595,1.9298981004,52.15
              117.2930868930,1.9299385322,51.784
              117.2930734125,1.9299798119,51.739
              117.2930576831,1.9300152962,51.74
              117.2930413916,1.9300502151,51.692
              117.2930256622,1.9300854167,51.692
              117.2930082477,1.9301257076,51.882
              117.2929672219,1.9301189293,50.723
              117.2929318170,1.9301185114,51.015
              117.2928958501,1.9301180935,51.31
              117.2928598842,1.9301230474,52.88
              117.2928239165,1.9301179646,52.077
              117.2927885115,1.9301164158,52.077
              117.2927525442,1.9301135948,51.829
              117.2927295022,1.9301092166,51.213
              117.2927064598,1.9301022939,50.043
              117.2927064598,1.9301021526,50
              117.2927098302,1.9300933876,50
              117.2927070187,1.9300843410,50
              117.2926817288,1.9300798218,50
              117.2926637436,1.9300690815,50
              117.2926564380,1.9300700723,50
              117.2926339560,1.9300539611,50
              117.2926272120,1.9300525486,50
              117.2925895588,1.9300495866,49.741
              117.2925552773,1.9300461999,48.944
              117.2925198725,1.9300460646,48.944
              117.2924850296,1.9300459293,48.944
              117.2924440049,1.9300452296,48.583
              117.2924024184,1.9300459436,48.519
              117.2923608313,1.9300429822,47.575
              117.2923192449,1.9300438375,47.575
              117.2922782204,1.9300448342,47.575
              117.2922366340,1.9300458309,47.575
              117.2921950475,1.9300465449,47.523
              117.2921534610,1.9300472589,47.462
              117.2921118743,1.9300465592,47.074
              117.2920708497,1.9300465663,46.854
              117.2920315122,1.9300533584,48.14
              117.2919927362,1.9300573232,48.797
              117.2919533979,1.9300595918,49.013
              117.2919140599,1.9300634153,49.615
              117.2918876474,1.9300670953,50
              117.2918848388,1.9300748706,50
              117.2918882117,1.9300805245,50
              117.2918921453,1.9300791102,50
              117.2919106909,1.9300806619,50
              117.2919230595,1.9301102042,50
              117.2919286834,1.9301336691,50
              117.2919404863,1.9301415833,50
              117.2919388015,1.9301485103,50
              117.2919286887,1.9301650513,50
              117.2919264450,1.9301897898,50
              117.2919298186,1.9301996845,50
              117.2919236357,1.9301930416,50
              117.2919197016,1.9301921941,50
              117.2918989094,1.9301981348,50
              117.2918753019,1.9301731180,50
              117.2918623758,1.9301702931,50
              117.2918415793,1.9301516370,50
              117.2918353944,1.9301332612,50
              117.2917938066,1.9301262003,50
              117.2917718910,1.9301359580,50
              117.2917769467,1.9301236587,50
              117.2917702027,1.9301222463,50
              117.2917763802,1.9300970830,50
              117.2917690737,1.9300927021,50
              117.2917696365,1.9300975082,50
              117.2917550261,1.9301037306,50
              117.2917392937,1.9301218275,50
              117.2917151253,1.9301030307,50
              117.2917319803,1.9300768761,50
              117.2917387234,1.9300730581,50
              117.2917443418,1.9300645755,50
              117.2917572666,1.9300603325,50
              117.2917668206,1.9300621685,50
              117.2917628842,1.9300474677,50
              117.2917859254,1.9300473223,50
              117.2917937911,1.9300350226,50
              117.2917943527,1.9300327607,50
              117.2917780532,1.9300210306,48.866
              117.2917398348,1.9299994090,48.058
              117.2916993691,1.9299811804,48.123
              117.2916594654,1.9299633758,48.306
              117.2916189997,1.9299457127,48.53
              117.2915785341,1.9299280496,48.764
              117.2915386303,1.9299095382,48.764
              117.2914987265,1.9298911682,48.819
              117.2914582609,1.9298737877,49.09
              117.2914177953,1.9298561246,49.34
              117.2913773296,1.9298384615,49.547
              117.2913374259,1.9298202328,49.618
              117.2913020186,1.9298055374,50
              117.2912801024,1.9298117610,50
              117.2912570618,1.9298154404,50
              117.2912463832,1.9298099292,50
              117.2912345813,1.9298080935,50
              117.2912334598,1.9298226539,50
              117.2912267165,1.9298253409,50
              117.2911935590,1.9298216712,50
              117.2911907502,1.9298285984,50
              117.2911660227,1.9298264822,50
              117.2911570315,1.9298294523,50
              117.2911261204,1.9298170179,50
              117.2911216264,1.9298273380,50
              117.2911272469,1.9298315779,50
              117.2911412963,1.9298311514,50
              117.2911435446,1.9298331300,50
              117.2911075780,1.9298344085,50.264
              117.2910716129,1.9298443099,52.573
              117.2910356465,1.9298467193,53.104
              117.2910013658,1.9298472906,53.104
              117.2909670853,1.9298495583,53.52
              117.2909328049,1.9298518259,53.941
              117.2908990858,1.9298508422,53.561
              117.2908670518,1.9298440624,51.779
              117.2908355814,1.9298471778,52.332
              117.2908035486,1.9298480314,52.332
              117.2907771353,1.9298470465,52.108
              117.2907512842,1.9298470509,52.108
              117.2907108214,1.9298462097,52.108
              117.2906709208,1.9298467820,52.44
              117.2906450698,1.9298474932,52.501
              117.2906186568,1.9298479219,52.501
              117.2905911194,1.9298460889,52.432
              117.2905635822,1.9298453868,52.614
              117.2905270532,1.9298438381,52.534
              117.2904905238,1.9298404518,52.044
              117.2904534333,1.9298418717,52.691
              117.2904169038,1.9298376372,51.98
              117.2903803749,1.9298366539,52.046
              117.2903404747,1.9298394880,52.856
              117.2903011356,1.9298366675,52.352
              117.2902612340,1.9298310200,51.135
              117.2902331354,1.9298338520,51.821
              117.2902055988,1.9298368253,52.514
              117.2901752526,1.9298414954,53.328
              117.2901437819,1.9298429144,53.328
              117.2901162439,1.9298375474,51.927
              117.2900892697,1.9298426410,53.008
              117.2900482469,1.9298532502,54.854
              117.2900055363,1.9298531161,54.13
              117.2899633876,1.9298525579,53.332
              117.2899229261,1.9298589261,53.931
              117.2898841501,1.9298631735,53.563
              117.2898459365,1.9298699654,53.789
              117.2898071608,1.9298757679,53.743
              117.2897683848,1.9298797326,53.281
              117.2897329807,1.9298839795,52.836
              117.2896947672,1.9298913368,52.836
              117.2896565537,1.9298986941,52.836
              117.2896194648,1.9299094439,53.661
              117.2895806887,1.9299129846,52.742
              117.2895430372,1.9299202004,51.917
              117.2895048236,1.9299271336,51.553
              117.2894660478,1.9299323706,50.771
              117.2894283965,1.9299407174,50.771
              117.2893907454,1.9299506191,51.147
              117.2893497218,1.9299565632,51.218
              117.2893086986,1.9299647692,51.845
              117.2892856580,1.9299685899,52.323
              117.2892620546,1.9299677458,51.697
              117.2892362036,1.9299684570,51.896
              117.2892362085,1.9299971532,51.618
              117.2892334049,1.9300344730,50.644
              117.2892362210,1.9300713677,50.894
              117.2892362273,1.9301085456,50.485
              117.2892373578,1.9301475610,50.446
              117.2891940855,1.9301488406,50.485
              117.2891524991,1.9301499786,50.485
              117.2891109129,1.9301523889,50.8
              117.2890693267,1.9301550819,51.176
              117.2890277405,1.9301574921,51.498
              117.2889861550,1.9301641432,51.282
              117.2889445697,1.9301717838,51.282
              117.2889215297,1.9301789971,52
              117.2888355492,1.9301948442,52.056
              117.2887821638,1.9302115339,53.308
              117.2887349596,1.9302245472,53.908
              117.2886641524,1.9302391194,53.64
              117.2886045840,1.9302490249,52.886
              117.2885556940,1.9302630279,52.915
              117.2885079278,1.9302761826,52.791
              117.2884472368,1.9302934390,52.815
              117.2881325491,1.9304235447,54
              117.2879937480,1.9304729033,54
              117.2879431707,1.9304789904,54
              117.2878830399,1.9304863514,54
              117.2878330246,1.9304922971,54
              117.2877712079,1.9304997998,54
              117.2877223165,1.9305056039,54
              117.2876655575,1.9305126816,54.063
              117.2876211623,1.9305203226,54.102
              117.2875733958,1.9305314983,54.14
              117.2871631658,1.9306300965,54.919
              117.2869535552,1.9306804566,55.317
              117.2866849376,1.9307376120,55.834
              117.2866107508,1.9307066665,56
              117.2865343158,1.9306738838,56
              117.2864691213,1.9306459054,56
              117.2864207874,1.9306252749,56
              117.2863432284,1.9305920682,56
              117.2862864642,1.9305677637,56
              117.2862257660,1.9305426118,56
              117.2861380899,1.9305010665,56
              117.2860875076,1.9304773264,56
              117.2859621762,1.9304202379,56.531
              117.2859020401,1.9303959339,57.463
              117.2858345971,1.9303644219,57.565
              117.2857800805,1.9303382793,57.461
              117.2857278122,1.9303143982,57.659
              117.2856772300,1.9302909408,57.716
              117.2856350779,1.9302700265,57.516
              117.2855923629,1.9302438820,56.148
              117.2855445907,1.9302209896,56.027
              117.2854945706,1.9301982389,56.249
              117.2854512953,1.9301819897,57.21
              117.2853658679,1.9301449676,57.995
              117.2852691993,1.9300983348,57.763
              117.2852236753,1.9300772797,57.887
              117.2851753413,1.9300556596,58.149
              117.2849814432,1.9299684726,58.848
              117.2849263678,1.9299611312,59.04
              117.2848010386,1.9299170477,59.52
              117.2847560751,1.9298869454,59.712
              117.2847139206,1.9298511882,59.904
              117.2846908771,1.9298377627,60
              117.2847543620,1.9297238152,59.975
              117.2848240271,1.9296001126,59.97
              117.2849521617,1.9296169130,63.641
              117.2850269079,1.9296332983,64.505
              117.2851359359,1.9296550495,66.265
              117.2852657581,1.9296821689,65.934
              117.2852944108,1.9296318395,65.11
              117.2853253112,1.9295806617,63.929
              117.2853865549,1.9295068610,61.126
              117.2854275690,1.9294439484,63.092
              117.2854416114,1.9294009723,65.194
              117.2854983710,1.9293981355,64.194
              117.2855287116,1.9293596803,64.19
              117.2855646721,1.9293220722,64.199
              117.2856051248,1.9292624111,65.983
              117.2856112988,1.9292160436,66.652
              117.2856140990,1.9291579438,68.014
              117.2856376958,1.9291193483,68.956
              117.2856641029,1.9290830141,70.124
              117.2856826380,1.9290215190,72.281
              117.2856522852,1.9289866080,74.781
              117.2857011645,1.9289084271,75.742
              117.2857399290,1.9288356197,77.526
              117.2857472256,1.9287806291,78.95
              117.2857191222,1.9287544821,78.634
              117.2856820258,1.9287202790,78.22
              117.2857522467,1.9285605293,82.986
              117.2857589830,1.9285157168,84.534
              117.2857657193,1.9284710456,86.525
              117.2857651552,1.9284583232,86.901
              117.2857617758,1.9284132297,88.003
              117.2857583964,1.9283681361,89.856
              117.2857555790,1.9283229011,90.999
              117.2857521996,1.9282778075,92.996
              117.2857488202,1.9282327140,96
              117.2857785975,1.9281866253,97.508
              117.2858151228,1.9281661218,97.957
              117.2858578344,1.9281724758,97.291
              117.2859016704,1.9281813742,96.525
              117.2859404454,1.9281716137,96.525
              117.2859792205,1.9281619946,96.525
              117.2860000113,1.9281471482,96.924
              117.2860438442,1.9281375283,96.924
              117.2860843053,1.9281287570,96.924
              117.2861247665,1.9281198445,96.924
              117.2861652276,1.9281109319,96.924
              117.2862056887,1.9281021607,96.924
              117.2862601991,1.9280916907,96.924
              117.2862995366,1.9280844747,96.924
              117.2863383120,1.9280771174,96.924
              117.2863776494,1.9280697599,96.924
              117.2864068751,1.9280857288,96.411
              117.2864467793,1.9281070675,95.984
              117.2864861215,1.9281285477,94.133
              117.2865063571,1.9281539892,93.01
              117.2865344620,1.9281893247,91.564
              117.2865811124,1.9282252225,89.996
              117.2865962885,1.9282406282,89.282
              117.2866283267,1.9282724290,87.976
              117.2866429402,1.9282840181,87.507
              117.2866783496,1.9283117189,86.419
              117.2866969045,1.9283689669,84.01
              117.2867418655,1.9283839435,83.307
              117.2867856995,1.9283812502,83.307
              117.2868295336,1.9283786983,83.307
              117.2868559494,1.9283945263,82.534
              117.2868952925,1.9284215195,81.262
              117.2869357620,1.9284626487,79.424
              117.2869784762,1.9284841283,78.389
              117.2870178151,1.9284856766,78.169
              117.2870577176,1.9284965546,77.566
              117.2870976194,1.9285038986,77.11
              117.2871363963,1.9285053056,76.895
              117.2871762980,1.9285113774,76.497
              117.2872156377,1.9285177319,76.125
              117.2872583477,1.9285143320,76
              117.2873004954,1.9285089532,76
              117.2873364628,1.9285130465,75.631
              117.2873679338,1.9285131825,75.541
              117.2874117687,1.9285160023,75
              117.2874550403,1.9285101992,75
              117.2874651546,1.9285021399,75
              117.2874797648,1.9284942212,75
              117.2875005551,1.9284764062,75
              117.2875084225,1.9284748499,75
              117.2875314612,1.9284597203,75
              117.2875415755,1.9284515197,75
              117.2875544980,1.9284331406,75
              117.2875685459,1.9284238084,75
              117.2875803452,1.9284100944,75
              117.2876224912,1.9283948202,75
              117.2876545197,1.9283685217,75
              117.2876775588,1.9283559366,75
              117.2876910447,1.9283464632,75
              117.2877500472,1.9283139401,75
              117.2877551040,1.9283074367,75
              117.2878051116,1.9282556901,75
              117.2878225315,1.9282470641,75
              117.2878584981,1.9282459271,75
              117.2878849131,1.9282575142,75
              117.2878910965,1.9282669843,75
              117.2879113298,1.9282785725,75
              117.2879158265,1.9282839434,75
              117.2879265049,1.9282883238,75
              117.2879461775,1.9283076869,75
              117.2879647248,1.9283196994,75
              117.2879883322,1.9283445749,75
              117.2879950764,1.9283471182,74.997
              117.2880540881,1.9283694432,74.968
              117.2880810652,1.9283811716,73.933
              117.2881181586,1.9283974218,72.501
              117.2881569391,1.9284197502,70.468
              117.2881945881,1.9283979742,70.722
              117.2882120054,1.9283733744,71.648
              117.2882311102,1.9283583869,72.077
              117.2882698847,1.9283456578,72.077
              117.2883165267,1.9283309484,72.039
              117.2883642958,1.9283354638,72.077
              117.2884036351,1.9283396979,72.077
              117.2884429745,1.9283439320,72.077
              117.2884834354,1.9283336058,72.827
              117.2885238963,1.9283235623,73.564
              117.2885531183,1.9283179028,74.015
              117.2885885238,1.9283219963,74
              117.2886233684,1.9283324510,74.015
              117.2886514688,1.9283409279,74.015
              117.2886902475,1.9283527956,74.015
              117.2887290262,1.9283646633,74.015
              117.2887683668,1.9283766723,74.015
              117.2887930954,1.9283850083,73.98
              117.2888211929,1.9283756737,73.929
              117.2888509763,1.9283669043,73.929
              117.2888757023,1.9283599733,73.929
              117.2889150391,1.9283489405,73.929
              117.2889538139,1.9283380491,73.929
              117.2889925888,1.9283272990,73.929
              117.2890347377,1.9283294122,73.238
              117.2890763223,1.9283178136,73.238
              117.2891072317,1.9283203528,72.778
              117.2891302704,1.9283055059,73.281
              117.2891684816,1.9282847194,73.939
              117.2892038807,1.9282512108,75.266
              117.2892387179,1.9282179850,76.581
              117.2892673749,1.9281945142,77.479
              117.2892859165,1.9281718933,79.096
              117.2893140096,1.9281368310,79.905
              117.2893702080,1.9281388005,79.973
              117.2894016800,1.9281455804,79.711
              117.2894382144,1.9281792181,78.089
              117.2894769915,1.9281814732,78.089
              117.2895157685,1.9281837283,78.089
              117.2895551075,1.9281859834,78.089
              117.2895837680,1.9281827272,78
              117.2896287256,1.9281776305,78.735
              117.2896427768,1.9281875234,78.681
              117.2896731215,1.9281742302,79.358
              117.2896843673,1.9282111235,78.768
              117.2896978622,1.9282543776,75.458
              117.2897113570,1.9282974904,73.008
              117.2897495761,1.9283236356,71.657
              117.2897883574,1.9283507702,70.256
              117.2898265729,1.9283557113,70
              117.2900103310,1.9282995596,70.998
              117.2900412345,1.9282671826,71.884
              117.2900479707,1.9282223701,73.826
              117.2900502157,1.9282052650,74.95
              117.2900749359,1.9281641248,76.484
              117.2901131466,1.9281407937,76.7
              117.2901507952,1.9281167559,76.958
              117.2901890060,1.9280935662,77.162
              117.2902272167,1.9280702351,77.379
              117.2902654274,1.9280467626,77.599
              117.2903036381,1.9280231488,77.841
              117.2903424109,1.9280008072,77.977
              117.2903716280,1.9279656033,79.067
              117.2904014072,1.9279315302,80.078
              117.2904328725,1.9278985877,80.998
              117.2904795162,1.9278949044,80.958
              117.2905149170,1.9278712910,81.57
              117.2905373933,1.9278543239,82.074
              117.2905621186,1.9278430107,82.197
              117.2905868437,1.9278309908,82.345
              117.2906098827,1.9278181230,82.59
              117.2906340458,1.9278062446,82.753
              117.2906582087,1.9277929525,83.005
              117.2906851822,1.9277837594,82.925
              117.2907076591,1.9277701849,83.226
              117.2907306980,1.9277563276,83.541
              117.2907565460,1.9277382290,83.975
              117.2907773359,1.9277184349,84.238
              117.2907908202,1.9276990661,84.93
              117.2908155406,1.9276597636,85.985
              117.2908115974,1.9276043508,87.639
              117.2908087798,1.9275592572,89.159
              117.2908037147,1.9275162844,90.613
              117.2907992148,1.9274922538,91.686
              117.2908003356,1.9274734526,92.307
              117.2908171928,1.9274608686,92.704
              117.2908385452,1.9274437603,93.16
              117.2908593356,1.9274272175,93.602
              117.2908812503,1.9274118054,93.936
              117.2909076624,1.9274062878,93.668
              117.2909278910,1.9273904519,94.137
              117.2909481195,1.9273739092,94.647
              117.2909694722,1.9273590626,95.032
              117.2909913866,1.9273423783,95.456
              117.2910138629,1.9273252698,95.882
              117.2910329670,1.9273064655,96.351
              117.2910543184,1.9272834200,96.871
              117.2910666736,1.9272345070,98.027
              117.2910790339,1.9272149971,98.388
              117.2910869018,1.9272158439,98.608
              117.2910913974,1.9272148536,98.672
              117.2911183718,1.9272108909,98.726
              117.2911447842,1.9272067869,98.781
              117.2911711965,1.9272026829,98.835
              117.2912178395,1.9271946173,98.956
              117.2912414416,1.9271883933,99.073
              117.2912633575,1.9271804734,99.326
              117.2912858352,1.9271717051,99.59
              117.2913026937,1.9271661891,99.749
              117.2913369734,1.9271595393,100.063
              117.2913572052,1.9271629285,100.042
              117.2913830584,1.9271752224,99.66
              117.2914881484,1.9271733666,100.034
              117.2915066935,1.9271722326,100.237
              117.2915314216,1.9271780241,100.038
              117.2915555872,1.9271805644,100.028
              117.2915797530,1.9271842356,99.954
              117.2916224660,1.9271989298,99.219
              117.2916432614,1.9272113660,98.637
              117.2916651799,1.9272188543,98.378
              117.2917101406,1.9272325586,97.9
              117.2917202642,1.9272794886,96.474
              117.2917427499,1.9273172281,96.057
              117.2917680452,1.9273538362,95.797
              117.2917877212,1.9273931311,95.168
              117.2917882833,1.9273939792,95.152
              117.2917882833,1.9273939792,95.152
              117.2918062734,1.9274331330,94.427
              117.2918484247,1.9274496650,93.443
              117.2918990036,1.9274537557,93.26
              117.2919445263,1.9274670358,92.73
              117.2919979154,1.9274728224,92.851
              117.2920417518,1.9274842651,92.526
              117.2920844650,1.9275002315,91.906
              117.2921294252,1.9275106844,91.569
              117.2921816901,1.9275146335,91.462
              117.2922339546,1.9275168862,91.462
              117.2922856569,1.9275173014,91.553
              117.2923390447,1.9275155959,91.745
              117.2923840024,1.9275116300,92.072
              117.2924300844,1.9275093603,92.357
              117.2924823490,1.9275120371,92.357
              117.2925340517,1.9275148554,92.357
              117.2925857547,1.9275196527,92.229
              117.2926329613,1.9275214822,92.229
              117.2926863497,1.9275227453,92.229
              117.2927369283,1.9275249983,92.229
              117.2927875071,1.9275286649,92.13
              117.2928408957,1.9275310588,92.13
              117.2928937222,1.9275333114,92.13
              117.2929465487,1.9275357054,92.13
              117.2929993755,1.9275395130,92.037
              117.2930330996,1.9275704652,91.299
              117.2930685092,1.9275988726,90.745
              117.2931039189,1.9276274214,90.194
              117.2931505678,1.9276538478,90.084
              117.2931977784,1.9276788605,90.084
              117.2932461127,1.9277026007,90.175
              117.2932916358,1.9277184252,90.638
              117.2933720114,1.9277906467,92.372
              117.2933804658,1.9279348332,100
              117.2934254238,1.9279324223,100
              117.2934524131,1.9280156791,106.044
              117.2934709728,1.9280992202,110
              117.2934659293,1.9281831894,108.368
              117.2934541413,1.9282626362,105.046
              117.2934659293,1.9281831894,108.368
              117.2934541415,1.9282636257,105.046
              117.2934732570,1.9283112610,105.061
              117.2934946214,1.9283646917,105.056
              117.2935058722,1.9284297157,105.061
              117.2934957679,1.9284960156,100
              117.2934446225,1.9284657733,100
              117.2934311446,1.9285223200,94.567
              117.2934232887,1.9285911640,90
              117.2933783305,1.9285927268,90
              117.2933704688,1.9286276443,86.783
              117.2933541844,1.9287038406,80
              117.2932597711,1.9287006056,80
              117.2932513485,1.9287423085,76.465
              117.2932367453,1.9287905151,72.806
              117.2932255136,1.9288366007,70
              117.2931805564,1.9288441006,70
              117.2931816849,1.9288706762,70.24
              117.2931794385,1.9288794410,69.652
              117.2931766301,1.9288883472,68.913
              117.2931743837,1.9288971120,68.311
              117.2931732612,1.9289060179,68
              117.2931732627,1.9289147823,68
              117.2931738262,1.9289235465,68.18
              117.2931743897,1.9289324522,68.25
              117.2931755152,1.9289412163,68.469
              117.2931760787,1.9289499806,68.537
              117.2931760802,1.9289587450,68.58
              117.2931772056,1.9289675092,68.776
              117.2931772071,1.9289762735,68.849
              117.2931788946,1.9289851790,69.107
              117.2931794574,1.9289899851,69.31
              117.2931833919,1.9289938012,69.457
              117.2931890128,1.9290003028,69.71
              117.2931951957,1.9290068044,69.964
              117.2932013786,1.9290133059,70.218
              117.2932075615,1.9290198074,70.483
              117.2932131826,1.9290268745,70.533
              117.2932193655,1.9290335174,70.742
              117.2932244245,1.9290405845,70.792
              117.2932306074,1.9290472274,71
              117.2932356665,1.9290542946,71
              117.2932412875,1.9290615030,71
              117.2932463466,1.9290687115,71
              117.2932491581,1.9290778995,70.206
              117.2932508457,1.9290879358,69.078
              117.2932519714,1.9290979722,67.953
              117.2932536591,1.9291080086,66.803
              117.2932531000,1.9291249720,65.406
              117.2932536635,1.9291338776,65.469
              117.2932536650,1.9291427833,65.469
              117.2932536665,1.9291516890,65.469
              117.2932542300,1.9291605947,65.469
              117.2932536696,1.9291696419,65.398
              117.2932536711,1.9291785476,65.398
              117.2932542346,1.9291874532,65.398
              117.2932542362,1.9291963590,65.398
              117.2932542377,1.9292054061,65.398
              117.2932542392,1.9292143118,65.398
              117.2932542408,1.9292232175,65.398
              117.2932542423,1.9292319819,65.352
              117.2932542437,1.9292406049,65.352
              117.2932531213,1.9292493695,64.969
              117.2932508749,1.9292581342,64.506
              117.2932491904,1.9292667575,64.058
              117.2932475060,1.9292755222,63.609
              117.2932458215,1.9292842868,63.142
              117.2932435751,1.9292930516,62.688
              117.2932418906,1.9293016749,62.223
              117.2932402062,1.9293104396,61.764
              117.2932385217,1.9293192042,61.318
              117.2932368373,1.9293279689,60.895
              117.2932351528,1.9293365922,60.449
              117.2932329064,1.9293453570,60
              117.2931930070,1.9293524319,60
              117.2931885116,1.9293548358,60
              117.2931885116,1.9293548358,60.026
              117.2931879501,1.9293578045,59.927
              117.2931873896,1.9293668517,59.711
              117.2931862672,1.9293757576,59.496
              117.2931857068,1.9293846634,59.28
              117.2931845843,1.9293935694,58.997
              117.2931840229,1.9293969621,58.925
              117.2931851474,1.9294002132,58.895
              117.2931868349,1.9294089773,58.652
              117.2931885223,1.9294178827,58.41
              117.2931902098,1.9294267882,58.167
              117.2931918973,1.9294355523,57.934
              117.2931935847,1.9294444577,57.726
              117.2931952722,1.9294532218,57.47
              117.2931963977,1.9294624100,57.059
              117.2931992091,1.9294708912,57.059
              117.2932020204,1.9294793724,57.101
              117.2932059557,1.9294877120,57.319
              117.2932087671,1.9294961931,57.371
              117.2932121404,1.9295043915,57.596
              117.2932149517,1.9295128726,57.596
              117.2932177631,1.9295214951,57.596
              117.2932200125,1.9295299764,57.596
              117.2932216999,1.9295388818,57.355
              117.2932245113,1.9295473630,57.355
              117.2932273227,1.9295559855,57.355
              117.2932273228,1.9295568337,57.271
              117.2932301342,1.9295654562,57.035
              117.2932329456,1.9295740787,57.287
            </coordinates>
          </LinearRing>
        </outerBoundaryIs>
      </Polygon>
    </Placemark>
    <Placemark>
      <description>CROPLINE_COAL_2025_BDY_PIT</description>
      <styleUrl>#area1</styleUrl>
      <Polygon>
        <altitudeMode>relativeToGround</altitudeMode>
        <extrude>1</extrude>
        <outerBoundaryIs>
          <LinearRing>
            <coordinates>
              117.3034205994,1.9331335811,20
              117.3034340882,1.9331406467,20
              117.3034520747,1.9331583135,20
              117.3034655635,1.9331655205,20
              117.3034773656,1.9331677801,20
              117.3034902940,1.9331840343,20
              117.3034829913,1.9332012816,20
              117.3035037898,1.9332303982,20
              117.3035088501,1.9332439679,20
              117.3035071653,1.9332506121,20
              117.3034723280,1.9332820005,20
              117.3034723280,1.9332820005,20
              117.3034779492,1.9332894916,20.376
              117.3034830083,1.9332968414,20.751
              117.3034880675,1.9333043326,21.131
              117.3034936886,1.9333118237,21.52
              117.3034987477,1.9333191736,21.909
              117.3035077404,1.9333246850,23.346
              117.3035172951,1.9333303377,24.766
              117.3035234781,1.9333371219,25.516
              117.3035274134,1.9333453202,25.516
              117.3035313488,1.9333533770,25.516
              117.3035330363,1.9333622824,25.086
              117.3035358477,1.9333709049,24.79
              117.3035392211,1.9333791032,24.735
              117.3035431564,1.9333873014,24.735
              117.3035476536,1.9333950755,24.94
              117.3035515889,1.9334029910,24.99
              117.3035566481,1.9334104822,25.345
              117.3035617073,1.9334182561,25.579
              117.3035662045,1.9334258888,25.814
              117.3035707017,1.9334336628,26.048
              117.3035746370,1.9334417196,26.048
              117.3035780104,1.9334499179,26.048
              117.3035819457,1.9334579748,26.048
              117.3035858810,1.9334661730,26.048
              117.3035898163,1.9334742299,26.048
              117.3035931897,1.9334824282,26.048
              117.3035976869,1.9334900608,26.262
              117.3036016222,1.9334982590,26.262
              117.3036066814,1.9335058916,26.579
              117.3036106167,1.9335139485,26.579
              117.3036139900,1.9335220054,26.579
              117.3036156776,1.9335311936,26.029
              117.3036196129,1.9335392504,26.029
              117.3036235482,1.9335474486,26.029
              117.3036257977,1.9335562126,25.682
              117.3036291710,1.9335644109,25.622
              117.3036331063,1.9335724677,25.666
              117.3036387275,1.9335798175,26.061
              117.3036421008,1.9335880158,26.061
              117.3036460361,1.9335960726,26.061
              117.3036499715,1.9336042708,26.061
              117.3036505351,1.9336138833,25.215
              117.3036516607,1.9336229302,24.652
              117.3036539102,1.9336318355,24.19
              117.3036561597,1.9336405994,23.847
              117.3036623428,1.9336478077,24.37
              117.3036674019,1.9336551576,24.831
              117.3036747088,1.9336616588,25.7
              117.3036797680,1.9336692914,25.978
              117.3036831414,1.9336774897,25.978
              117.3036870767,1.9336855466,25.978
              117.3036921359,1.9336931791,26.266
              117.3036955092,1.9337013774,26.266
              117.3036994445,1.9337094343,26.266
              117.3037033798,1.9337174911,26.266
              117.3037067532,1.9337256894,26.266
              117.3037090027,1.9337344534,25.895
              117.3037129380,1.9337426516,25.851
              117.3037157494,1.9337512741,25.571
              117.3037191228,1.9337594724,25.515
              117.3037230581,1.9337676706,25.515
              117.3037264314,1.9337757276,25.515
              117.3037303668,1.9337839258,25.515
              117.3037337401,1.9337921241,25.452
              117.3037371135,1.9338006051,25.249
              117.3037404868,1.9338086621,25.249
              117.3037444222,1.9338170017,25.191
              117.3037477955,1.9338250586,25.191
              117.3037528547,1.9338325498,25.532
              117.3037573519,1.9338403238,25.746
              117.3037624111,1.9338479564,26.027
              117.3037680322,1.9338553061,26.483
              117.3037730914,1.9338627973,26.842
              117.3037787125,1.9338698644,27.402
              117.3037848956,1.9338770726,27.93
              117.3037905166,1.9338841397,28.465
              117.3037955758,1.9338916309,28.858
              117.3038006350,1.9338991221,29.234
              117.3038062561,1.9339064718,29.612
              117.3038113153,1.9339139630,30
              117.3038169364,1.9339213128,30.471
              117.3038219955,1.9339286626,30.893
              117.3038270547,1.9339361538,31.205
              117.3038326758,1.9339436449,31.605
              117.3038377350,1.9339509948,32
              117.3038416703,1.9339591930,32
              117.3038444817,1.9339676741,31.785
              117.3038467312,1.9339762967,31.459
              117.3038495427,1.9339852019,31.09
              117.3038529160,1.9339932589,31.048
              117.3038568513,1.9340014571,31.048
              117.3038602247,1.9340095140,31.048
              117.3038641600,1.9340177122,31.048
              117.3038894599,1.9340777860,30.512
              117.3038557443,1.9340965930,31.802
              117.3038141601,1.9341104538,30.84
              117.3037753867,1.9341289791,31.023
              117.3037354889,1.9341456668,30.78
              117.3036944669,1.9341603757,30
              117.3036551313,1.9341780529,30
              117.3036152337,1.9341957301,30
              117.3035758981,1.9342134073,30
              117.3035365625,1.9342310844,30
              117.3034966650,1.9342487617,30
              117.3034573294,1.9342665802,30
              117.3034174318,1.9342842575,30
              117.3033780962,1.9343019346,30
              117.3033376362,1.9343169262,29.32
              117.3032960518,1.9343299388,28.094
              117.3032567163,1.9343478987,28.164
              117.3032151320,1.9343610527,26.979
              117.3031769209,1.9343819810,27.833
              117.3031364610,1.9343973965,27.246
              117.3030954389,1.9344119641,26.435
              117.3030527302,1.9344231392,24.722
              117.3030088969,1.9344302151,21.967
              117.3029695613,1.9344477509,21.967
              117.3029307880,1.9344675484,21.967
              117.3028942636,1.9344924344,23.315
              117.3028554904,1.9345122319,23.315
              117.3028139063,1.9345270822,22.01
              117.3027745710,1.9345461730,21.817
              117.3027352355,1.9345644155,21.408
              117.3026953379,1.9345823755,20.912
              117.3026554405,1.9346009009,20.563
              117.3026307217,1.9346486853,28
              117.3025919485,1.9346684827,28
              117.3025531752,1.9346882802,28
              117.3025144020,1.9347080776,28
              117.3024750667,1.9347278752,28
              117.3024362935,1.9347476726,28
              117.3023980824,1.9347686008,28.297
              117.3023593091,1.9347883983,28.297
              117.3022873792,1.9348098980,28
              117.3022738817,1.9347534975,22.593
              117.3022485876,1.9347260781,23.66
              117.3022249793,1.9346975274,24.21
              117.3022244171,1.9346961139,24.097
              117.3022131711,1.9346600690,21.235
              117.3021642698,1.9346100361,20.748
              117.3021283024,1.9346069326,24.627
              117.3020962638,1.9345754149,22.689
              117.3020636636,1.9345454522,21.081
              117.3020220712,1.9345129467,20.209
              117.3019759842,1.9344876514,21.339
              117.3019366418,1.9344674439,22.564
              117.3019107837,1.9344280089,20.968
              117.3018764955,1.9343868791,21.354
              117.3018438931,1.9343447594,21.354
              117.3018112907,1.9343027811,21.427
              117.3017786883,1.9342603787,21.377
              117.3017449621,1.9342193902,21.821
              117.3017123597,1.9341772705,21.821
              117.3016797574,1.9341352922,21.876
              117.3016471551,1.9340940207,21.929
              117.3016061247,1.9340613737,21.977
              117.3015622846,1.9340299995,22.613
              117.3015190064,1.9339986252,23.216
              117.3014813493,1.9339741765,24.248
              117.3014436922,1.9339498692,25.306
              117.3014043496,1.9339278239,27.055
              117.3013655689,1.9339050718,28.614
              117.3013279118,1.9338807645,29.657
              117.3012885691,1.9338585779,31.393
              117.3012469790,1.9338389362,33.867
              117.3012070746,1.9338177392,35.86
              117.3011671715,1.9338044584,39.445
              117.3011328853,1.9337742133,41
              117.3011250097,1.9337298275,40.167
              117.3011182581,1.9336851587,39.329
              117.3011317413,1.9336604182,35.031
              117.3011412887,1.9336246522,30.887
              117.3011553333,1.9335969430,26.583
              117.3011660037,1.9335555224,21.52
              117.3011435167,1.9335117046,20.646
              117.3011165339,1.9334681703,20.626
              117.3010873029,1.9334233642,20.62
              117.3010575100,1.9333785582,20.665
              117.3010271552,1.9333341763,20.853
              117.3009973623,1.9332895117,20.944
              117.3009591420,1.9332579950,22.088
              117.3009237309,1.9332225198,21.592
              117.3008838245,1.9331902967,21.592
              117.3008433560,1.9331570841,21.312
              117.3008017638,1.9331257095,21.57
              117.3007596098,1.9330949004,22.005
              117.3007315121,1.9331031043,27.743
              117.3007073409,1.9330686166,25.259
              117.3006893506,1.9330294629,21.981
              117.3006528152,1.9329922915,21.895
              117.3006129088,1.9329596443,21.895
              117.3005690687,1.9329282700,21.983
              117.3005257905,1.9328964716,21.983
              117.3004825124,1.9328648145,21.983
              117.3004442934,1.9328405072,22.589
              117.3004010152,1.9328085674,22.538
              117.3003571752,1.9327777586,22.794
              117.3003144589,1.9327452532,22.567
              117.3002706188,1.9327138789,22.673
              117.3002262169,1.9326833529,23
              117.3001835007,1.9326512716,22.88
              117.3001486515,1.9326155136,23.325
              117.3001244780,1.9325680206,23.669
              117.3001036760,1.9325186895,23.054
              117.3000834371,1.9324752953,22.31
              117.3000395971,1.9324444865,22.977
              117.3000069968,1.9324135343,21.934
              117.2999620344,1.9323914900,22.442
              117.2999114531,1.9323746770,22.656
              117.2998608719,1.9323581468,22.91
              117.2998153492,1.9323459979,23.588
              117.2997855664,1.9323587256,28.97
              117.2997344236,1.9323441745,29.753
              117.2996844041,1.9323260893,29.65
              117.2996388798,1.9323044691,29.361
              117.2996135858,1.9322769083,26.384
              117.2995787379,1.9322480769,24.138
              117.2995388324,1.9322205186,23.949
              117.2994989256,1.9321854682,24.277
              117.2994618305,1.9321610194,26.076
              117.2994241742,1.9321409529,28.675
              117.2994207962,1.9321057546,25.357
              117.2994061773,1.9320639145,23.715
              117.2993831278,1.9320167041,23.243
              117.2993522116,1.9319752909,23.049
              117.2993111839,1.9319574867,23.621
              117.2992701581,1.9319509913,26.424
              117.2992538601,1.9319480257,28.494
              117.2992414961,1.9319457661,30
              117.2992488033,1.9319541051,30
              117.2992566742,1.9319720565,30
              117.2992679152,1.9319796880,30
              117.2992701655,1.9319932582,30
              117.2992802818,1.9319969318,30
              117.2993095100,1.9320264710,30
              117.2993095100,1.9320264710,30
              117.2993095100,1.9320264710,30
              117.2992499392,1.9320220994,35.017
              117.2992077931,1.9320363843,42.202
              117.2991650801,1.9320228212,43.45
              117.2991240525,1.9320055825,43.753
              117.2990852720,1.9319839611,42.926
              117.2990481768,1.9319585228,41.12
              117.2990099581,1.9319357705,40
              117.2989694922,1.9319174007,40
              117.2989295883,1.9318988895,40
              117.2988885606,1.9318816508,40.312
              117.2988480948,1.9318634224,40.368
              117.2988076290,1.9318451940,40.411
              117.2987671632,1.9318276725,40.651
              117.2987266973,1.9318090200,40.592
              117.2986867934,1.9317903674,40.538
              117.2986463275,1.9317718563,40.488
              117.2986069853,1.9317515074,40
              117.2985670814,1.9317329962,40
              117.2985260537,1.9317156160,40.243
              117.2984855878,1.9316971049,40.243
              117.2984456838,1.9316777456,40
              117.2984052180,1.9316602240,40.248
              117.2983647522,1.9316418542,40.248
              117.2983130459,1.9316186802,40.362
              117.2982899980,1.9315807996,40
              117.2982736957,1.9315530958,39.589
              117.2982753755,1.9315178966,34.673
              117.2982427765,1.9314944365,34.687
              117.2982068055,1.9314701288,35.035
              117.2981708344,1.9314455384,35.346
              117.2981399200,1.9314140204,33.616
              117.2981056344,1.9313871679,33.227
              117.2980713488,1.9313600327,32.81
              117.2980409964,1.9313289387,31.041
              117.2979954762,1.9313303603,34.006
              117.2979516398,1.9313194833,34.006
              117.2979083653,1.9313086061,34.006
              117.2978645289,1.9312977291,34.006
              117.2978201310,1.9312896793,34.719
              117.2977740485,1.9312895461,37.345
              117.2977622470,1.9312902550,38.442
              117.2977279640,1.9312776799,38.489
              117.2976852515,1.9312668027,39.633
              117.2976464710,1.9312446159,37.912
              117.2976082520,1.9312204499,35.727
              117.2975677865,1.9312037765,35.373
              117.2975261974,1.9311895064,35.676
              117.2974851701,1.9311741053,35.676
              117.2974447043,1.9311558768,34.971
              117.2974053622,1.9311362346,33.916
              117.2973632114,1.9311233782,34.531
              117.2973238691,1.9311026051,33.184
              117.2972811565,1.9310908797,34.124
              117.2972749737,1.9310852263,33.928
              117.2972547358,1.9310473452,31.773
              117.2972271932,1.9310158266,32
              117.2972002126,1.9309837425,32
              117.2971737939,1.9309516582,32
              117.2971468132,1.9309194327,32
              117.2971198325,1.9308873486,32
              117.2970934138,1.9308552643,32
              117.2970658710,1.9308221907,31.996
              117.2970490047,1.9307821886,32
              117.2970327005,1.9307433173,32
              117.2970158343,1.9307048701,32.217
              117.2969961585,1.9306674130,33.078
              117.2969764827,1.9306300972,34.013
              117.2969584927,1.9305920743,34.481
              117.2969399407,1.9305539101,34.948
              117.2969174541,1.9305113645,36
              117.2969168835,1.9304618883,36.868
              117.2969174380,1.9304184905,37.358
              117.2969174304,1.9303749514,38
              117.2969168596,1.9303239202,38.881
              117.2969382069,1.9302778329,39.223
              117.2969544973,1.9302376836,39.925
              117.2969618003,1.9302218499,40
              117.2969544958,1.9302287778,40
              117.2969483145,1.9302317475,40
              117.2969230263,1.9302368409,40
              117.2969101020,1.9302440526,40
              117.2968735825,1.9302976347,40
              117.2968848176,1.9302713397,40.57
              117.2968999841,1.9302311906,41.496
              117.2969157126,1.9301913241,42.259
              117.2969325652,1.9301517401,42.809
              117.2969482937,1.9301117322,43.626
              117.2969657083,1.9300725722,43.98
              117.2969836849,1.9300335535,44.259
              117.2969966034,1.9299924153,45.753
              117.2970157040,1.9299538204,45.753
              117.2970342427,1.9299155084,45.693
              117.2970550295,1.9298777614,45.258
              117.2970775017,1.9298376110,44.339
              117.2970803113,1.9298359142,44.323
              117.2970876163,1.9298312480,44.26
              117.2970954832,1.9298265817,44.201
              117.2971027881,1.9298217742,44.153
              117.2971106550,1.9298169665,44.153
              117.2971179599,1.9298120176,44.153
              117.2971252648,1.9298070687,44.153
              117.2971325697,1.9298021198,44.153
              117.2971398745,1.9297970295,44.223
              117.2971471794,1.9297919393,44.291
              117.2971544842,1.9297867076,44.359
              117.2971617891,1.9297816173,44.426
              117.2971690940,1.9297763857,44.493
              117.2971763988,1.9297712954,44.56
              117.2971837037,1.9297660638,44.627
              117.2971910085,1.9297609735,44.694
              117.2971983134,1.9297558833,44.761
              117.2972056182,1.9297506516,44.827
              117.2972129231,1.9297455614,44.894
              117.2972202280,1.9297404711,44.939
              117.2972275329,1.9297355222,44.939
              117.2972348378,1.9297307146,44.939
              117.2972427046,1.9297257656,44.939
              117.2972500095,1.9297208167,44.939
              117.2972573144,1.9297158678,44.939
              117.2972646193,1.9297110603,44.939
              117.2972724862,1.9297061112,44.939
              117.2972797911,1.9297011623,44.939
              117.2972870960,1.9296962134,44.939
              117.2972944009,1.9296915472,44.892
              117.2973033922,1.9296890012,44.231
              117.2973123834,1.9296861724,43.624
              117.2973213747,1.9296839090,42.887
              117.2973292415,1.9296789600,42.887
              117.2973365464,1.9296740111,42.887
              117.2973444134,1.9296697689,42.708
              117.2973517183,1.9296648200,42.708
              117.2973590233,1.9296601538,42.659
              117.2973668901,1.9296553461,42.615
              117.2973741951,1.9296505386,42.57
              117.2973820620,1.9296458723,42.526
              117.2973893669,1.9296410648,42.481
              117.2973972338,1.9296363985,42.429
              117.2974051008,1.9296322976,42.205
              117.2974124057,1.9296274901,42.14
              117.2974202727,1.9296228238,42.081
              117.2974281398,1.9296191470,41.752
              117.2974365687,1.9296150461,41.491
              117.2974444358,1.9296112279,41.176
              117.2974528650,1.9296081165,40.679
              117.2974618562,1.9296055705,40
              117.2974905115,1.9295727697,36.835
              117.2975096101,1.9295223006,37.189
              117.2975247762,1.9294798897,37.789
              117.2975326360,1.9294342288,40.294
              117.2975466781,1.9293912526,41.155
              117.2975663386,1.9293409247,41.485
              117.2975865612,1.9292905968,41.771
              117.2976079079,1.9292411167,41.566
              117.2976449868,1.9291735398,40.984
              117.2976618465,1.9291750918,40.984
              117.2977152354,1.9291794646,40.984
              117.2977585104,1.9291938757,39.789
              117.2978023465,1.9292030565,39.184
              117.2978484301,1.9292099750,38.947
              117.2979012570,1.9292139238,39.202
              117.2979540842,1.9292199930,39.202
              117.2979996056,1.9292254981,39.202
              117.2980501851,1.9292326986,39.202
              117.2980968306,1.9292396170,39.275
              117.2981496578,1.9292452622,39.649
              117.2982019231,1.9292514728,39.951
              117.2982463214,1.9292620670,39.832
              117.2982873494,1.9292821330,38.672
              117.2983283772,1.9293003613,37.736
              117.2983716535,1.9293221233,36.53
              117.2984171733,1.9293187226,38.292
              117.2984694381,1.9293219646,39.55
              117.2985110277,1.9293397688,38.933
              117.2985616092,1.9293579954,38.791
              117.2986026374,1.9293791922,38.295
              117.2986515331,1.9293986914,38.295
              117.2987004290,1.9294193214,38.167
              117.2987431426,1.9294369840,38.087
              117.2987869795,1.9294505469,38.79
              117.2988341894,1.9294710358,38.993
              117.2988791526,1.9294981691,38.368
              117.2989246772,1.9295221924,38.121
              117.2989634582,1.9295470650,37.524
              117.2990106693,1.9295737739,37.131
              117.2990488881,1.9295976571,36.611
              117.2990871070,1.9296215403,36.072
              117.2991343177,1.9296464114,35.907
              117.2991815287,1.9296731203,35.518
              117.2992186239,1.9296985586,34.798
              117.2992562810,1.9297239969,34.075
              117.2993029301,1.9297505645,33.698
              117.2993405872,1.9297761441,32.974
              117.2993844267,1.9298048325,32.215
              117.2994125305,1.9298318275,31.673
              117.2994833470,1.9298715373,30.97
              117.2994872836,1.9298870863,30.561
              117.2994968437,1.9299238384,29.592
              117.2994822395,1.9299654010,28.121
              117.2994681972,1.9300069636,26.65
              117.2994535929,1.9300481021,25.229
              117.2994468568,1.9300917838,24.091
              117.2994609152,1.9301425298,23.655
              117.2994755356,1.9301934171,23.226
              117.2994918407,1.9302372360,22.988
              117.2995132034,1.9302799231,23
              117.2995362527,1.9303261440,23
              117.2995593020,1.9303723649,23
              117.2995716736,1.9304180222,22.58
              117.2995812357,1.9304663659,22
              117.2996042850,1.9305125868,22
              117.2996273344,1.9305590904,22
              117.2996498215,1.9306041804,22
              117.2996717465,1.9306482811,22
              117.2996846797,1.9306916765,21.646
              117.2996908695,1.9307373350,21
              117.2996993081,1.9307882233,20.319
              117.2997150521,1.9308371313,20
              117.2997577663,1.9308580452,20
              117.2998027271,1.9308709010,20.071
              117.2998004885,1.9309241944,20.071
              117.2998308416,1.9309592465,20.03
              117.2998780527,1.9309859553,20.004
              117.2999241400,1.9310135124,19.949
              117.2999730365,1.9310373937,20.027
              117.3000185621,1.9310667887,19.91
              117.3000449827,1.9311094749,19.093
              117.3000848879,1.9311354782,19.017
              117.3001332225,1.9311593596,19.095
              117.3001798716,1.9311860685,19.069
              117.3002270827,1.9312129186,19.043
              117.3002737318,1.9312396275,19.017
              117.3003220664,1.9312635089,19.095
              117.3003608471,1.9312864024,19.056
              117.3004074962,1.9313131113,19.03
              117.3004547073,1.9313398201,19.004
              117.3005030419,1.9313637014,19.082
              117.3005513719,1.9313619965,19
              117.3005974567,1.9313752762,19.006
              117.3006412936,1.9313885563,19.082
              117.3006851313,1.9314065013,19.006
              117.3007182937,1.9314380189,18.4
              117.3007615707,1.9314635975,18.08
              117.3008048464,1.9314815426,18.006
              117.3008492453,1.9314946812,18.082
              117.3008925210,1.9315126263,18.006
              117.3009307313,1.9314880227,19.183
              117.3009762496,1.9314754335,20.082
              117.3010200873,1.9314933785,20.006
              117.3010639241,1.9315065173,20.082
              117.3011077618,1.9315244623,20.006
              117.3011515986,1.9315376010,20.082
              117.3011948743,1.9315555461,20.006
              117.3012392732,1.9315688261,20.082
              117.3012825489,1.9315867712,20.006
              117.3013263857,1.9315999099,20.082
              117.3013702234,1.9316178549,20.006
              117.3014140603,1.9316309936,20.082
              117.3014578980,1.9316490799,20.006
              117.3015017348,1.9316622187,20.082
              117.3015450105,1.9316801638,20.006
              117.3015894094,1.9316934437,20
              117.3016422368,1.9316999369,20.082
              117.3016855113,1.9317109553,19.924
              117.3017304702,1.9317133504,20.04
              117.3017754275,1.9317068398,20.456
              117.3018215112,1.9317138996,20.718
              117.3018647865,1.9317293002,21.142
              117.3019119937,1.9317338153,22.006
              117.3019496509,1.9317593948,22.142
              117.3019816909,1.9317995355,21.772
              117.3020193483,1.9318256805,21.891
              117.3020603762,1.9318441914,22.27
              117.3020980336,1.9318707605,22.369
              117.3021362527,1.9318956332,22.526
              117.3021744718,1.9319203645,22.694
              117.3022115676,1.9319489127,22.728
              117.3022492250,1.9319751990,22.838
              117.3022857590,1.9320044541,22.845
              117.3023245397,1.9320274890,23.068
              117.3023627590,1.9320530684,23.203
              117.3023981693,1.9320841615,23.147
              117.3024330179,1.9321169509,23.034
              117.3024729223,1.9321381478,23.325
              117.3025100181,1.9321662720,23.368
              117.3025471137,1.9321939720,23.433
              117.3025842093,1.9322211066,23.514
              117.3026218669,1.9322483825,23.589
              117.3026567155,1.9322811719,23.475
              117.3026960580,1.9323026517,23.753
              117.3027325919,1.9323316241,23.774
              117.3027668790,1.9323668168,23.577
              117.3028202694,1.9323792469,23.425
              117.3028511857,1.9324200946,22.925
              117.3028983927,1.9324233374,23.721
              117.3029472888,1.9324446741,24.077
              117.3029860697,1.9324681331,24.179
              117.3030360895,1.9324880559,24.588
              117.3030855475,1.9325084030,24.975
              117.3031226429,1.9325342653,24.994
              117.3031558062,1.9325703064,24.664
              117.3031929016,1.9325968755,24.657
              117.3032423597,1.9326175053,25.039
              117.3032682227,1.9326845056,23.35
              117.3032682227,1.9326845056,23.35
              117.3033137461,1.9327010366,23.582
              117.3033643277,1.9327192631,23.832
              117.3034031083,1.9327415911,24.283
              117.3034418891,1.9327644845,24.758
              117.3034654945,1.9327769200,25
              117.3034683052,1.9327813017,25
              117.3034683052,1.9327813017,25
              117.3034205994,1.9331335811,20
            </coordinates>
          </LinearRing>
        </outerBoundaryIs>
      </Polygon>
    </Placemark>
    <Placemark>
      <description>CROPLINE_COAL_2025_BDY_PIT</description>
      <styleUrl>#area1</styleUrl>
      <Polygon>
        <altitudeMode>relativeToGround</altitudeMode>
        <extrude>1</extrude>
        <outerBoundaryIs>
          <LinearRing>
            <coordinates>
              117.3159061220,1.9269722134,44
              117.3159314272,1.9270595695,43.028
              117.3159437985,1.9271016926,42.823
              117.3159556078,1.9271438158,42.615
              117.3159679791,1.9271859389,42.41
              117.3159803504,1.9272280621,42.21
              117.3159927217,1.9272700438,42.033
              117.3160056549,1.9273118841,41.927
              117.3160197120,1.9273534415,41.927
              117.3160337691,1.9273948575,41.927
              117.3160461404,1.9274369806,41.75
              117.3160573878,1.9274792453,41.473
              117.3160680733,1.9275220756,41.043
              117.3160793207,1.9275643402,40.766
              117.3160900061,1.9276070291,40.34
              117.3161018155,1.9276492937,40.08
              117.3161074435,1.9276936799,39.112
              117.3161130714,1.9277379247,38.167
              117.3161254427,1.9277799064,38
              117.3161394999,1.9278214638,38
              117.3161535570,1.9278628798,38
              117.3161676141,1.9279044371,38
              117.3161816713,1.9279459945,38
              117.3162041575,1.9279844404,39.03
              117.3162288916,1.9280223204,40.292
              117.3162491300,1.9280611907,40.998
              117.3162738587,1.9280698091,40.293
              117.3163165719,1.9280846440,47.211
              117.3163362486,1.9281250694,47.783
              117.3163407528,1.9281705866,46.613
              117.3163441332,1.9282168109,45.257
              117.3163756108,1.9282529933,47.228
              117.3164070868,1.9282814009,49.433
              117.3164424967,1.9283093836,52.13
              117.3164756589,1.9283386390,54.445
              117.3165009538,1.9283705818,55.94
              117.3165363638,1.9283988473,58.561
              117.3165667162,1.9284288100,60.631
              117.3165847042,1.9284541102,61.492
              117.3166099984,1.9284822362,62.967
              117.3166347307,1.9285103623,64.427
              117.3166622737,1.9285428701,65.993
              117.3166819501,1.9285813164,66.478
              117.3166976929,1.9286213185,66.478
              117.3166847769,1.9286726348,63.064
              117.3166741025,1.9286903068,61.093
              117.3166516306,1.9287291852,57.26
              117.3166404007,1.9287816320,53.946
              117.3166544580,1.9288238962,53.581
              117.3166679533,1.9288661605,53.198
              117.3166820094,1.9289022048,53.117
              117.3166820095,1.9289024875,53.121
              117.3166949431,1.9289464482,52.377
              117.3167106863,1.9289880052,52
              117.3167253055,1.9290299865,51.487
              117.3167404867,1.9290718264,51.055
              117.3167584775,1.9291121108,50.978
              117.3167770302,1.9291522537,50.978
              117.3167967068,1.9291918309,51.104
              117.3168158215,1.9292319737,51.104
              117.3168332504,1.9292723996,51.003
              117.3168546128,1.9293114111,51.288
              117.3168782230,1.9293492913,51.877
              117.3169035189,1.9293861816,52.701
              117.3169299386,1.9294225063,53.683
              117.3169580442,1.9294582652,54.812
              117.3169872737,1.9294933172,56.103
              117.3170187509,1.9295275205,57.644
              117.3170496661,1.9295617240,59.172
              117.3170794575,1.9295966344,60.523
              117.3171019437,1.9296347975,61.021
              117.3171182488,1.9296760717,60.717
              117.3171289345,1.9297198915,59.733
              117.3171384964,1.9297644182,58.575
              117.3171474963,1.9298089451,57.434
              117.3171593059,1.9298523406,56.556
              117.3171705536,1.9298958775,55.67
              117.3171840490,1.9299385658,55.018
              117.3171952961,1.9299787101,54.233
              117.3172020481,1.9300235201,52.722
              117.3172088001,1.9300680474,51.265
              117.3172127425,1.9301138475,49.503
              117.3172172468,1.9301595060,47.769
              117.3172206272,1.9302055889,45.915
              117.3172234457,1.9302520960,43.962
              117.3172172670,1.9302686363,42.473
              117.3172009774,1.9303109062,38.883
              117.3171880619,1.9303647670,35.047
              117.3171931270,1.9304042056,33.578
              117.3171965064,1.9304450581,31.905
              117.3171998859,1.9304859107,30.253
              117.3171993246,1.9304897275,30
              117.3171307749,1.9305536353,30
              117.3171302149,1.9305642375,29.455
              117.3171431454,1.9305909522,29.38
              117.3171583245,1.9306214832,29.296
              117.3171729417,1.9306521557,29.207
              117.3171914939,1.9306894714,29.043
              117.3172049848,1.9307077043,29.573
              117.3172336454,1.9307052958,29.873
              117.3172774796,1.9307044394,30.043
              117.3173207522,1.9307049967,30.043
              117.3173297440,1.9307055605,30
              117.3173454627,1.9306152282,30
              117.3174977573,1.9306050216,31.368
              117.3175219211,1.9305978077,32.2
              117.3176067784,1.9305888861,33.322
              117.3177956010,1.9305741491,35.237
              117.3179051843,1.9305594270,37.042
              117.3179855433,1.9305369356,39.643
              117.3180743323,1.9305168457,42
              117.3181951449,1.9304461427,50
              117.3182080536,1.9303558109,50
              117.3183530347,1.9303036216,55.995
              117.3187531502,1.9302277770,65
              117.3188436319,1.9302440164,63.337
              117.3189695702,1.9305384465,63.489
              117.3190190564,1.9307097660,61
              117.3190190815,1.9308440585,54.825
              117.3190162894,1.9309396187,50
              117.3189763828,1.9309073960,50
              117.3189539036,1.9309075416,50
              117.3189106349,1.9309276230,50
              117.3189354078,1.9311733028,40
              117.3189241782,1.9312267392,36
              117.3189950040,1.9313143693,38.604
              117.3190635838,1.9314120364,41.135
              117.3191237413,1.9315494274,42.407
              117.3191889472,1.9316363518,45.457
              117.3192586528,1.9317436312,48
              117.3193064433,1.9318622236,47.509
              117.3193885267,1.9320461180,47.463
              117.3194323748,1.9321189104,48.367
              117.3194638517,1.9321509932,50
              117.3194711575,1.9321516987,50
              117.3194975756,1.9321784108,50
              117.3194947726,1.9322153064,50
              117.3195060225,1.9322702935,48.415
              117.3195375110,1.9323644336,46.897
              117.3195459536,1.9324334159,44.204
              117.3195690035,1.9324799191,44.042
              117.3195853062,1.9325081881,44.152
              117.3195853113,1.9325356121,42.69
              117.3195931966,1.9326296153,38.288
              117.3196072548,1.9326758375,37
              117.3196005288,1.9327712570,31.214
              117.3196483032,1.9328034782,34.139
              117.3196831548,1.9328505446,35.471
              117.3197118216,1.9328813558,37
              117.3197388048,1.9329247483,37.946
              117.3197331913,1.9329583932,36
              117.3197028506,1.9329919013,31.431
              117.3197292775,1.9330661106,31
              117.3197618861,1.9331391877,31.229
              117.3198057351,1.9332169277,32
              117.3198917354,1.9333092198,36.115
              117.3199057934,1.9333544524,35.263
              117.3199389597,1.9334046291,36
              117.3199535840,1.9334731862,34
              117.3199670772,1.9335031520,33.813
              117.3199940583,1.9335355184,34.799
              117.3199957527,1.9335806121,32.638
              117.3200216123,1.9336258425,32.767
              117.3200547820,1.9336943961,32.394
              117.3200806377,1.9337191292,33.516
              117.3201098687,1.9337615318,34.077
              117.3201267370,1.9338088844,33.073
              117.3201582153,1.9338481766,34
              117.3201829505,1.9338911455,34.11
              117.3202431105,1.9340405521,33
              117.3202436809,1.9340855046,31
              117.3202908983,1.9341444429,32.759
              117.3203347398,1.9341818951,35.203
              117.3204027473,1.9342231594,40.013
              117.3204668275,1.9343000474,42.763
              117.3205674529,1.9344640063,45.414
              117.3205809534,1.9345331290,43.634
              117.3205787227,1.9346248724,39.258
              117.3205860351,1.9346603525,38.415
              117.3205815562,1.9347503999,34
              117.3205978734,1.9348554276,31
              117.3206147370,1.9348776180,31.767
              117.3205905900,1.9349747372,34
              117.3205439691,1.9350998500,36
              117.3205288099,1.9351763289,38.509
              117.3205378395,1.9353777658,50
              117.3206238284,1.9354084247,50
              117.3206423943,1.9355176928,57.589
              117.3206474665,1.9355941678,62.073
              117.3206525449,1.9357038625,68.361
              117.3206379409,1.9357435876,69
              117.3205941109,1.9357680513,66
              117.3205446608,1.9357906784,62.361
              117.3205115114,1.9358309724,61.253
              117.3204637626,1.9359350227,62
              117.3204070275,1.9360686191,63.494
              117.3203604011,1.9361647531,64
              117.3203154584,1.9362488711,64
              117.3202879273,1.9362811065,63
              117.3201839771,1.9363683457,57.413
              117.3200631668,1.9364527608,50
              117.3199934697,1.9363918477,50
              117.3199648108,1.9364035860,47.815
              117.3198462462,1.9364755610,40
              117.3197917420,1.9365185449,36.928
              117.3197552202,1.9365558710,35.293
              117.3197125163,1.9365919260,33
              117.3197451660,1.9368836878,47.931
              117.3198103730,1.9369751356,50
              117.3199216547,1.9370247320,50
              117.3199430174,1.9370637434,50
              117.3199441589,1.9371574652,50
              117.3199239365,1.9372049661,50
              117.3199880622,1.9375234390,40.665
              117.3200150642,1.9376664907,36.325
              117.3200504836,1.9377439495,36
              117.3202483229,1.9378589792,50
              117.3203028178,1.9377663778,50
              117.3204320959,1.9378848132,57
              117.3204911162,1.9379496864,59.682
              117.3205844418,1.9381436152,59.753
              117.3205844789,1.9383410957,50.404
              117.3205889900,1.9384222357,50
              117.3205215532,1.9384277616,50
              117.3205008315,1.9388087319,30
              117.3204092277,1.9388052154,30
              117.3204024849,1.9388104470,30
              117.3204328501,1.9389068490,28.651
              117.3204480410,1.9389995786,26
              117.3204834583,1.9390651631,26.574
              117.3205542839,1.9391491177,30
              117.3206599395,1.9391647886,30
              117.3207465009,1.9392498710,35
              117.3208004578,1.9392852009,38.915
              117.3208999496,1.9393955844,44.036
              117.3209078246,1.9394344570,43
              117.3209162717,1.9395263397,39.428
              117.3209556349,1.9396558183,37.029
              117.3209612722,1.9397485497,33
              117.3209595969,1.9398049528,30
              117.3209011666,1.9398896388,30
              117.3209236591,1.9399596079,28.631
              117.3209236686,1.9400100736,26
              117.3209450430,1.9401110009,23
              117.3210586017,1.9403135487,23.941
              117.3211890073,1.9404490884,30
              117.3211990895,1.9402713965,30
              117.3212125782,1.9402771897,31
              117.3213098039,1.9402914485,39.945
              117.3213660077,1.9403205580,44
              117.3214407640,1.9403872658,48
              117.3214598802,1.9404337697,47.58
              117.3214340850,1.9407303488,30
              117.3213323658,1.9407290960,30
              117.3213312631,1.9408417605,24.177
              117.3214212137,1.9410177370,24.193
              117.3215111431,1.9410821802,30
              117.3215796928,1.9410171413,30
              117.3218421799,1.9412336552,46.618
              117.3218590411,1.9412431231,47.858
              117.3219478639,1.9413984612,50
              117.3220585802,1.9414281256,50
              117.3221226589,1.9414946941,53.565
              117.3222828497,1.9416300867,63.68
              117.3223323247,1.9417376525,63.371
              117.3223520054,1.9417975855,62.383
              117.3223879867,1.9418733478,61.955
              117.3224121722,1.9419797875,58.756
              117.3223908407,1.9421060264,50.209
              117.3222745056,1.9420818761,50
              117.3222144257,1.9423579645,30.077
              117.3221160795,1.9423630723,30
              117.3221025985,1.9423979909,26.935
              117.3221144149,1.9424755955,24.294
              117.3222066105,1.9426357392,26
              117.3222740609,1.9427010347,30
              117.3222813279,1.9424964849,30
              117.3223482151,1.9425549952,34
              117.3224437639,1.9426164687,41
              117.3225595450,1.9426818963,50
              117.3226179737,1.9425891527,50
              117.3226781217,1.9426721197,52.504
              117.3227337844,1.9428109249,52.125
              117.3227557121,1.9428656271,51.951
              117.3228366594,1.9429795480,55.25
              117.3228653390,1.9430765158,53.934
              117.3228743519,1.9431879060,50
              117.3227979315,1.9432375382,50
              117.3227777245,1.9433657560,42.333
              117.3227833752,1.9435283193,35.746
              117.3228070139,1.9437150519,30
              117.3227103372,1.9436335055,30
              117.3226738083,1.9436335125,30
              117.3226805693,1.9437239819,26.669
              117.3227075748,1.9438835726,22.443
              117.3227654937,1.9440654922,20
              117.3229009809,1.9443238730,20.698
              117.3231145916,1.9446221023,27
              117.3231544973,1.9446471154,29.691
              117.3232033682,1.9445330281,30.275
              117.3233612968,1.9445912382,43
              117.3234012028,1.9446179476,45.592
              117.3234838247,1.9446717900,50
              117.3235197886,1.9446551025,50
              117.3235647475,1.9446559420,50
              117.3236265761,1.9447103539,53
              117.3236636913,1.9448378538,50.101
              117.3236198781,1.9449506678,50
              117.3236378879,1.9450891975,44.65
              117.3236581334,1.9451628423,42.844
              117.3236502773,1.9452239115,39
              117.3236469080,1.9452377655,38
              117.3236407544,1.9453859124,30
              117.3236306560,1.9454768090,30
              117.3236430304,1.9455329267,30
              117.3236362938,1.9455710953,30
              117.3236514796,1.9456349873,28.553
              117.3236779015,1.9456805002,28.73
              117.3237290555,1.9457507464,30
              117.3237447921,1.9457562565,30
              117.3237908820,1.9457934253,30
              117.3238302120,1.9457470516,30
              117.3238706780,1.9457633002,32.978
              117.3240156895,1.9458650516,41.303
              117.3241753140,1.9459745751,49.878
              117.3242405252,1.9460843995,50
              117.3242574019,1.9461743014,46.6
              117.3242889452,1.9465518688,30
              117.3242529975,1.9466528071,30
              117.3242462553,1.9466612900,30
              117.3242665056,1.9467603797,26.738
              117.3243289398,1.9470418161,19
              117.3244396964,1.9472802696,18.701
              117.3246128483,1.9475966006,18
              117.3246954833,1.9477177304,19.906
              117.3247455113,1.9477766679,22
              117.3248242128,1.9478999189,23.859
              117.3249489983,1.9480293808,30
              117.3250670240,1.9480751587,30
              117.3251890088,1.9482524009,32.604
              117.3252193669,1.9483092218,32.758
              117.3252497358,1.9484221629,30.174
              117.3252441530,1.9486155449,30
              117.3252868872,1.9487365410,28.139
              117.3253032056,1.9488451026,24
              117.3253206402,1.9489133763,21.916
              117.3253689860,1.9489916805,22
              117.3255342348,1.9491218413,30
              117.3256196503,1.9490890291,30
              117.3257573550,1.9491838551,38.414
              117.3258186291,1.9492761514,40.174
              117.3258343733,1.9493205355,39.909
              117.3258703852,1.9495536317,32.937
              117.3259153712,1.9496951247,30
              117.3259148287,1.9497963388,30
              117.3259783509,1.9498887760,30
              117.3260160103,1.9499217057,30
              117.3260553503,1.9499270697,30
              117.3263656297,1.9502549652,42.372
              117.3263909304,1.9503139075,41
              117.3263982751,1.9505159100,30.665
              117.3263673825,1.9506018631,30
              117.3263449072,1.9506234956,29.91
              117.3263482888,1.9506738192,28
              117.3263690955,1.9507423749,26.868
              117.3263691075,1.9508048562,23.705
              117.3263494486,1.9508595665,19.077
              117.3263635104,1.9509228931,17.24
              117.3263904999,1.9509962539,16.029
              117.3264573955,1.9510961826,16.897
              117.3265602699,1.9512561824,17
              117.3266687594,1.9513918671,19.429
              117.3268734030,1.9518091228,17.6
              117.3269026350,1.9518543524,17.994
              117.3269678540,1.9520022025,16.269
              117.3270128257,1.9520686331,17
              117.3271027794,1.9522540802,15.993
              117.3271398874,1.9523414336,15.117
              117.3273417157,1.9527298522,15
              117.3274243496,1.9528426416,17.339
              117.3273704071,1.9528850602,18.478
              117.3272619525,1.9529305995,16
              117.3271742909,1.9529738729,15.344
              117.3270529184,1.9530599851,20
              117.3270529184,1.9530599851,20
              117.3264162523,1.9533965472,20
              117.3262088941,1.9534744772,20
              117.3262898700,1.9537325854,20
              117.3252159781,1.9540726251,11
              117.3247299101,1.9543381944,11
              117.3246186452,1.9543827445,11
              117.3245034435,1.9544125939,11
              117.3243848670,1.9544273185,11
              117.3242657255,1.9544266348,11
              117.3241471431,1.9544105427,11
              117.3240448563,1.9543842696,11.324
              117.3239268312,1.9543438634,12.759
              117.3238093662,1.9542932792,16
              117.3237295565,1.9542542792,20
              117.3237132673,1.9542983868,20
              117.3236671802,1.9542769089,22.556
              117.3235615116,1.9541987571,26.778
              117.3234704519,1.9541057597,30
              117.3234204365,1.9541138269,30
              117.3233569161,1.9540310020,32.675
              117.3232534749,1.9538448504,33.94
              117.3232349217,1.9538054145,33.466
              117.3231871295,1.9536835711,30
              117.3232163449,1.9536421469,30
              117.3231736138,1.9535369830,27.36
              117.3231455042,1.9534835542,27.396
              117.3231050135,1.9533389504,20
              117.3231572790,1.9533424743,20
              117.3231415329,1.9532876295,17.26
              117.3230667556,1.9531146189,14
              117.3227536149,1.9525177146,14
              117.3226861565,1.9524128382,16.585
              117.3226316298,1.9523396240,20
              117.3226012900,1.9523792108,20
              117.3225057275,1.9522491777,25.788
              117.3224393950,1.9521546204,29.307
              117.3224230921,1.9521266342,29.644
              117.3223499998,1.9519481101,25.296
              117.3223202051,1.9518987811,26.222
              117.3222786037,1.9518233027,26.576
              117.3222150820,1.9517327029,30
              117.3221819313,1.9517670599,30
              117.3221111003,1.9516582260,33
              117.3220127258,1.9515173086,38.159
              117.3219357040,1.9513611202,37.081
              117.3219283936,1.9513375145,36
              117.3219098313,1.9512490264,30.125
              117.3219620963,1.9512504300,30
              117.3219525357,1.9512145263,28
              117.3219159898,1.9511261831,26
              117.3218895645,1.9510638482,24.599
              117.3218541465,1.9509958607,24.636
              117.3218232278,1.9509463905,25.605
              117.3217563347,1.9508581945,30
              117.3217310545,1.9509065446,30
              117.3216709047,1.9508156614,32.596
              117.3216523523,1.9507796181,32.474
              117.3216180543,1.9506912745,30
              117.3216472699,1.9506508398,30
              117.3216180336,1.9505820029,28.582
              117.3215854222,1.9504966275,26
              117.3215573060,1.9504078585,22.198
              117.3215258227,1.9503445351,21.809
              117.3215022055,1.9502718804,18
              117.3214628545,1.9502084172,18.646
              117.3214206937,1.9501463681,20
              117.3213830310,1.9500957683,22
              117.3213464922,1.9500446028,23.725
              117.3213093913,1.9499928720,25.522
              117.3212621698,1.9499155570,27.982
              117.3212205678,1.9498362618,28.984
              117.3211930143,1.9497506026,26.425
              117.3211750142,1.9496633867,21.456
              117.3211351118,1.9496561850,21.696
              117.3210895901,1.9496516702,22.78
              117.3210440689,1.9496499826,24.533
              117.3209996706,1.9496422163,24.833
              117.3209547109,1.9496382668,26.065
              117.3209131195,1.9496148090,22.546
              117.3208692829,1.9496057703,22.546
              117.3208254458,1.9495944699,21.972
              117.3207810472,1.9495851486,21.91
              117.3207372101,1.9495738482,21.356
              117.3206933735,1.9495649509,21.356
              117.3206489752,1.9495574673,21.709
              117.3206051384,1.9495470150,21.362
              117.3205568056,1.9495368463,20.748
              117.3205129686,1.9495256872,20
              117.3204786773,1.9494721182,20
              117.3204573146,1.9494339550,16
              117.3203336214,1.9491357082,16
              117.3204218555,1.9491481310,15.581
              117.3205100889,1.9491567371,15.359
              117.3205792148,1.9491654882,15.085
              117.3205466084,1.9491062644,15.042
              117.3205252455,1.9490668290,15.042
              117.3205033206,1.9490275350,15.042
              117.3204813957,1.9489880996,15.042
              117.3204600328,1.9489486642,15.042
              117.3204381079,1.9489092288,15.042
              117.3204167450,1.9488697933,15.042
              117.3203948201,1.9488303580,15.042
              117.3203728952,1.9487909226,15.042
              117.3203515323,1.9487514871,15.042
              117.3203296074,1.9487121931,15.042
              117.3203082445,1.9486727577,15.042
              117.3202863196,1.9486333223,15.042
              117.3202430318,1.9485544515,15.042
              117.3202211069,1.9485150161,15.042
              117.3201997440,1.9484755806,15.042
              117.3201778191,1.9484361453,15.042
              117.3201558943,1.9483968513,15.042
              117.3201345314,1.9483574158,15.042
              117.3201126065,1.9483179804,15.042
              117.3200912436,1.9482785450,15.042
              117.3200693187,1.9482391096,15.042
              117.3200473938,1.9481996742,15.042
              117.3200260309,1.9481602387,15.042
              117.3200041061,1.9481208034,15.042
              117.3199827432,1.9480815093,15.042
              117.3199608183,1.9480420739,15.042
              117.3199394554,1.9480026384,15.042
              117.3199175306,1.9479632030,15.042
              117.3198956057,1.9479237677,15.042
              117.3198742428,1.9478843322,15.042
              117.3198523179,1.9478448968,15.042
              117.3198309550,1.9478054613,15.042
              117.3198090302,1.9477661673,15.042
              117.3197871053,1.9477267319,15.042
              117.3197657424,1.9476872965,15.042
              117.3197438176,1.9476478611,15.042
              117.3197224547,1.9476084256,15.042
              117.3196786050,1.9475295549,15.042
              117.3196572421,1.9474901194,15.042
              117.3196246406,1.9474566232,15.531
              117.3196032843,1.9474516796,15.936
              117.3195993502,1.9474508322,16.064
              117.3196835906,1.9471463258,16
              117.3198032524,1.9469284665,16
              117.3199178690,1.9467778958,20
              117.3199937113,1.9466416099,20
              117.3199903347,1.9466167311,20
              117.3199588553,1.9465730567,22.14
              117.3199105111,1.9465015376,25
              117.3198453046,1.9464151788,30
              117.3198110287,1.9464430334,30
              117.3196879252,1.9462899635,40
              117.3196761253,1.9462997196,40
              117.3196536452,1.9462960485,40
              117.3196305945,1.9462462940,40
              117.3196210323,1.9462013432,40
              117.3196176499,1.9461456479,40
              117.3195496176,1.9459751802,36.838
              117.3195164430,1.9458820300,34.247
              117.3194872008,1.9457813869,30
              117.3195214758,1.9457488675,30
              117.3194590591,1.9455553569,23.146
              117.3194438739,1.9454938680,20
              117.3194877062,1.9454807132,20
              117.3194522843,1.9453909560,18.237
              117.3194140523,1.9453000686,17
              117.3193640164,1.9451980159,17
              117.3192937429,1.9450626059,18
              117.3192667609,1.9450267055,20
              117.3192150576,1.9450230400,20
              117.3191357944,1.9448985165,23.975
              117.3190059350,1.9446805634,29.121
              117.3189896328,1.9446555457,30
              117.3189789538,1.9446487624,30
              117.3189261233,1.9446278511,30
              117.3188957681,1.9445847420,32
              117.3188091948,1.9444373195,35.115
              117.3187709631,1.9443479869,34.051
              117.3187405981,1.9442527158,30.564
              117.3187237310,1.9442124312,30
              117.3187203481,1.9441536259,30
              117.3187180939,1.9441206894,30
              117.3187090979,1.9440976493,30
              117.3186230847,1.9439397660,30
              117.3186225142,1.9438945308,30
              117.3186067702,1.9438492985,30
              117.3186084525,1.9438300731,30
              117.3186000174,1.9438016613,29.404
              117.3185842737,1.9437578425,29.169
              117.3185640336,1.9437120456,29.578
              117.3185522220,1.9436590376,27.666
              117.3185269193,1.9435875141,27
              117.3185151077,1.9435342234,25
              117.3185061086,1.9434952096,23.553
              117.3184993582,1.9434598708,22
              117.3184954181,1.9434269346,20
              117.3185426241,1.9434232502,20
              117.3183183900,1.9434098635,18
              117.3180694179,1.9433397959,18
              117.3180682446,1.9430763002,17.821
              117.3180620158,1.9428252452,17.851
              117.3180546751,1.9426383681,18
              117.3180411645,1.9425156698,18.441
              117.3180833024,1.9424572799,19
              117.3179669693,1.9424441554,19
              117.3180096596,1.9423347344,21
              117.3179995394,1.9423104223,22
              117.3180439284,1.9422691366,22
              117.3182237325,1.9421054072,21.885
              117.3182984816,1.9421335237,19
              117.3185125600,1.9419338822,19
              117.3185333223,1.9417676384,19
              117.3184045810,1.9415164653,19
              117.3186484270,1.9412235202,19
              117.3187563261,1.9412144527,19.866
              117.3187023747,1.9412090912,20
              117.3184820001,1.9407970672,22.051
              117.3184516432,1.9407444869,22.816
              117.3183571929,1.9405461761,21.266
              117.3182104616,1.9402586767,21.252
              117.3181486244,1.9401564848,23.363
              117.3181120860,1.9401060260,25.642
              117.3180165279,1.9399936625,30
              117.3179524897,1.9401426685,30
              117.3177630618,1.9399302395,40
              117.3177445265,1.9399845255,40
              117.3176641499,1.9399151326,47
              117.3176354836,1.9398871487,49
              117.3176219921,1.9398662299,49
              117.3175202315,1.9396424755,40
              117.3175590040,1.9396195678,40
              117.3175522553,1.9395932760,38
              117.3174937812,1.9394435863,30
              117.3176084122,1.9393713294,30
              117.3175623095,1.9392631974,25
              117.3175089048,1.9391758467,24.226
              117.3173807517,1.9390629239,24
              117.3171907753,1.9389217406,28.248
              117.3171250145,1.9388741145,30
              117.3169996871,1.9388460073,30
              117.3168591832,1.9388019293,30
              117.3166759289,1.9385435568,40
              117.3166107338,1.9385162865,40
              117.3164904390,1.9383517656,47.081
              117.3164370300,1.9382405249,46.308
              117.3164038476,1.9381034115,40
              117.3164499290,1.9380970416,40
              117.3164021230,1.9378950464,30.303
              117.3165662275,1.9379259735,30
              117.3165499178,1.9378596785,26.987
              117.3164189135,1.9375235479,22
              117.3163076023,1.9373152034,25.37
              117.3162530766,1.9372426958,30
              117.3162126133,1.9372393107,30
              117.3161609066,1.9372161373,30
              117.3161226870,1.9371898514,30
              117.3160220679,1.9370591118,30
              117.3159281931,1.9369306327,38
              117.3157881985,1.9366008649,36.682
              117.3157522038,1.9364504641,30
              117.3158055756,1.9363611143,30
              117.3158066765,1.9362365755,30
              117.3157420198,1.9360810910,24
              117.3157032344,1.9360345907,22.179
              117.3155655473,1.9360258521,22
              117.3153232434,1.9355400414,22
              117.3151827023,1.9352926868,22.199
              117.3151590949,1.9352702149,22.63
              117.3151332469,1.9352873243,22.628
              117.3151186535,1.9353857140,22.57
              117.3150821158,1.9353372342,23
              117.3149348218,1.9350404046,23
              117.3149213323,1.9350298051,23.301
              117.3149123381,1.9350160948,23.384
              117.3149050283,1.9349941853,23.26
              117.3148909748,1.9349727011,23.392
              117.3148786025,1.9349256304,23
              117.3148296919,1.9348265458,23
              117.3148128263,1.9347934706,23.028
              117.3147746046,1.9347557344,23.729
              117.3147723510,1.9347249183,23.623
              117.3147903281,1.9346904229,23.123
              117.3147605228,1.9345807327,23.246
              117.3147189059,1.9344161969,24
              117.3147042752,1.9343120169,24
              117.3148009322,1.9342917843,23.62
              117.3148048492,1.9342003233,23
              117.3147941579,1.9341258283,23
              117.3148008956,1.9340931728,22.562
              117.3147963882,1.9340304096,22.381
              117.3147761507,1.9339969109,23
              117.3147660223,1.9339277875,23
              117.3147744425,1.9338759066,22.35
              117.3147485795,1.9338118751,23
              117.3147356347,1.9337074121,23
              117.3146990896,1.9336183618,23
              117.3146524302,1.9335372296,23.465
              117.3146675985,1.9335090960,23.643
              117.3147271553,1.9334374151,23.413
              117.3147664867,1.9333979682,23.069
              117.3147794042,1.9333541440,23
              117.3146225700,1.9331288446,30
              117.3145225552,1.9332256952,30.121
              117.3143960852,1.9330934053,40
              117.3143623724,1.9331263486,40.089
              117.3143213403,1.9330856444,44
              117.3142713064,1.9329900940,43.341
              117.3142499392,1.9329253548,40.413
              117.3142954570,1.9329106449,39.932
              117.3142600345,1.9328145263,36.212
              117.3142454147,1.9327691523,34
              117.3142425974,1.9327291478,30
              117.3142566458,1.9327227840,30
              117.3143521876,1.9327507556,30
              117.3144066991,1.9327472114,30
              117.3143763353,1.9326557568,25.857
              117.3143195534,1.9325368832,24
              117.3142425366,1.9323982228,24
              117.3141874492,1.9323259978,27.228
              117.3141615901,1.9322823222,27.484
              117.3141346096,1.9322532070,29.834
              117.3140166062,1.9323210820,30
              117.3139800686,1.9322728848,33.227
              117.3139294775,1.9322033449,38
              117.3138985588,1.9321500577,40
              117.3138429194,1.9321318325,40
              117.3137743411,1.9320410918,46
              117.3137310583,1.9319848384,50
              117.3137164464,1.9319828620,50
              117.3136939652,1.9319722642,50
              117.3136647374,1.9319458352,50
              117.3134853901,1.9315339438,50
              117.3135224757,1.9315062303,50
              117.3134853523,1.9313276988,40.731
              117.3135145660,1.9312772277,40
              117.3134712695,1.9311459118,36
              117.3134746337,1.9311043512,31
              117.3134352787,1.9310148772,30
              117.3133195283,1.9311105998,28.465
              117.3131401882,1.9307365930,28
              117.3129518557,1.9303586298,28
              117.3128090643,1.9300934639,29.411
              117.3129849624,1.9300845256,30
              117.3129174969,1.9299321514,31.525
              117.3128764536,1.9298293899,34.665
              117.3128140379,1.9296329103,36.73
              117.3127960375,1.9295397570,40
              117.3127499527,1.9295261949,40
              117.3127010246,1.9293297128,49.495
              117.3126970830,1.9292875881,50
              117.3127032439,1.9291730849,47.295
              117.3127307587,1.9290516511,47
              117.3127425392,1.9289360160,50
              117.3127795987,1.9287652456,50
              117.3128279114,1.9286692528,43.499
              117.3128604973,1.9286206188,40
              117.3129037726,1.9286364431,40
              117.3129268094,1.9286122662,38
              117.3129661385,1.9285608037,36.049
              117.3129998512,1.9285275777,33
              117.3130998555,1.9283739003,30.59
              117.3132605808,1.9283694884,30
              117.3133077740,1.9282982340,28.708
              117.3133712671,1.9282402644,27.668
              117.3133903781,1.9282603340,27.63
              117.3134083621,1.9282640061,27.686
              117.3135449232,1.9282646876,28.337
              117.3135808911,1.9282713249,28.545
              117.3136674345,1.9282635340,29.145
              117.3137011605,1.9283033914,29
              117.3137275703,1.9282854337,27.61
              117.3137803873,1.9282362305,27
              117.3138938930,1.9281588852,28
              117.3139804283,1.9281067071,27.419
              117.3140984346,1.9280559368,26
              117.3142327354,1.9279890483,26.304
              117.3144108654,1.9278944451,28
              117.3144912208,1.9278524460,28.587
              117.3145710165,1.9278234523,26.539
              117.3146041681,1.9277955981,29
              117.3145895472,1.9277437215,30
              117.3145923492,1.9277010301,30
              117.3145608709,1.9276604655,30.205
              117.3145855927,1.9276317647,33.749
              117.3146479662,1.9275976852,34.521
              117.3148418304,1.9274964351,36
              117.3148957725,1.9274537342,39.533
              117.3148788958,1.9273593085,40
              117.3148580815,1.9272448103,40
              117.3148456925,1.9271061379,40.094
              117.3149530129,1.9270105583,49.526
              117.3157059966,1.9266410430,50
              117.3157172397,1.9266604073,47.863
              117.3159061220,1.9269722134,44
            </coordinates>
          </LinearRing>
        </outerBoundaryIs>
      </Polygon>
    </Placemark>
    <Placemark>
      <description>CROPLINE_COAL_2025_BDY_PIT</description>
      <styleUrl>#area1</styleUrl>
      <Polygon>
        <altitudeMode>relativeToGround</altitudeMode>
        <extrude>1</extrude>
        <outerBoundaryIs>
          <LinearRing>
            <coordinates>
              117.3299579694,1.9509038111,53.404
              117.3300804949,1.9509681059,47.615
              117.3301232084,1.9509812440,46.193
              117.3301721116,1.9510346685,42.119
              117.3301906629,1.9510640678,40
              117.3302199059,1.9511652760,40
              117.3302328335,1.9511751686,40
              117.3301580978,1.9512185810,39.504
              117.3300524541,1.9512682193,38.46
              117.3300181901,1.9513561521,37.85
              117.3300221382,1.9514292346,37.613
              117.3299721285,1.9514654327,40
              117.3300109116,1.9514962416,40
              117.3299732659,1.9515341336,44
              117.3298917912,1.9516025680,49.894
              117.3299227074,1.9516380434,50
              117.3298513486,1.9517070413,57
              117.3297485162,1.9517638884,58.134
              117.3296524250,1.9518071636,57.061
              117.3296108398,1.9518163602,54.6
              117.3294984492,1.9518505915,50
              117.3294624759,1.9518189339,50
              117.3293669427,1.9518418531,44.622
              117.3292438764,1.9518865472,41
              117.3292073508,1.9519045071,40.97
              117.3291792534,1.9519142665,40
              117.3291837386,1.9518594179,39.563
              117.3290775303,1.9518961924,36
              117.3289510903,1.9519314160,30
              117.3289634477,1.9518991835,30
              117.3289628811,1.9518754350,30
              117.3289426505,1.9518802453,28.899
              117.3286555010,1.9520116255,26.227
              117.3285335608,1.9520672040,25.096
              117.3284318456,1.9520897003,24.735
              117.3283396790,1.9520854776,24.467
              117.3282559390,1.9520645727,24.248
              117.3282182818,1.9520435174,24.101
              117.3281440946,1.9520175217,26.925
              117.3280862001,1.9519665020,27.925
              117.3280738331,1.9519495412,27.08
              117.3280412224,1.9518698204,23.208
              117.3278731281,1.9515580125,20
              117.3277933020,1.9514337724,20
              117.3277241620,1.9513527865,23.495
              117.3276561474,1.9512792925,27.709
              117.3276123007,1.9512182334,28.676
              117.3275572004,1.9510853655,22.675
              117.3275442657,1.9510391433,20
              117.3276403448,1.9509331042,20
              117.3274491982,1.9505637671,17.676
              117.3274042222,1.9504754257,17.037
              117.3272946003,1.9502960609,18
              117.3272417585,1.9502180404,19.41
              117.3271073962,1.9499708275,18
              117.3270219431,1.9498088452,18
              117.3269623488,1.9496854493,18.08
              117.3269038799,1.9495695453,18.252
              117.3268482258,1.9494786615,20
              117.3268094633,1.9495540141,20
              117.3267431518,1.9495683044,20
              117.3266267961,1.9494402547,30
              117.3265790284,1.9494459184,30
              117.3264587374,1.9493106600,40
              117.3263069901,1.9492524492,40
              117.3262597748,1.9492082126,40
              117.3262496547,1.9491855969,40
              117.3262665106,1.9491665100,40
              117.3263721605,1.9491493848,40
              117.3263440341,1.9490081713,30
              117.3263923639,1.9490033556,30
              117.3263934796,1.9489602405,25
              117.3263754831,1.9488932392,21.148
              117.3263468142,1.9488532398,22.695
              117.3262855483,1.9488039170,30
              117.3262467757,1.9488271076,30
              117.3261461613,1.9487281750,40
              117.3260607537,1.9488016990,40
              117.3260382752,1.9488066510,40
              117.3260174755,1.9487742835,40
              117.3259870769,1.9485071184,40
              117.3260033658,1.9484618799,40
              117.3259729939,1.9483336720,32
              117.3259594976,1.9482887221,30
              117.3260140122,1.9482990308,30
              117.3260117494,1.9482217071,23.345
              117.3260044373,1.9481889129,22
              117.3259841937,1.9481260115,20.902
              117.3259319087,1.9480201428,24
              117.3258526415,1.9478779497,29.976
              117.3258121825,1.9478981721,30
              117.3257660894,1.9478444641,32.242
              117.3256783902,1.9476909639,33.002
              117.3256480331,1.9476390905,34
              117.3255698946,1.9475217766,39
              117.3255294167,1.9474437536,40
              117.3254917508,1.9473763320,40
              117.3253635989,1.9472755670,40
              117.3253366160,1.9472358499,40
              117.3253304243,1.9471848201,40
              117.3253427814,1.9471501844,40
              117.3253731233,1.9471226132,40
              117.3253444347,1.9469801276,30
              117.3253905159,1.9469719197,30
              117.3253730781,1.9468872482,25.056
              117.3253264107,1.9467686560,22.863
              117.3252915292,1.9465680724,20
              117.3253123128,1.9465168959,20
              117.3254022174,1.9464494496,20
              117.3252947913,1.9459951383,20
              117.3251683547,1.9460473248,20
              117.3250991831,1.9457989680,22.476
              117.3250306017,1.9456983327,24.191
              117.3249502108,1.9455567052,24.614
              117.3249086129,1.9454991796,26.855
              117.3248130466,1.9453476598,30
              117.3247332347,1.9452946652,30.078
              117.3246213697,1.9451373527,36.313
              117.3245977572,1.9450894361,36.495
              117.3245493944,1.9449212267,30
              117.3245696139,1.9448586001,30
              117.3245476795,1.9447694060,25.65
              117.3245206954,1.9447231863,26.664
              117.3244819096,1.9446764036,30
              117.3244341419,1.9446815018,30
              117.3243340829,1.9445463806,36.88
              117.3242981079,1.9445042622,40
              117.3242340407,1.9444993269,40
              117.3242025721,1.9445123382,40
              117.3241739196,1.9445580031,40
              117.3241115264,1.9444895967,45.988
              117.3240828570,1.9444466287,48
              117.3240322542,1.9443198382,47
              117.3240249305,1.9442261177,40
              117.3241530549,1.9441839676,40
              117.3241429202,1.9440844518,33.56
              117.3240990682,1.9439939897,30
              117.3241204143,1.9439456403,30
              117.3240450729,1.9437592005,22
              117.3239433248,1.9436066923,25
              117.3238764343,1.9435312188,30
              117.3238370995,1.9435522891,30
              117.3237111891,1.9434157592,40
              117.3236544314,1.9434296235,40
              117.3235903741,1.9434764261,40
              117.3235257312,1.9433985490,44.278
              117.3234627683,1.9432899963,46
              117.3233936251,1.9431890783,50
              117.3233351757,1.9431729745,50
              117.3232660339,1.9430794073,54.797
              117.3231912666,1.9429554486,57.56
              117.3231462884,1.9428532537,56.277
              117.3231395380,1.9428184803,54
              117.3231412148,1.9427699934,50
              117.3231788655,1.9427585360,49.901
              117.3231754842,1.9427089191,45.355
              117.3231687353,1.9426823447,44
              117.3231608573,1.9426286292,40
              117.3232496506,1.9426277640,40
              117.3233159664,1.9426372224,40
              117.3233030259,1.9425587698,34.439
              117.3232923319,1.9424729661,30
              117.3232737761,1.9424188287,30
              117.3231804598,1.9422762140,39.921
              117.3230590773,1.9423074780,40
              117.3229803770,1.9421884677,48.857
              117.3229533974,1.9421652898,50
              117.3229011292,1.9421457921,50.122
              117.3228454779,1.9420669237,56
              117.3228117506,1.9420229671,60
              117.3227257645,1.9420094130,60
              117.3226785507,1.9419712547,60
              117.3226212069,1.9418581774,60
              117.3226425526,1.9418068595,60
              117.3226650286,1.9417894679,60
              117.3227240332,1.9417699488,60
              117.3227245703,1.9416387663,50
              117.3227644679,1.9416219367,50
              117.3227908716,1.9415720314,47.396
              117.3227953496,1.9414777432,40
              117.3227818540,1.9414357617,40
              117.3227211437,1.9413505331,47.266
              117.3227099032,1.9413462944,47.787
              117.3226874234,1.9413434715,48.95
              117.3226677541,1.9413444648,50
              117.3226480889,1.9413662381,50
              117.3226374152,1.9413874442,50
              117.3225559088,1.9412879421,60
              117.3225300609,1.9413056171,60
              117.3224851107,1.9413501543,60
              117.3224626347,1.9413679700,60
              117.3224452156,1.9413801303,60
              117.3224187881,1.9413047903,60
              117.3224789039,1.9412184076,60
              117.3224929476,1.9411875883,60
              117.3224974305,1.9411187450,60
              117.3224738079,1.9410169700,57.298
              117.3224636679,1.9408886167,50
              117.3224883837,1.9408285338,50
              117.3224911850,1.9407825911,49
              117.3224990421,1.9407266109,47.526
              117.3225198299,1.9406973453,45.875
              117.3225259991,1.9406304807,40
              117.3225838820,1.9406234015,40
              117.3225973655,1.9406017708,40
              117.3225810567,1.9405425439,39
              117.3225495540,1.9403751793,33
              117.3225484223,1.9403346090,30
              117.3225939419,1.9403292286,30
              117.3225905661,1.9403084493,29.499
              117.3225714481,1.9402523329,29.416
              117.3225613281,1.9402298585,29.713
              117.3225298536,1.9402113463,30
              117.3225090621,1.9402215283,30
              117.3224809569,1.9401895862,33.907
              117.3224191199,1.9400897976,40
              117.3223769849,1.9401618995,40
              117.3223494366,1.9401030989,41.957
              117.3222898389,1.9399579331,44.417
              117.3222600504,1.9399399861,45.683
              117.3222060984,1.9399308080,48.39
              117.3221729398,1.9399226154,50
              117.3221397898,1.9399592341,50.04
              117.3220684041,1.9398857404,60
              117.3220352576,1.9399414427,60
              117.3219638964,1.9399975765,60.026
              117.3219430961,1.9399606854,61.903
              117.3219144190,1.9398760160,61.646
              117.3219087921,1.9398388393,60
              117.3219346297,1.9397667405,60
              117.3219424819,1.9396844673,60
              117.3219407870,1.9396373946,60
              117.3219520246,1.9396260836,60
              117.3219767512,1.9396231103,60
              117.3219750461,1.9395217552,52.64
              117.3219716657,1.9394768032,50
              117.3220233710,1.9394919189,50
              117.3220548389,1.9394752324,48
              117.3220891180,1.9394656133,46
              117.3221312611,1.9394362023,43.188
              117.3221312521,1.9393887052,40
              117.3221666524,1.9393643844,40
              117.3221492159,1.9392846605,37.698
              117.3220890424,1.9390658461,34
              117.3220665488,1.9389902226,33.219
              117.3220344935,1.9388723341,31.114
              117.3220316793,1.9388495756,30
              117.3220738251,1.9388341593,30
              117.3220693101,1.9387332288,26
              117.3220518773,1.9386728712,25.511
              117.3220192664,1.9385884853,26
              117.3219709266,1.9385393011,30
              117.3219434001,1.9385955679,30
              117.3219136077,1.9385569822,33.627
              117.3218669460,1.9384660963,37
              117.3218332160,1.9384074382,40
              117.3218073619,1.9383918935,41.108
              117.3217500258,1.9383183971,42.779
              117.3216730177,1.9382306270,45.277
              117.3216527835,1.9382155053,46.07
              117.3216314259,1.9382036351,47
              117.3215977051,1.9381933222,48.602
              117.3215707297,1.9381921965,50
              117.3215398293,1.9382380031,50
              117.3214487633,1.9381058485,60
              117.3213549389,1.9382472269,60
              117.3212908550,1.9381522449,67
              117.3212700536,1.9381092753,68.31
              117.3212661137,1.9380771872,66.714
              117.3212677842,1.9379956219,60
              117.3213380279,1.9379738390,60
              117.3213638786,1.9379712896,60
              117.3214060294,1.9379824490,60
              117.3213958939,1.9378775615,54
              117.3213846456,1.9378313388,52.945
              117.3213868872,1.9377978360,50
              117.3214374674,1.9378077216,50
              117.3214515145,1.9377948551,49
              117.3214576912,1.9377677127,48.179
              117.3214543140,1.9377392999,47.822
              117.3213963798,1.9374741188,46
              117.3213958075,1.9374192711,45
              117.3214149049,1.9373659746,43
              117.3214418671,1.9372976923,40.273
              117.3214384906,1.9372732376,40
              117.3213749453,1.9370535757,37.078
              117.3213322035,1.9368884748,33.835
              117.3212714786,1.9367242256,34.556
              117.3212382951,1.9365832956,31
              117.3212371685,1.9365694425,30.164
              117.3212394142,1.9365572851,30
              117.3212534611,1.9365432877,30
              117.3212652564,1.9365097830,30
              117.3212455766,1.9364545149,30
              117.3214928287,1.9363490128,30
              117.3216513045,1.9363331502,45
              117.3216805072,1.9362251453,45
              117.3217271551,1.9362435132,47.75
              117.3218064068,1.9363085239,50.312
              117.3219688377,1.9364051834,58
              117.3220795597,1.9364669367,63.531
              117.3221211524,1.9364990176,65
              117.3221498138,1.9365009912,65
              117.3222144364,1.9364727067,65
              117.3223453905,1.9365384143,72
              117.3223611299,1.9365593326,72
              117.3224426567,1.9367676823,65
              117.3224027741,1.9368638150,64.973
              117.3224663147,1.9370576079,57.436
              117.3224983654,1.9371514651,53.832
              117.3225433430,1.9372519637,51
              117.3225692031,1.9372995972,50
              117.3226389061,1.9373903373,50
              117.3227018579,1.9374424872,52
              117.3227979780,1.9375544262,55.686
              117.3228890420,1.9376754133,58.582
              117.3229930286,1.9377807068,63.419
              117.3230171965,1.9377948382,65
              117.3230998009,1.9377582100,65
              117.3231363330,1.9377757317,67.618
              117.3231571322,1.9378066856,68
              117.3231908741,1.9379276837,65
              117.3231335683,1.9380139245,65
              117.3231515761,1.9381424176,60.519
              117.3231735204,1.9382850461,56.126
              117.3231909589,1.9383749479,53.64
              117.3232038883,1.9383950186,53.997
              117.3233736401,1.9385699902,62.449
              117.3233978113,1.9386010848,63.412
              117.3234208606,1.9386436299,63.715
              117.3234467169,1.9386704834,65
              117.3235467499,1.9386714537,65
              117.3236237580,1.9387582342,68.952
              117.3236327538,1.9387801433,68.917
              117.3236344571,1.9388716031,65
              117.3235608480,1.9389268892,65
              117.3235372903,1.9391669237,51
              117.3235429293,1.9392678539,45
              117.3234552662,1.9393002423,45
              117.3234620389,1.9394526275,35.613
              117.3235227431,1.9395057673,37.58
              117.3237565767,1.9397628569,41.488
              117.3238234666,1.9398364928,42.625
              117.3238532603,1.9398817223,42.627
              117.3238841875,1.9399769933,40
              117.3239089325,1.9400702864,36.893
              117.3239348047,1.9401806838,33.674
              117.3239769629,1.9402305759,35
              117.3241320876,1.9403227130,45
              117.3242062594,1.9402703954,45
              117.3243231634,1.9403311578,53
              117.3244192773,1.9404093116,58.041
              117.3245187577,1.9404587685,65
              117.3245805616,1.9403844010,65
              117.3247351279,1.9404944909,74.385
              117.3248127252,1.9407237624,70.069
              117.3248481585,1.9408721840,65
              117.3248189615,1.9410091678,65
              117.3248453925,1.9411023192,63
              117.3248909309,1.9411953255,62.837
              117.3249971752,1.9413502359,63.725
              117.3250219148,1.9414146915,62.93
              117.3250348704,1.9415717403,57
              117.3250230827,1.9416444018,53
              117.3250040045,1.9417977815,45.072
              117.3248899135,1.9417536991,45
              117.3248781347,1.9418732923,39
              117.3248798588,1.9420728928,30
              117.3247489043,1.9420081750,30
              117.3247641035,1.9421424645,25.103
              117.3248681151,1.9423763958,23.23
              117.3249170244,1.9424643124,23.165
              117.3249704353,1.9425814898,22
              117.3250418209,1.9426535698,25
              117.3251283778,1.9427132071,30
              117.3251244348,1.9426657108,30
              117.3250799961,1.9424457627,30
              117.3251491291,1.9424931050,34.137
              117.3252295072,1.9425690000,37.713
              117.3253424919,1.9427046841,41
              117.3254307385,1.9427841115,45
              117.3254380401,1.9427623406,45
              117.3253801245,1.9425987979,45
              117.3253975364,1.9425484702,45
              117.3255251296,1.9426686018,50.574
              117.3255594218,1.9427274011,50.477
              117.3256465404,1.9427854833,55.486
              117.3257117382,1.9428254756,59.199
              117.3257926683,1.9428493498,65
              117.3258021968,1.9427174588,65
              117.3257487876,1.9426091871,65.256
              117.3257808238,1.9426252960,67.391
              117.3258241082,1.9426866380,68
              117.3259117812,1.9427052805,75
              117.3260483806,1.9429000486,75
              117.3260663878,1.9430241594,70
              117.3260798829,1.9430633136,69.55
              117.3260782149,1.9431564704,65
              117.3259421997,1.9430776178,65
              117.3259158126,1.9432136115,56
              117.3259073999,1.9433025288,51
              117.3259001171,1.9434225452,45
              117.3257826556,1.9433868038,44.589
              117.3257843689,1.9435295774,38.517
              117.3258006769,1.9435837153,37.834
              117.3258310324,1.9436278138,39
              117.3259164667,1.9436940952,45
              117.3259771860,1.9438248418,45
              117.3260598300,1.9439936100,44.512
              117.3260918753,1.9440574986,44.432
              117.3260980678,1.9441129107,42.423
              117.3260941508,1.9442011203,38
              117.3260902360,1.9443002146,33
              117.3260823771,1.9443465824,30
              117.3259919011,1.9443645527,30
              117.3259857325,1.9444335377,25.91
              117.3259503362,1.9444784972,20
              117.3259806939,1.9445340459,20
              117.3260413994,1.9445922746,22.723
              117.3261909266,1.9447977835,27.145
              117.3262375791,1.9448382035,30
              117.3263089395,1.9447778287,30
              117.3264337197,1.9448805734,36.753
              117.3265792925,1.9449792146,45
              117.3266540268,1.9449291585,45
              117.3267529493,1.9449981231,51.033
              117.3268248898,1.9450324596,56.324
              117.3268839052,1.9450690605,60.177
              117.3269350567,1.9451258773,62.167
              117.3269721497,1.9451361894,65
              117.3269873027,1.9450297421,65
              117.3269884174,1.9449815380,65
              117.3270772208,1.9450325518,71.029
              117.3271311759,1.9450569966,74.53
              117.3272475371,1.9452148734,75
              117.3273138855,1.9453926918,72.586
              117.3273116464,1.9454384929,70
              117.3272903036,1.9455038056,65
              117.3272082612,1.9455418475,65
              117.3271605073,1.9456184741,57
              117.3271369190,1.9456967923,51.086
              117.3271335580,1.9457533371,48
              117.3271195159,1.9457920726,45
              117.3270464675,1.9458421284,44.884
              117.3270453647,1.9459518242,38
              117.3270431316,1.9460285833,33
              117.3270566338,1.9461043498,30
              117.3269672831,1.9461295294,30
              117.3269999096,1.9462925115,25.273
              117.3270162153,1.9463346337,25
              117.3270297060,1.9463510288,25.673
              117.3270774798,1.9463774539,29
              117.3271033423,1.9464355480,28.583
              117.3271280767,1.9464722968,29.137
              117.3271494399,1.9465127217,29.42
              117.3271691152,1.9465426863,30
              117.3271741704,1.9465289733,30
              117.3271505472,1.9464260676,30
              117.3271387411,1.9464030282,30
              117.3271392979,1.9463764523,30
              117.3271617730,1.9463542544,30
              117.3271893149,1.9463781389,30
              117.3272567698,1.9464647796,32.477
              117.3273719930,1.9465499974,40.527
              117.3274338269,1.9466308434,44
              117.3274484405,1.9466408771,45
              117.3275046186,1.9465352700,45
              117.3275417162,1.9465694720,47.61
              117.3276187173,1.9466173781,53.235
              117.3276659281,1.9466385729,57
              117.3277699010,1.9466682382,65
              117.3278373273,1.9466070160,65
              117.3279092668,1.9466351327,70
              117.3279986335,1.9466926488,74.821
              117.3280138110,1.9467131431,75
              117.3280599139,1.9468174580,75
              117.3280891585,1.9469281374,73
              117.3280745537,1.9469630562,70
              117.3280504025,1.9470365683,65
              117.3279666739,1.9470733384,64.95
              117.3279560022,1.9471044397,62.931
              117.3279526498,1.9472050889,59
              117.3279504321,1.9473617166,51.566
              117.3279583117,1.9474229241,49.327
              117.3280083649,1.9476116303,45
              117.3279701729,1.9477305218,45
              117.3280696839,1.9479356161,42.759
              117.3280876774,1.9479872091,42.02
              117.3281264653,1.9480437456,43
              117.3281691841,1.9480848731,45
              117.3282068333,1.9480652167,45
              117.3282568486,1.9480578561,45
              117.3284046756,1.9481866064,52.768
              117.3284901059,1.9482311181,58.976
              117.3285390069,1.9482735166,61.755
              117.3285732972,1.9483214310,62.516
              117.3286148942,1.9483734435,63.562
              117.3286458148,1.9484321019,63.094
              117.3287059588,1.9484921683,65
              117.3287357445,1.9484944242,65
              117.3287582252,1.9485009223,65
              117.3287807079,1.9485180225,65
              117.3287981360,1.9485518042,65
              117.3287947685,1.9485744225,65
              117.3287717314,1.9485970447,64.999
              117.3287728732,1.9486889287,60
              117.3288043798,1.9488715600,54
              117.3288015773,1.9489095864,52
              117.3288043949,1.9489490254,50.555
              117.3288139573,1.9489936934,49.539
              117.3288257825,1.9491149782,45.597
              117.3288240987,1.9491260046,45.008
              117.3288100561,1.9491624783,45
              117.3288083789,1.9492077140,45
              117.3288168131,1.9492303300,45
              117.3288482908,1.9492638262,45
              117.3289134888,1.9493033942,45
              117.3289314757,1.9493207780,45
              117.3289489104,1.9493886275,45
              117.3289607168,1.9494129392,45
              117.3289831990,1.9494273535,45
              117.3290141099,1.9494356877,45
              117.3290635732,1.9494797824,47
              117.3291186581,1.9495330644,49
              117.3291928566,1.9496177246,51.866
              117.3292490640,1.9496630902,55
              117.3293238213,1.9497312112,59.012
              117.3294075697,1.9497956550,64
              117.3294283685,1.9498229334,64.603
              117.3294390498,1.9498415909,64.723
              117.3294480458,1.9498634999,64.468
              117.3294491807,1.9499196198,61.572
              117.3294520009,1.9499723466,59
              117.3294643814,1.9500589980,55.457
              117.3295391755,1.9503159763,46.405
              117.3295521102,1.9503624813,45
              117.3295347060,1.9504515417,45
              117.3295588929,1.9505620806,45
              117.3295875639,1.9506119752,45
              117.3297426889,1.9506985985,45
              117.3298815235,1.9508226854,50.821
              117.3299579694,1.9509038111,53.404
            </coordinates>
          </LinearRing>
        </outerBoundaryIs>
      </Polygon>
    </Placemark>
  </Folder>
</Document>
</kml>
